-- phpMyAdmin SQL Dump
-- version 5.2.1
-- https://www.phpmyadmin.net/
--
-- Host: 127.0.0.1
-- Generation Time: Oct 14, 2025 at 06:09 AM
-- Server version: 10.4.32-MariaDB
-- PHP Version: 8.2.12

SET SQL_MODE = "NO_AUTO_VALUE_ON_ZERO";
START TRANSACTION;
SET time_zone = "+00:00";


/*!40101 SET @OLD_CHARACTER_SET_CLIENT=@@CHARACTER_SET_CLIENT */;
/*!40101 SET @OLD_CHARACTER_SET_RESULTS=@@CHARACTER_SET_RESULTS */;
/*!40101 SET @OLD_COLLATION_CONNECTION=@@COLLATION_CONNECTION */;
/*!40101 SET NAMES utf8mb4 */;

--
-- Database: `chitor_db`
--

-- --------------------------------------------------------

--
-- Table structure for table `class_subjects`
--

CREATE TABLE `class_subjects` (
  `Id` int(11) NOT NULL,
  `School_Id` int(11) DEFAULT NULL,
  `Class_Id` int(11) NOT NULL,
  `Subject_Id` int(11) NOT NULL,
  `Lock_Status` int(1) NOT NULL DEFAULT 0,
  `Total_Marks` int(3) NOT NULL DEFAULT 40,
  `Status` tinyint(1) NOT NULL DEFAULT 1
) ENGINE=InnoDB DEFAULT CHARSET=latin1 COLLATE=latin1_swedish_ci;

--
-- Dumping data for table `class_subjects`
--

INSERT INTO `class_subjects` (`Id`, `School_Id`, `Class_Id`, `Subject_Id`, `Lock_Status`, `Total_Marks`, `Status`) VALUES
(1, 1, 1, 1, 1, 100, 1),
(2, 1, 1, 2, 1, 100, 1),
(3, 1, 1, 3, 1, 100, 1),
(4, 1, 1, 4, 0, 100, 1),
(5, 1, 1, 9, 0, 100, 1),
(6, 1, 1, 10, 0, 100, 0),
(7, 1, 1, 11, 1, 100, 1),
(8, 1, 1, 12, 0, 100, 1),
(9, 1, 1, 13, 1, 100, 1),
(10, 1, 1, 14, 1, 100, 1),
(11, 1, 1, 15, 0, 100, 0),
(12, 1, 1, 17, 0, 100, 1),
(13, 1, 2, 1, 1, 100, 1),
(14, 1, 2, 2, 1, 100, 1),
(15, 1, 2, 3, 1, 100, 1),
(16, 1, 2, 4, 1, 100, 1),
(17, 1, 2, 9, 0, 100, 1),
(19, 1, 2, 11, 1, 100, 1),
(20, 1, 2, 12, 0, 100, 1),
(21, 1, 2, 13, 1, 100, 1),
(22, 1, 2, 14, 0, 100, 1),
(23, 1, 2, 15, 0, 100, 0),
(24, 1, 2, 17, 0, 100, 1),
(25, 1, 3, 1, 1, 100, 1),
(26, 1, 3, 2, 1, 100, 1),
(27, 1, 3, 3, 1, 100, 1),
(28, 1, 3, 4, 0, 80, 1),
(29, 1, 3, 9, 0, 100, 1),
(30, 1, 3, 11, 1, 100, 1),
(31, 1, 3, 12, 0, 100, 1),
(32, 1, 3, 13, 1, 100, 1),
(33, 1, 3, 14, 1, 100, 1),
(34, 1, 3, 15, 0, 100, 0),
(35, 1, 3, 17, 0, 100, 1),
(36, 1, 4, 1, 0, 100, 1),
(37, 1, 4, 2, 1, 100, 1),
(38, 1, 4, 3, 0, 100, 1),
(39, 1, 4, 4, 0, 100, 0),
(40, 1, 4, 9, 0, 100, 1),
(41, 1, 4, 11, 0, 100, 1),
(42, 1, 4, 12, 1, 100, 1),
(43, 1, 4, 13, 1, 100, 1),
(44, 1, 4, 14, 0, 100, 1),
(45, 1, 4, 15, 0, 100, 0),
(46, 1, 4, 17, 0, 100, 1),
(47, 1, 5, 1, 0, 100, 1),
(48, 1, 5, 2, 0, 100, 1),
(49, 1, 5, 3, 0, 100, 1),
(50, 1, 5, 4, 0, 100, 1),
(51, 1, 5, 5, 0, 100, 1),
(52, 1, 5, 7, 0, 100, 1),
(53, 1, 5, 8, 0, 100, 1),
(54, 1, 5, 6, 0, 100, 1),
(55, 1, 5, 14, 0, 100, 1),
(56, 1, 9, 1, 0, 100, 1),
(57, 1, 9, 2, 0, 100, 1),
(58, 1, 9, 3, 0, 100, 1),
(59, 1, 9, 11, 0, 100, 1),
(60, 1, 9, 13, 0, 100, 1),
(61, 1, 9, 4, 0, 100, 1),
(62, 1, 9, 9, 0, 100, 1),
(63, 1, 9, 14, 0, 100, 1),
(64, 1, 9, 12, 0, 100, 1),
(65, 1, 7, 1, 0, 100, 1),
(66, 1, 8, 1, 1, 100, 1),
(67, 1, 6, 14, 0, 100, 1),
(69, 1, 6, 1, 0, 100, 1),
(70, 1, 6, 2, 0, 100, 1),
(71, 1, 6, 3, 0, 100, 1),
(72, 1, 6, 4, 0, 100, 1),
(73, 1, 6, 5, 0, 100, 1),
(74, 1, 6, 11, 0, 100, 1),
(75, 1, 6, 16, 0, 100, 1),
(76, 1, 6, 12, 0, 100, 1),
(78, 1, 7, 4, 0, 100, 1),
(79, 1, 8, 4, 0, 100, 1),
(80, 1, 8, 2, 0, 100, 1),
(81, 1, 7, 2, 0, 100, 1),
(82, 1, 7, 7, 0, 100, 1),
(83, 1, 8, 7, 0, 100, 1),
(84, 1, 7, 8, 0, 100, 1),
(85, 1, 8, 8, 0, 100, 1),
(86, 1, 8, 3, 0, 100, 1),
(87, 1, 7, 3, 0, 100, 1),
(88, 1, 7, 6, 0, 100, 1),
(89, 1, 8, 6, 0, 100, 1),
(90, 1, 7, 14, 0, 100, 1),
(91, 1, 8, 14, 0, 100, 1),
(94, 1, 7, 5, 0, 100, 1),
(95, 1, 8, 5, 0, 100, 1),
(96, 1, 10, 1, 0, 100, 1),
(97, 5, 4, 2, 1, 100, 1),
(98, 3, 4, 2, 1, 100, 1),
(99, 2, 13, 2, 0, 100, 1),
(100, 4, 13, 2, 0, 100, 1),
(101, 3, 4, 3, 0, 100, 1),
(102, 5, 4, 3, 0, 100, 1),
(103, 2, 13, 12, 0, 100, 1),
(104, 4, 13, 12, 0, 100, 1),
(105, 3, 4, 13, 1, 100, 1),
(106, 5, 4, 13, 1, 100, 1),
(107, 2, 13, 11, 0, 100, 1),
(108, 4, 13, 11, 0, 100, 1),
(109, 3, 4, 1, 0, 100, 1),
(110, 5, 4, 1, 1, 100, 1),
(111, 3, 4, 15, 1, 100, 1),
(112, 2, 13, 10, 0, 100, 1),
(113, 4, 13, 10, 0, 100, 1),
(114, 3, 4, 9, 0, 100, 0),
(115, 5, 4, 9, 0, 100, 1),
(116, 2, 13, 1, 0, 100, 1),
(117, 4, 13, 1, 0, 100, 1),
(118, 3, 4, 11, 0, 100, 1),
(119, 5, 4, 11, 0, 100, 1),
(120, 2, 13, 4, 0, 100, 1),
(121, 4, 13, 4, 0, 100, 1),
(122, 3, 4, 14, 0, 100, 0),
(123, 5, 4, 14, 0, 100, 0),
(124, 3, 4, 17, 0, 100, 1),
(125, 2, 13, 3, 0, 100, 1),
(126, 4, 13, 3, 0, 100, 1),
(127, 3, 4, 4, 0, 100, 1),
(128, 5, 4, 4, 0, 100, 1),
(129, 5, 4, 16, 0, 100, 1),
(130, 6, 13, 1, 0, 100, 1),
(131, 6, 13, 2, 0, 100, 1),
(133, 6, 13, 3, 0, 100, 1),
(134, 6, 13, 10, 0, 100, 1),
(135, 6, 13, 12, 0, 100, 1),
(136, 6, 13, 4, 0, 100, 1),
(137, 6, 13, 11, 0, 100, 1),
(138, 2, 17, 1, 1, 100, 1),
(139, 2, 17, 2, 1, 100, 1),
(140, 2, 17, 3, 1, 100, 1),
(141, 2, 17, 12, 0, 100, 1),
(142, 2, 17, 4, 1, 100, 1),
(143, 2, 17, 10, 0, 100, 1),
(144, 2, 17, 11, 0, 100, 1),
(145, 4, 17, 1, 1, 100, 1),
(146, 4, 17, 2, 1, 100, 1),
(147, 4, 17, 3, 1, 100, 1),
(148, 4, 17, 4, 1, 100, 1),
(149, 4, 17, 5, 0, 100, 0),
(150, 4, 17, 11, 0, 100, 1),
(151, 4, 17, 12, 0, 100, 1),
(152, 4, 17, 10, 0, 100, 1),
(168, 1, 2, 19, 0, 100, 0),
(170, 4, 17, 16, 0, 50, 1),
(171, 7, 4, 1, 1, 100, 1),
(172, 7, 4, 2, 1, 100, 1),
(173, 7, 4, 3, 0, 100, 1),
(174, 7, 4, 11, 0, 100, 1),
(175, 6, 17, 3, 0, 100, 1),
(176, 6, 17, 1, 0, 100, 1),
(177, 6, 17, 2, 0, 100, 1),
(178, 6, 17, 11, 0, 100, 1),
(179, 7, 4, 13, 1, 100, 1),
(180, 6, 17, 10, 0, 100, 1),
(181, 7, 4, 14, 0, 100, 1),
(184, 7, 4, 12, 0, 100, 1),
(185, 6, 17, 12, 0, 100, 1),
(186, 7, 4, 4, 0, 100, 0),
(187, 6, 17, 4, 0, 100, 1),
(188, 7, 4, 9, 0, 100, 0),
(190, 2, 17, 16, 0, 50, 1);

-- --------------------------------------------------------

--
-- Table structure for table `employees`
--

CREATE TABLE `employees` (
  `Id` int(2) NOT NULL,
  `Personal_No` int(11) DEFAULT NULL,
  `Name` varchar(30) NOT NULL,
  `Father_Name` varchar(30) DEFAULT NULL,
  `Designation` varchar(20) DEFAULT NULL,
  `Mac_Address` varchar(17) DEFAULT NULL,
  `Mobile_No` varchar(12) DEFAULT NULL,
  `Status` int(2) NOT NULL DEFAULT 1
) ENGINE=InnoDB DEFAULT CHARSET=latin1 COLLATE=latin1_swedish_ci;

--
-- Dumping data for table `employees`
--

INSERT INTO `employees` (`Id`, `Personal_No`, `Name`, `Father_Name`, `Designation`, `Mac_Address`, `Mobile_No`, `Status`) VALUES
(1, NULL, 'Guest', 'Guest', 'Guest', NULL, NULL, 1),
(2, NULL, 'Waqas Ahmad', NULL, NULL, NULL, NULL, 1),
(4, 896855, 'Muhammad Sohail', 'Fazal Ghafar', 'Junior Clerk', NULL, NULL, 1),
(5, NULL, 'Rashid Ahmad', NULL, NULL, NULL, NULL, 1),
(6, NULL, 'Fazal Hadi', NULL, NULL, NULL, NULL, 1),
(7, NULL, 'Amir Zeb', NULL, NULL, NULL, NULL, 1),
(8, NULL, 'Hamayun', NULL, NULL, NULL, NULL, 1),
(9, NULL, 'Awranzeb', NULL, NULL, NULL, NULL, 1),
(10, NULL, 'Said Kamal', NULL, NULL, NULL, NULL, 1),
(11, NULL, 'Abdul Wali', NULL, NULL, NULL, NULL, 1),
(12, NULL, 'Badsha Mulk', NULL, NULL, NULL, NULL, 1),
(13, NULL, 'Usman', NULL, NULL, NULL, NULL, 1),
(14, NULL, 'Gawhar Ali', NULL, NULL, NULL, NULL, 1),
(15, NULL, 'Hazrat Umar', NULL, NULL, NULL, NULL, 1),
(16, NULL, 'Fazal Akbar', NULL, NULL, NULL, NULL, 1),
(17, NULL, 'Noor Ali Shah', NULL, NULL, NULL, NULL, 1),
(18, NULL, 'Suliman Khan', NULL, NULL, NULL, NULL, 1),
(19, NULL, 'Abdul Waris', NULL, NULL, NULL, NULL, 1),
(20, NULL, 'Muhammad Ayaz', NULL, NULL, NULL, NULL, 1),
(21, NULL, 'Badshah Khan', NULL, NULL, NULL, NULL, 1),
(22, NULL, 'Abdul Khabir', NULL, NULL, NULL, NULL, 1),
(23, NULL, 'Abdur Rahman', NULL, NULL, NULL, NULL, 1),
(24, NULL, 'Samiullah Jan', NULL, NULL, NULL, NULL, 1),
(25, NULL, 'Shahryar Shah', NULL, NULL, NULL, NULL, 1),
(26, NULL, 'admin', NULL, NULL, NULL, NULL, 1),
(27, NULL, 'Aziz Ur Rahman', NULL, NULL, NULL, NULL, 1),
(28, NULL, 'Nasrullah', NULL, NULL, NULL, NULL, 1);

-- --------------------------------------------------------

--
-- Table structure for table `exam_committee`
--

CREATE TABLE `exam_committee` (
  `Id` int(11) NOT NULL,
  `Member_Id` int(11) NOT NULL,
  `Status` int(11) NOT NULL DEFAULT 1
) ENGINE=InnoDB DEFAULT CHARSET=utf8mb4 COLLATE=utf8mb4_general_ci;

-- --------------------------------------------------------

--
-- Table structure for table `header_msgs`
--

CREATE TABLE `header_msgs` (
  `Id` int(11) NOT NULL,
  `Msg` varchar(700) NOT NULL,
  `Status` tinyint(4) NOT NULL DEFAULT 1
) ENGINE=InnoDB DEFAULT CHARSET=utf8mb4 COLLATE=utf8mb4_general_ci;

--
-- Dumping data for table `header_msgs`
--

INSERT INTO `header_msgs` (`Id`, `Msg`, `Status`) VALUES
(1, 'GHSS Chitor Swat', 1),
(2, 'GOVERNMENT HIGHER SECONDARY SCHOOL', 1),
(3, 'CHITOR DISTRICT SWAT', 1),
(4, '1st Semester Exam 2025', 1),
(5, 'First Semester Exam September  Session 2025', 1),
(6, 'Class wise report of First Semester Exam 2025', 1),
(7, 'Roll no slip 1st Semester Examination\n2025-26\nunder the auspices of Distt: exam committee Swat.', 1),
(8, '1st Semester', 1);

-- --------------------------------------------------------

--
-- Table structure for table `login`
--

CREATE TABLE `login` (
  `Id` int(11) NOT NULL,
  `Employee_Id` int(11) NOT NULL,
  `User_Name` varchar(30) NOT NULL,
  `Password` varchar(256) NOT NULL,
  `Status` int(11) NOT NULL DEFAULT 1
) ENGINE=InnoDB DEFAULT CHARSET=latin1 COLLATE=latin1_swedish_ci;

--
-- Dumping data for table `login`
--

INSERT INTO `login` (`Id`, `Employee_Id`, `User_Name`, `Password`, `Status`) VALUES
(1, 1, 'Guest', 'adb831a7fdd83dd1e2a309ce7591dff8', 1),
(2, 2, 'waqaskanju', '119e882fb3cee50d9272ba79822715f5', 1),
(4, 4, 'muhammad_sohail', '24f6d9c37df7c260f9b9a868c627c4c1', 1),
(5, 5, 'sarhan_khan', '25f9e794323b453885f5181f1b624d0b', 1),
(6, 6, 'fazal_hadi', 'cfa977023e7c458724e283999af8563d', 1),
(7, 7, 'amir_zeb', '25f9e794323b453885f5181f1b624d0b', 1),
(8, 8, 'Hamayun', '25f9e794323b453885f5181f1b624d0b', 1),
(9, 9, 'awrang_zeb', '25f9e794323b453885f5181f1b624d0b', 1),
(10, 10, 'said_kamal', '25f9e794323b453885f5181f1b624d0b', 1),
(11, 11, 'abdul_wali', '25f9e794323b453885f5181f1b624d0b', 1),
(12, 12, 'badshah_mulk', '25f9e794323b453885f5181f1b624d0b', 1),
(13, 13, 'usman', '25f9e794323b453885f5181f1b624d0b', 1),
(14, 14, 'gawhar_ali', '25f9e794323b453885f5181f1b624d0b', 1),
(15, 15, 'hazrat_umar', '657aeeadc57c6c812722dfa5404d2adb', 1),
(16, 16, 'fazal_akbar', '755b5cd7a9c9efdd0067006ecd14dc57', 1),
(17, 17, 'noor_ali_shah', '25f9e794323b453885f5181f1b624d0b', 1),
(18, 18, 'suliman_khan', 'd89ec2624b0b0857ee279b022d6af06e', 1),
(19, 19, 'abdul_waris', 'a2af1d616ffd01b27c21afb440dac490', 1),
(20, 20, 'muhammad_ayaz', '25d55ad283aa400af464c76d713c07ad', 1),
(21, 21, 'badshah_khan', '25f9e794323b453885f5181f1b624d0b', 1),
(22, 22, 'abdul_khabir', '25d55ad283aa400af464c76d713c07ad', 1),
(23, 23, 'abdur_rahman', '25d55ad283aa400af464c76d713c07ad', 1),
(24, 24, 'samiullah_jan', '25d55ad283aa400af464c76d713c07ad', 1),
(25, 25, 'shahryar_shah', '25f9e794323b453885f5181f1b624d0b', 1),
(26, 26, 'admin', '239be2367e6cf02adbfe9aedaaae9607', 1),
(27, 27, 'aziz_ur_rahman', '25d55ad283aa400af464c76d713c07ad', 1),
(28, 28, 'Nasrullah', '25d55ad283aa400af464c76d713c07ad', 1);

-- --------------------------------------------------------

--
-- Table structure for table `marks`
--

CREATE TABLE `marks` (
  `Serial_No` int(11) NOT NULL,
  `Roll_No` int(11) NOT NULL,
  `English_Marks` int(3) NOT NULL DEFAULT 0,
  `Urdu_Marks` int(3) NOT NULL DEFAULT 0,
  `Maths_Marks` int(3) NOT NULL DEFAULT 0,
  `Science_Marks` int(3) NOT NULL DEFAULT 0,
  `Hpe_Marks` int(3) NOT NULL DEFAULT 0,
  `Nazira_Marks` int(3) NOT NULL DEFAULT 0,
  `History_Marks` int(3) NOT NULL DEFAULT 0,
  `Geography_Marks` int(3) NOT NULL DEFAULT 0,
  `Drawing_Marks` int(3) NOT NULL DEFAULT 0,
  `Islamyat_Marks` int(3) NOT NULL DEFAULT 0,
  `Computer_Marks` int(3) NOT NULL DEFAULT 0,
  `Arabic_Marks` int(3) NOT NULL DEFAULT 0,
  `Mutalia_Marks` int(3) NOT NULL DEFAULT 0,
  `Qirat_Marks` int(3) NOT NULL DEFAULT 0,
  `Pashto_Marks` int(3) NOT NULL DEFAULT 0,
  `Social_Marks` int(3) NOT NULL DEFAULT 0,
  `Biology_Marks` int(3) NOT NULL DEFAULT 0,
  `Chemistry_Marks` int(3) NOT NULL DEFAULT 0,
  `Physics_Marks` int(3) NOT NULL DEFAULT 0,
  `Civics_Marks` int(3) NOT NULL DEFAULT 0,
  `Economics_Marks` int(3) NOT NULL DEFAULT 0,
  `Islamic_Study_Marks` int(3) NOT NULL DEFAULT 0,
  `Islamic_Education_Marks` int(3) NOT NULL DEFAULT 0,
  `Statistics_Marks` int(3) NOT NULL DEFAULT 0
) ENGINE=InnoDB DEFAULT CHARSET=latin1 COLLATE=latin1_swedish_ci;

--
-- Dumping data for table `marks`
--

INSERT INTO `marks` (`Serial_No`, `Roll_No`, `English_Marks`, `Urdu_Marks`, `Maths_Marks`, `Science_Marks`, `Hpe_Marks`, `Nazira_Marks`, `History_Marks`, `Geography_Marks`, `Drawing_Marks`, `Islamyat_Marks`, `Computer_Marks`, `Arabic_Marks`, `Mutalia_Marks`, `Qirat_Marks`, `Pashto_Marks`, `Social_Marks`, `Biology_Marks`, `Chemistry_Marks`, `Physics_Marks`, `Civics_Marks`, `Economics_Marks`, `Islamic_Study_Marks`, `Islamic_Education_Marks`, `Statistics_Marks`) VALUES
(1, 101, 30, 12, 25, 10, 0, 0, 10, 0, 45, 23, 26, 0, 0, 0, 0, 0, 0, 0, 0, 0, 0, 0, 0, 0),
(2, 102, 40, 39, 37, 56, 0, 0, 12, 0, 47, 29, 35, 0, 0, 0, 0, 0, 0, 0, 0, 0, 0, 0, 0, 0),
(3, 103, 45, 35, 27, 30, 0, 0, 22, 0, 57, 27, 51, 0, 0, 0, 0, 0, 0, 0, 0, 0, 0, 0, 0, 0),
(4, 104, 5, 10, 2, 0, 0, 0, 0, 0, 55, 2, 22, 0, 0, 0, 0, 0, 0, 0, 0, 0, 0, 0, 0, 0),
(5, 105, -1, 16, -1, -1, 0, 0, -1, 0, -1, -1, -1, 0, 0, 0, 0, 0, 0, 0, 0, 0, 0, 0, 0, 0),
(6, 106, 0, 25, 0, 0, 0, 0, 18, 0, 67, 6, 4, 0, 0, 0, 0, 0, 0, 0, 0, 0, 0, 0, 0, 0),
(7, 107, 30, 0, 27, 34, 0, 0, 15, 0, 70, 18, 37, 0, 0, 0, 0, 0, 0, 0, 0, 0, 0, 0, 0, 0),
(8, 108, 79, 40, 60, 82, 0, 0, 38, 0, 75, 55, 93, 0, 0, 0, 0, 0, 0, 0, 0, 0, 0, 0, 0, 0),
(9, 109, 40, 28, 33, 53, 0, 0, 57, 0, 65, 53, 75, 0, 0, 0, 0, 0, 0, 0, 0, 0, 0, 0, 0, 0),
(10, 110, 45, 33, 27, 48, 0, 0, 37, 0, 48, 37, 78, 0, 0, 0, 0, 0, 0, 0, 0, 0, 0, 0, 0, 0),
(11, 111, 45, 24, 53, 71, 0, 0, 8, 0, 50, 52, 17, 0, 0, 0, 0, 0, 0, 0, 0, 0, 0, 0, 0, 0),
(12, 112, -1, 38, 14, 36, 0, 0, 22, 0, 70, 22, 58, 0, 0, 0, 0, 0, 0, 0, 0, 0, 0, 0, 0, 0),
(13, 113, 66, 50, 40, 71, 0, 0, 50, 0, 55, 66, 78, 0, 0, 0, 0, 0, 0, 0, 0, 0, 0, 0, 0, 0),
(14, 114, 34, 20, 33, 43, 0, 0, 24, 0, 65, 23, 40, 0, 0, 0, 0, 0, 0, 0, 0, 0, 0, 0, 0, 0),
(15, 115, 30, 12, -1, 16, 0, 0, 8, 0, 45, 18, 26, 0, 0, 0, 0, 0, 0, 0, 0, 0, 0, 0, 0, 0),
(16, 116, 38, 25, 39, 34, 0, 0, 33, 0, 60, 31, 42, 0, 0, 0, 0, 0, 0, 0, 0, 0, 0, 0, 0, 0),
(17, 117, 70, 36, 13, 68, 0, 0, 50, 0, 72, 69, 60, 0, 0, 0, 0, 0, 0, 0, 0, 0, 0, 0, 0, 0),
(18, 118, 45, 26, 25, 84, 0, 0, 33, 0, 70, 62, 62, 0, 0, 0, 0, 0, 0, 0, 0, 0, 0, 0, 0, 0),
(19, 201, 75, 74, 96, 87, 60, 0, 44, 0, 0, 81, 0, 84, 0, 0, 0, 0, 0, 0, 0, 0, 0, 0, 0, 0),
(20, 202, 58, 35, 37, 28, 48, 0, 34, 0, 0, 63, 0, 40, 0, 0, 0, 0, 0, 0, 0, 0, 0, 0, 0, 0),
(21, 203, 42, 33, 38, 22, 40, 0, 26, 0, 0, 31, 0, 21, 0, 0, 0, 0, 0, 0, 0, 0, 0, 0, 0, 0),
(22, 204, 34, 18, 25, 16, 38, 0, 25, 0, 0, 34, 0, 21, 0, 0, 0, 0, 0, 0, 0, 0, 0, 0, 0, 0),
(23, 205, 37, 62, 45, 19, 52, 0, 41, 0, 0, 56, 0, 24, 0, 0, 0, 0, 0, 0, 0, 0, 0, 0, 0, 0),
(24, 206, 36, 50, 43, 44, 51, 0, 27, 0, 0, 56, 0, 10, 0, 0, 0, 0, 0, 0, 0, 0, 0, 0, 0, 0),
(25, 207, 25, 42, 40, 39, 54, 0, 38, 0, 0, 24, 0, 10, 0, 0, 0, 0, 0, 0, 0, 0, 0, 0, 0, 0),
(26, 208, 77, 80, 98, 88, 58, 0, 88, 0, 0, 78, 0, 94, 0, 0, 0, 0, 0, 0, 0, 0, 0, 0, 0, 0),
(27, 209, 75, 76, 24, 69, 70, 0, 62, 0, 0, 44, 0, 73, 0, 0, 0, 0, 0, 0, 0, 0, 0, 0, 0, 0),
(28, 210, 63, 34, 18, 46, 40, 0, 41, 0, 0, 44, 0, 80, 0, 0, 0, 0, 0, 0, 0, 0, 0, 0, 0, 0),
(29, 211, 46, 16, 44, 52, 40, 0, 40, 0, 0, 37, 0, 51, 0, 0, 0, 0, 0, 0, 0, 0, 0, 0, 0, 0),
(30, 212, 57, 73, 67, 60, 46, 0, 58, 0, 0, 51, 0, 62, 0, 0, 0, 0, 0, 0, 0, 0, 0, 0, 0, 0),
(31, 213, 62, 76, 39, 46, 42, 0, 57, 0, 0, 51, 0, 72, 0, 0, 0, 0, 0, 0, 0, 0, 0, 0, 0, 0),
(32, 214, 31, 56, 41, 22, 42, 0, 52, 0, 0, 50, 0, 33, 0, 0, 0, 0, 0, 0, 0, 0, 0, 0, 0, 0),
(33, 215, 41, 58, 50, 18, 39, 0, 28, 0, 0, 51, 0, 35, 0, 0, 0, 0, 0, 0, 0, 0, 0, 0, 0, 0),
(34, 216, 27, 49, 52, 50, 38, 0, 46, 0, 0, 46, 0, 56, 0, 0, 0, 0, 0, 0, 0, 0, 0, 0, 0, 0),
(35, 217, 40, 62, 53, 22, 45, 0, 34, 0, 0, 45, 0, 66, 0, 0, 0, 0, 0, 0, 0, 0, 0, 0, 0, 0),
(36, 218, 20, 44, 21, 23, 28, 0, 19, 0, 0, 47, 0, 30, 0, 0, 0, 0, 0, 0, 0, 0, 0, 0, 0, 0),
(37, 219, 21, 13, 24, 10, 33, 0, 16, 0, 0, 45, 0, 20, 0, 0, 0, 0, 0, 0, 0, 0, 0, 0, 0, 0),
(38, 220, 14, 6, 29, 17, 36, 0, 20, 0, 0, 32, 0, 14, 0, 0, 0, 0, 0, 0, 0, 0, 0, 0, 0, 0),
(39, 221, 45, 12, 38, 33, 37, 0, 33, 0, 0, 18, 0, 26, 0, 0, 0, 0, 0, 0, 0, 0, 0, 0, 0, 0),
(40, 222, 54, 39, 36, 34, 38, 0, 35, 0, 0, 57, 0, 40, 0, 0, 0, 0, 0, 0, 0, 0, 0, 0, 0, 0),
(41, 223, 38, 9, 26, 22, 33, 0, 25, 0, 0, 14, 0, 17, 0, 0, 0, 0, 0, 0, 0, 0, 0, 0, 0, 0),
(42, 224, 17, 19, 14, 24, 33, 0, 33, 0, 0, 14, 0, 15, 0, 0, 0, 0, 0, 0, 0, 0, 0, 0, 0, 0),
(43, 225, 12, 6, 12, 25, 15, 0, 35, 0, 0, 12, 0, 14, 0, 0, 0, 0, 0, 0, 0, 0, 0, 0, 0, 0),
(44, 226, 20, 6, 29, 19, 20, 0, 33, 0, 0, 17, 0, 20, 0, 0, 0, 0, 0, 0, 0, 0, 0, 0, 0, 0),
(45, 227, 25, 44, 23, 33, 42, 0, 36, 0, 0, 37, 0, 52, 0, 0, 0, 0, 0, 0, 0, 0, 0, 0, 0, 0),
(46, 228, 17, 15, 16, 38, 15, 0, 33, 0, 0, 14, 0, 25, 0, 0, 0, 0, 0, 0, 0, 0, 0, 0, 0, 0),
(47, 229, 11, 16, 16, 22, 18, 0, 34, 0, 0, 10, 0, 10, 0, 0, 0, 0, 0, 0, 0, 0, 0, 0, 0, 0),
(48, 230, 17, 5, 12, 37, 30, 0, 27, 0, 0, 13, 0, 12, 0, 0, 0, 0, 0, 0, 0, 0, 0, 0, 0, 0),
(49, 231, 20, 22, 15, 36, 20, 0, 27, 0, 0, 6, 0, 20, 0, 0, 0, 0, 0, 0, 0, 0, 0, 0, 0, 0),
(50, 232, 31, 18, 39, 36, 36, 0, 38, 0, 0, 35, 0, 25, 0, 0, 0, 0, 0, 0, 0, 0, 0, 0, 0, 0),
(51, 233, 28, 26, 27, 42, 45, 0, 33, 0, 0, 53, 0, 46, 0, 0, 0, 0, 0, 0, 0, 0, 0, 0, 0, 0),
(52, 234, 19, 11, 20, 36, 35, 0, 33, 0, 0, 27, 0, 21, 0, 0, 0, 0, 0, 0, 0, 0, 0, 0, 0, 0),
(53, 235, 25, 20, 47, 29, 30, 0, 22, 0, 0, 34, 0, 22, 0, 0, 0, 0, 0, 0, 0, 0, 0, 0, 0, 0),
(54, 236, 30, 25, 24, 16, 48, 0, 27, 0, 0, 21, 0, 17, 0, 0, 0, 0, 0, 0, 0, 0, 0, 0, 0, 0),
(55, 237, 42, 27, 39, 40, 42, 0, 47, 0, 0, 29, 0, 39, 0, 0, 0, 0, 0, 0, 0, 0, 0, 0, 0, 0),
(56, 238, 34, 19, 39, 38, 43, 0, 51, 0, 0, 47, 0, 50, 0, 0, 0, 0, 0, 0, 0, 0, 0, 0, 0, 0),
(57, 301, 14, 20, 0, 6, 0, 0, 15, 0, 0, 0, 0, 0, -1, 0, 55, 0, 0, 0, 0, 0, 0, 0, 0, 0),
(58, 302, 48, 41, 71, 61, 0, 0, 63, 0, 0, 0, 0, 0, 72, 0, 72, 0, 0, 0, 0, 0, 0, 0, 0, 0),
(59, 303, 33, 35, 26, 56, 0, 0, 19, 0, 0, 0, 0, 0, 56, 0, 58, 0, 0, 0, 0, 0, 0, 0, 0, 0),
(60, 304, 32, 35, 13, 56, 0, 0, 33, 0, 0, 0, 0, 0, 61, 0, 44, 0, 0, 0, 0, 0, 0, 0, 0, 0),
(61, 305, 22, 28, 15, 50, 0, 0, 6, 0, 0, 0, 0, 0, 41, 0, 37, 0, 0, 0, 0, 0, 0, 0, 0, 0),
(62, 306, 19, 38, 15, 56, 0, 0, 9, 0, 0, 0, 0, 0, 48, 0, 55, 0, 0, 0, 0, 0, 0, 0, 0, 0),
(63, 307, 28, 36, 17, 40, 0, 0, 16, 0, 0, 0, 0, 0, 51, 0, 53, 0, 0, 0, 0, 0, 0, 0, 0, 0),
(64, 308, 51, 33, 15, 60, 0, 0, 46, 0, 0, 0, 0, 0, 52, 0, 50, 0, 0, 0, 0, 0, 0, 0, 0, 0),
(65, 309, 40, 34, 24, 54, 0, 0, 37, 0, 0, 0, 0, 0, 56, 0, 67, 0, 0, 0, 0, 0, 0, 0, 0, 0),
(66, 310, 34, 38, 19, 54, 0, 0, 25, 0, 0, 0, 0, 0, 56, 0, 63, 0, 0, 0, 0, 0, 0, 0, 0, 0),
(67, 311, -1, 40, 14, -1, 0, 0, 22, 0, 0, 0, 0, 0, 57, 0, 60, 0, 0, 0, 0, 0, 0, 0, 0, 0),
(68, 312, 49, 47, 61, 69, 0, 0, 56, 0, 0, 0, 0, 0, 64, 0, 76, 0, 0, 0, 0, 0, 0, 0, 0, 0),
(69, 313, 40, 35, 25, 45, 0, 0, 56, 0, 0, 0, 0, 0, 59, 0, 37, 0, 0, 0, 0, 0, 0, 0, 0, 0),
(70, 314, 46, 43, -1, 8, 0, 0, 52, 0, 0, 0, 0, 0, 58, 0, 68, 0, 0, 0, 0, 0, 0, 0, 0, 0),
(71, 315, 20, 18, 12, 23, 0, 0, 24, 0, 0, 0, 0, 0, 58, 0, 47, 0, 0, 0, 0, 0, 0, 0, 0, 0),
(72, 316, 46, 45, 22, 50, 0, 0, 33, 0, 0, 0, 0, 0, 77, 0, 65, 0, 0, 0, 0, 0, 0, 0, 0, 0),
(73, 317, 48, 33, 6, 60, 0, 0, 33, 0, 0, 0, 0, 0, 35, 0, 54, 0, 0, 0, 0, 0, 0, 0, 0, 0),
(74, 318, 40, 44, 13, 39, 0, 0, 8, 0, 0, 0, 0, 0, 44, 0, 60, 0, 0, 0, 0, 0, 0, 0, 0, 0),
(75, 319, 31, 33, 13, 59, 0, 0, 34, 0, 0, 0, 0, 0, 58, 0, 63, 0, 0, 0, 0, 0, 0, 0, 0, 0),
(76, 320, 34, 36, -1, 60, 0, 0, 46, 0, 0, 0, 0, 0, 56, 0, 52, 0, 0, 0, 0, 0, 0, 0, 0, 0),
(77, 321, 53, 33, 13, 62, 0, 0, 25, 0, 0, 0, 0, 0, 56, 0, 65, 0, 0, 0, 0, 0, 0, 0, 0, 0),
(78, 322, 29, 21, 7, 22, 0, 0, 18, 0, 0, 0, 0, 0, 42, 0, 58, 0, 0, 0, 0, 0, 0, 0, 0, 0),
(79, 323, 28, 23, 19, 30, 0, 0, 22, 0, 0, 0, 0, 0, 57, 0, -1, 0, 0, 0, 0, 0, 0, 0, 0, 0),
(80, 324, 29, 26, -1, 16, 0, 0, 24, 0, 0, 0, 0, 0, 69, 0, -1, 0, 0, 0, 0, 0, 0, 0, 0, 0),
(81, 325, 30, 33, -1, 39, 0, 0, -1, 0, 0, 0, 0, 0, 49, 0, 62, 0, 0, 0, 0, 0, 0, 0, 0, 0),
(82, 326, 40, 34, 16, 41, 0, 0, 38, 0, 0, 0, 0, 0, 55, 0, 54, 0, 0, 0, 0, 0, 0, 0, 0, 0),
(83, 327, 29, 28, -1, 44, 0, 0, 33, 0, 0, 0, 0, 0, 49, 0, 44, 0, 0, 0, 0, 0, 0, 0, 0, 0),
(84, 328, 40, 38, 28, 68, 0, 0, 75, 0, 0, 0, 0, 0, 67, 0, 72, 0, 0, 0, 0, 0, 0, 0, 0, 0),
(85, 329, 38, 36, 16, 50, 0, 0, 33, 0, 0, 0, 0, 0, 64, 0, 58, 0, 0, 0, 0, 0, 0, 0, 0, 0),
(86, 2161, 0, 0, 0, 0, 0, 0, 0, 0, 0, 0, 0, 0, 0, 0, 0, 0, 0, 0, 0, 0, 0, 0, 0, 0),
(87, 2162, 0, 0, 0, 0, 0, 0, 0, 0, 0, 0, 0, 0, 0, 0, 0, 0, 0, 0, 0, 0, 0, 0, 0, 0),
(88, 2163, 0, 0, 0, 0, 0, 0, 0, 0, 0, 0, 0, 0, 0, 0, 0, 0, 0, 0, 0, 0, 0, 0, 0, 0),
(89, 2164, 0, 0, 0, 0, 0, 0, 0, 0, 0, 0, 0, 0, 0, 0, 0, 0, 0, 0, 0, 0, 0, 0, 0, 0),
(90, 2166, 0, 0, 0, 0, 0, 0, 0, 0, 0, 0, 0, 0, 0, 0, 0, 0, 0, 0, 0, 0, 0, 0, 0, 0),
(91, 2168, 0, 0, 0, 0, 0, 0, 0, 0, 0, 0, 0, 0, 0, 0, 0, 0, 0, 0, 0, 0, 0, 0, 0, 0),
(92, 2169, 0, 0, 0, 0, 0, 0, 0, 0, 0, 0, 0, 0, 0, 0, 0, 0, 0, 0, 0, 0, 0, 0, 0, 0),
(93, 2181, 0, 0, 0, 0, 0, 0, 0, 0, 0, 0, 0, 0, 0, 0, 0, 0, 0, 0, 0, 0, 0, 0, 0, 0),
(94, 2183, 0, 0, 0, 0, 0, 0, 0, 0, 0, 0, 0, 0, 0, 0, 0, 0, 0, 0, 0, 0, 0, 0, 0, 0),
(95, 2184, 0, 0, 0, 0, 0, 0, 0, 0, 0, 0, 0, 0, 0, 0, 0, 0, 0, 0, 0, 0, 0, 0, 0, 0),
(96, 2188, 0, 0, 0, 0, 0, 0, 0, 0, 0, 0, 0, 0, 0, 0, 0, 0, 0, 0, 0, 0, 0, 0, 0, 0),
(97, 2189, 0, 0, 0, 0, 0, 0, 0, 0, 0, 0, 0, 0, 0, 0, 0, 0, 0, 0, 0, 0, 0, 0, 0, 0),
(98, 2263, 0, 0, 0, 0, 0, 0, 0, 0, 0, 0, 0, 0, 0, 0, 0, 0, 0, 0, 0, 0, 0, 0, 0, 0),
(99, 2264, 0, 0, 0, 0, 0, 0, 0, 0, 0, 0, 0, 0, 0, 0, 0, 0, 0, 0, 0, 0, 0, 0, 0, 0),
(100, 2265, 0, 0, 0, 0, 0, 0, 0, 0, 0, 0, 0, 0, 0, 0, 0, 0, 0, 0, 0, 0, 0, 0, 0, 0),
(101, 2266, 0, 0, 0, 0, 0, 0, 0, 0, 0, 0, 0, 0, 0, 0, 0, 0, 0, 0, 0, 0, 0, 0, 0, 0),
(102, 2267, 0, 0, 0, 0, 0, 0, 0, 0, 0, 0, 0, 0, 0, 0, 0, 0, 0, 0, 0, 0, 0, 0, 0, 0),
(103, 2268, 0, 0, 0, 0, 0, 0, 0, 0, 0, 0, 0, 0, 0, 0, 0, 0, 0, 0, 0, 0, 0, 0, 0, 0),
(104, 2269, 12, 24, 2, 33, 0, 0, 26, 0, 0, 0, 23, 30, 34, 0, 34, 0, 0, 0, 0, 0, 0, 0, 0, 0),
(105, 2271, 0, 0, 0, 0, 0, 0, 0, 0, 0, 0, 0, 0, 0, 0, 0, 0, 0, 0, 0, 0, 0, 0, 0, 0),
(106, 2272, 0, 0, 0, 0, 0, 0, 0, 0, 0, 0, 0, 0, 0, 0, 0, 0, 0, 0, 0, 0, 0, 0, 0, 0),
(107, 2273, 0, 0, 0, 0, 0, 0, 0, 0, 0, 0, 0, 0, 0, 0, 0, 0, 0, 0, 0, 0, 0, 0, 0, 0),
(108, 2281, 0, 0, 0, 0, 0, 0, 0, 0, 0, 0, 0, 0, 0, 0, 0, 0, 0, 0, 0, 0, 0, 0, 0, 0),
(109, 2284, 0, 0, 0, 0, 0, 0, 0, 0, 0, 0, 0, 0, 0, 0, 0, 0, 0, 0, 0, 0, 0, 0, 0, 0),
(110, 2285, 0, 0, 0, 0, 0, 0, 0, 0, 0, 0, 0, 0, 0, 0, 0, 0, 0, 0, 0, 0, 0, 0, 0, 0),
(111, 2382, 0, 0, 0, 0, 0, 0, 0, 0, 0, 0, 0, 0, 0, 0, 0, 0, 0, 0, 0, 0, 0, 0, 0, 0),
(112, 21610, 0, 0, 0, 0, 0, 0, 0, 0, 0, 0, 0, 0, 0, 0, 0, 0, 0, 0, 0, 0, 0, 0, 0, 0),
(113, 21611, 0, 0, 0, 0, 0, 0, 0, 0, 0, 0, 0, 0, 0, 0, 0, 0, 0, 0, 0, 0, 0, 0, 0, 0),
(114, 21612, 0, 0, 0, 0, 0, 0, 0, 0, 0, 0, 0, 0, 0, 0, 0, 0, 0, 0, 0, 0, 0, 0, 0, 0),
(115, 21614, 0, 0, 0, 0, 0, 0, 0, 0, 0, 0, 0, 0, 0, 0, 0, 0, 0, 0, 0, 0, 0, 0, 0, 0),
(116, 21616, 0, 0, 0, 0, 0, 0, 0, 0, 0, 0, 0, 0, 0, 0, 0, 0, 0, 0, 0, 0, 0, 0, 0, 0),
(117, 21617, 36, 33, 12, 60, 0, 0, 52, 0, 0, 0, 48, 42, 48, 0, 33, 0, 0, 0, 0, 0, 0, 0, 0, 0),
(118, 21618, 0, 0, 0, 0, 0, 0, 0, 0, 0, 0, 0, 0, 0, 0, 0, 0, 0, 0, 0, 0, 0, 0, 0, 0),
(119, 21620, 0, 0, 0, 0, 0, 0, 0, 0, 0, 0, 0, 0, 0, 0, 0, 0, 0, 0, 0, 0, 0, 0, 0, 0),
(120, 21621, 0, 0, 0, 0, 0, 0, 0, 0, 0, 0, 0, 0, 0, 0, 0, 0, 0, 0, 0, 0, 0, 0, 0, 0),
(121, 21623, 0, 0, 0, 0, 0, 0, 0, 0, 0, 0, 0, 0, 0, 0, 0, 0, 0, 0, 0, 0, 0, 0, 0, 0),
(122, 21624, 0, 0, 0, 0, 0, 0, 0, 0, 0, 0, 0, 0, 0, 0, 0, 0, 0, 0, 0, 0, 0, 0, 0, 0),
(123, 21625, 0, 0, 0, 0, 0, 0, 0, 0, 0, 0, 0, 0, 0, 0, 0, 0, 0, 0, 0, 0, 0, 0, 0, 0),
(124, 21626, 0, 0, 0, 0, 0, 0, 0, 0, 0, 0, 0, 0, 0, 0, 0, 0, 0, 0, 0, 0, 0, 0, 0, 0),
(125, 21627, 0, 0, 0, 0, 0, 0, 0, 0, 0, 0, 0, 0, 0, 0, 0, 0, 0, 0, 0, 0, 0, 0, 0, 0),
(126, 21628, 0, 0, 0, 0, 0, 0, 0, 0, 0, 0, 0, 0, 0, 0, 0, 0, 0, 0, 0, 0, 0, 0, 0, 0),
(127, 21630, 0, 0, 0, 0, 0, 0, 0, 0, 0, 0, 0, 0, 0, 0, 0, 0, 0, 0, 0, 0, 0, 0, 0, 0),
(128, 21631, 0, 0, 0, 0, 0, 0, 0, 0, 0, 0, 0, 0, 0, 0, 0, 0, 0, 0, 0, 0, 0, 0, 0, 0),
(129, 21632, 0, 0, 0, 0, 0, 0, 0, 0, 0, 0, 0, 0, 0, 0, 0, 0, 0, 0, 0, 0, 0, 0, 0, 0),
(130, 21633, 24, 23, 4, 39, 0, 0, 25, 0, 0, 0, 39, 17, 38, 0, -1, 0, 0, 0, 0, 0, 0, 0, 0, 0),
(131, 21634, 0, 0, 0, 0, 0, 0, 0, 0, 0, 0, 0, 0, 0, 0, 0, 0, 0, 0, 0, 0, 0, 0, 0, 0),
(132, 21636, 0, 0, 0, 0, 0, 0, 0, 0, 0, 0, 0, 0, 0, 0, 0, 0, 0, 0, 0, 0, 0, 0, 0, 0),
(133, 21639, 0, 0, 0, 0, 0, 0, 0, 0, 0, 0, 0, 0, 0, 0, 0, 0, 0, 0, 0, 0, 0, 0, 0, 0),
(134, 21645, 0, 0, 0, 0, 0, 0, 0, 0, 0, 0, 0, 0, 0, 0, 0, 0, 0, 0, 0, 0, 0, 0, 0, 0),
(135, 21648, 0, 0, 0, 0, 0, 0, 0, 0, 0, 0, 0, 0, 0, 0, 0, 0, 0, 0, 0, 0, 0, 0, 0, 0),
(136, 21649, 0, 0, 0, 0, 0, 0, 0, 0, 0, 0, 0, 0, 0, 0, 0, 0, 0, 0, 0, 0, 0, 0, 0, 0),
(137, 21715, 0, 0, 0, 0, 0, 0, 0, 0, 0, 0, 0, 0, 0, 0, 0, 0, 0, 0, 0, 0, 0, 0, 0, 0),
(138, 21810, 0, 0, 0, 0, 0, 0, 0, 0, 0, 0, 0, 0, 0, 0, 0, 0, 0, 0, 0, 0, 0, 0, 0, 0),
(139, 21811, 0, 0, 0, 0, 0, 0, 0, 0, 0, 0, 0, 0, 0, 0, 0, 0, 0, 0, 0, 0, 0, 0, 0, 0),
(140, 21812, 0, 0, 0, 0, 0, 0, 0, 0, 0, 0, 0, 0, 0, 0, 0, 0, 0, 0, 0, 0, 0, 0, 0, 0),
(141, 21813, 0, 0, 0, 0, 0, 0, 0, 0, 0, 0, 0, 0, 0, 0, 0, 0, 0, 0, 0, 0, 0, 0, 0, 0),
(142, 21814, 0, 0, 0, 0, 0, 0, 0, 0, 0, 0, 0, 0, 0, 0, 0, 0, 0, 0, 0, 0, 0, 0, 0, 0),
(143, 21815, 0, 0, 0, 0, 0, 0, 0, 0, 0, 0, 0, 0, 0, 0, 0, 0, 0, 0, 0, 0, 0, 0, 0, 0),
(144, 21816, 0, 0, 0, 0, 0, 0, 0, 0, 0, 0, 0, 0, 0, 0, 0, 0, 0, 0, 0, 0, 0, 0, 0, 0),
(145, 21817, 0, 0, 0, 0, 0, 0, 0, 0, 0, 0, 0, 0, 0, 0, 0, 0, 0, 0, 0, 0, 0, 0, 0, 0),
(146, 21818, 0, 0, 0, 0, 0, 0, 0, 0, 0, 0, 0, 0, 0, 0, 0, 0, 0, 0, 0, 0, 0, 0, 0, 0),
(147, 21819, 0, 0, 0, 0, 0, 0, 0, 0, 0, 0, 0, 0, 0, 0, 0, 0, 0, 0, 0, 0, 0, 0, 0, 0),
(148, 21820, 0, 0, 0, 0, 0, 0, 0, 0, 0, 0, 0, 0, 0, 0, 0, 0, 0, 0, 0, 0, 0, 0, 0, 0),
(149, 21822, 0, 0, 0, 0, 0, 0, 0, 0, 0, 0, 0, 0, 0, 0, 0, 0, 0, 0, 0, 0, 0, 0, 0, 0),
(150, 21823, 0, 0, 0, 0, 0, 0, 0, 0, 0, 0, 0, 0, 0, 0, 0, 0, 0, 0, 0, 0, 0, 0, 0, 0),
(151, 21824, 0, 0, 0, 0, 0, 0, 0, 0, 0, 0, 0, 0, 0, 0, 0, 0, 0, 0, 0, 0, 0, 0, 0, 0),
(152, 21826, 0, 0, 0, 0, 0, 0, 0, 0, 0, 0, 0, 0, 0, 0, 0, 0, 0, 0, 0, 0, 0, 0, 0, 0),
(153, 21827, 0, 0, 0, 0, 0, 0, 0, 0, 0, 0, 0, 0, 0, 0, 0, 0, 0, 0, 0, 0, 0, 0, 0, 0),
(154, 21828, 0, 0, 0, 0, 0, 0, 0, 0, 0, 0, 0, 0, 0, 0, 0, 0, 0, 0, 0, 0, 0, 0, 0, 0),
(155, 21829, 0, 0, 0, 0, 0, 0, 0, 0, 0, 0, 0, 0, 0, 0, 0, 0, 0, 0, 0, 0, 0, 0, 0, 0),
(156, 21830, 0, 0, 0, 0, 0, 0, 0, 0, 0, 0, 0, 0, 0, 0, 0, 0, 0, 0, 0, 0, 0, 0, 0, 0),
(157, 21831, 0, 0, 0, 0, 0, 0, 0, 0, 0, 0, 0, 0, 0, 0, 0, 0, 0, 0, 0, 0, 0, 0, 0, 0),
(158, 21832, 0, 0, 0, 0, 0, 0, 0, 0, 0, 0, 0, 0, 0, 0, 0, 0, 0, 0, 0, 0, 0, 0, 0, 0),
(159, 21833, 0, 0, 0, 0, 0, 0, 0, 0, 0, 0, 0, 0, 0, 0, 0, 0, 0, 0, 0, 0, 0, 0, 0, 0),
(160, 21834, 0, 0, 0, 0, 0, 0, 0, 0, 0, 0, 0, 0, 0, 0, 0, 0, 0, 0, 0, 0, 0, 0, 0, 0),
(161, 21835, 0, 0, 0, 0, 0, 0, 0, 0, 0, 0, 0, 0, 0, 0, 0, 0, 0, 0, 0, 0, 0, 0, 0, 0),
(162, 21836, 0, 0, 0, 0, 0, 0, 0, 0, 0, 0, 0, 0, 0, 0, 0, 0, 0, 0, 0, 0, 0, 0, 0, 0),
(163, 21837, 0, 0, 0, 0, 0, 0, 0, 0, 0, 0, 0, 0, 0, 0, 0, 0, 0, 0, 0, 0, 0, 0, 0, 0),
(164, 21838, 0, 0, 0, 0, 0, 0, 0, 0, 0, 0, 0, 0, 0, 0, 0, 0, 0, 0, 0, 0, 0, 0, 0, 0),
(165, 21839, 0, 0, 0, 0, 0, 0, 0, 0, 0, 0, 0, 0, 0, 0, 0, 0, 0, 0, 0, 0, 0, 0, 0, 0),
(166, 21840, 0, 0, 0, 0, 0, 0, 0, 0, 0, 0, 0, 0, 0, 0, 0, 0, 0, 0, 0, 0, 0, 0, 0, 0),
(167, 21841, 0, 0, 0, 0, 0, 0, 0, 0, 0, 0, 0, 0, 0, 0, 0, 0, 0, 0, 0, 0, 0, 0, 0, 0),
(168, 22292, 0, 0, 0, 0, 0, 0, 0, 0, 0, 0, 0, 0, 0, 0, 0, 0, 0, 0, 0, 0, 0, 0, 0, 0),
(169, 22610, 0, 0, 0, 0, 0, 0, 0, 0, 0, 0, 0, 0, 0, 0, 0, 0, 0, 0, 0, 0, 0, 0, 0, 0),
(170, 22612, 22, 33, 4, 29, 0, 0, 34, 0, 0, 0, 27, 36, 36, 0, 41, 0, 0, 0, 0, 0, 0, 0, 0, 0),
(171, 22615, 0, 0, 0, 0, 0, 0, 0, 0, 0, 0, 0, 0, 0, 0, 0, 0, 0, 0, 0, 0, 0, 0, 0, 0),
(172, 22616, 0, 0, 0, 0, 0, 0, 0, 0, 0, 0, 0, 0, 0, 0, 0, 0, 0, 0, 0, 0, 0, 0, 0, 0),
(173, 22617, 0, 0, 0, 0, 0, 0, 0, 0, 0, 0, 0, 0, 0, 0, 0, 0, 0, 0, 0, 0, 0, 0, 0, 0),
(174, 22618, 0, 0, 0, 0, 0, 0, 0, 0, 0, 0, 0, 0, 0, 0, 0, 0, 0, 0, 0, 0, 0, 0, 0, 0),
(175, 22619, 0, 0, 0, 0, 0, 0, 0, 0, 0, 0, 0, 0, 0, 0, 0, 0, 0, 0, 0, 0, 0, 0, 0, 0),
(176, 22620, 0, 0, 0, 0, 0, 0, 0, 0, 0, 0, 0, 0, 0, 0, 0, 0, 0, 0, 0, 0, 0, 0, 0, 0),
(177, 22623, 21, 33, 28, 44, 0, 0, 37, 0, 0, 70, 29, 61, 40, 0, 50, 0, 0, 0, 0, 0, 0, 0, 0, 0),
(178, 22625, 0, 0, 0, 0, 0, 0, 0, 0, 0, 0, 0, 0, 0, 0, 0, 0, 0, 0, 0, 0, 0, 0, 0, 0),
(179, 22627, 22, 33, 4, 56, 0, 0, 47, 0, 0, 0, 53, 45, 44, 0, 22, 0, 0, 0, 0, 0, 0, 0, 0, 0),
(180, 22628, 30, 35, 33, 70, 0, 0, 33, 0, 0, 49, 39, 76, 39, 0, 81, 0, 0, 0, 0, 0, 0, 0, 0, 0),
(181, 22629, 22, 39, 5, 59, 0, 0, 55, 0, 0, 0, 64, 42, 39, 0, 54, 0, 0, 0, 0, 0, 0, 0, 0, 0),
(182, 22630, 0, 0, 0, 0, 0, 0, 0, 0, 0, 0, 0, 0, 0, 0, 0, 0, 0, 0, 0, 0, 0, 0, 0, 0),
(183, 22631, 14, 22, 62, 73, 0, 0, 47, 0, 0, 0, 54, 49, 44, 0, 34, 0, 0, 0, 0, 0, 0, 0, 0, 0),
(184, 22636, 0, 0, 0, 0, 0, 0, 0, 0, 0, 0, 0, 0, 0, 0, 0, 0, 0, 0, 0, 0, 0, 0, 0, 0),
(185, 22637, 0, 0, 0, 0, 0, 0, 0, 0, 0, 0, 0, 0, 0, 0, 0, 0, 0, 0, 0, 0, 0, 0, 0, 0),
(186, 22638, 0, 0, 0, 0, 0, 0, 0, 0, 0, 0, 0, 0, 0, 0, 0, 0, 0, 0, 0, 0, 0, 0, 0, 0),
(187, 22641, 0, 0, 0, 0, 0, 0, 0, 0, 0, 0, 0, 0, 0, 0, 0, 0, 0, 0, 0, 0, 0, 0, 0, 0),
(188, 22911, 0, 0, 0, 0, 0, 0, 0, 0, 0, 0, 0, 0, 0, 0, 0, 0, 0, 0, 0, 0, 0, 0, 0, 0),
(189, 22912, 0, 0, 0, 0, 0, 0, 0, 0, 0, 0, 0, 0, 0, 0, 0, 0, 0, 0, 0, 0, 0, 0, 0, 0),
(190, 22913, 0, 0, 0, 0, 0, 0, 0, 0, 0, 0, 0, 0, 0, 0, 0, 0, 0, 0, 0, 0, 0, 0, 0, 0),
(191, 22915, 0, 0, 0, 0, 0, 0, 0, 0, 0, 0, 0, 0, 0, 0, 0, 0, 0, 0, 0, 0, 0, 0, 0, 0),
(192, 22916, 0, 0, 0, 0, 0, 0, 0, 0, 0, 0, 0, 0, 0, 0, 0, 0, 0, 0, 0, 0, 0, 0, 0, 0),
(193, 22917, 0, 0, 0, 0, 0, 0, 0, 0, 0, 0, 0, 0, 0, 0, 0, 0, 0, 0, 0, 0, 0, 0, 0, 0),
(194, 22921, 0, 0, 0, 0, 0, 0, 0, 0, 0, 0, 0, 0, 0, 0, 0, 0, 0, 0, 0, 0, 0, 0, 0, 0),
(195, 22923, 0, 0, 0, 0, 0, 0, 0, 0, 0, 0, 0, 0, 0, 0, 0, 0, 0, 0, 0, 0, 0, 0, 0, 0),
(196, 22924, 0, 0, 0, 0, 0, 0, 0, 0, 0, 0, 0, 0, 0, 0, 0, 0, 0, 0, 0, 0, 0, 0, 0, 0),
(197, 22925, 0, 0, 0, 0, 0, 0, 0, 0, 0, 0, 0, 0, 0, 0, 0, 0, 0, 0, 0, 0, 0, 0, 0, 0),
(198, 22926, 0, 0, 0, 0, 0, 0, 0, 0, 0, 0, 0, 0, 0, 0, 0, 0, 0, 0, 0, 0, 0, 0, 0, 0),
(199, 22927, 0, 0, 0, 0, 0, 0, 0, 0, 0, 0, 0, 0, 0, 0, 0, 0, 0, 0, 0, 0, 0, 0, 0, 0),
(200, 22928, 0, 0, 0, 0, 0, 0, 0, 0, 0, 0, 0, 0, 0, 0, 0, 0, 0, 0, 0, 0, 0, 0, 0, 0),
(201, 22929, 0, 0, 0, 0, 0, 0, 0, 0, 0, 0, 0, 0, 0, 0, 0, 0, 0, 0, 0, 0, 0, 0, 0, 0),
(202, 23611, 45, 30, 57, 52, 0, 0, 33, 0, 0, 52, 51, 64, 38, 0, 45, 0, 0, 0, 0, 0, 0, 0, 0, 0),
(203, 23612, 35, 48, 12, 94, 0, 0, 60, 0, 0, 48, 23, 54, 46, 0, 66, 0, 0, 0, 0, 0, 0, 0, 0, 0),
(204, 23613, 50, 40, 41, 70, 0, 0, 43, 0, 0, 0, 65, 65, 52, 0, 66, 0, 0, 0, 0, 0, 0, 0, 0, 0),
(205, 23615, 69, 52, 62, 99, 0, 0, 52, 0, 0, 0, 84, 79, 100, 0, 87, 0, 0, 0, 0, 0, 0, 0, 0, 0),
(206, 23616, 23, 22, 45, 53, 0, 0, 26, 0, 0, 36, 12, 44, 30, 0, 34, 0, 0, 0, 0, 0, 0, 0, 0, 0),
(207, 23618, 47, 33, 66, 63, 0, 0, 45, 0, 0, 68, 47, 46, 41, 0, 64, 0, 0, 0, 0, 0, 0, 0, 0, 0),
(208, 23619, 36, 34, 52, 61, 0, 0, 59, 0, 0, 53, 34, 64, 34, 0, 50, 0, 0, 0, 0, 0, 0, 0, 0, 0),
(209, 23622, 23, 46, 55, 70, 0, 0, 44, 0, 0, 53, 53, 64, 56, 0, 59, 0, 0, 0, 0, 0, 0, 0, 0, 0),
(210, 23624, 42, 51, 55, 99, 0, 0, 55, 0, 0, 0, 85, 72, 79, 0, 76, 0, 0, 0, 0, 0, 0, 0, 0, 0),
(211, 23625, 52, 52, 33, 77, 0, 0, 74, 0, 0, 0, 67, 68, 69, 0, 80, 0, 0, 0, 0, 0, 0, 0, 0, 0),
(212, 23626, 42, 46, 18, 81, 0, 0, 63, 0, 0, 0, 50, 55, 36, 0, 72, 0, 0, 0, 0, 0, 0, 0, 0, 0),
(213, 23627, 40, 33, 21, 53, 0, 0, 61, 0, 0, 0, 54, 46, 38, 0, 58, 0, 0, 0, 0, 0, 0, 0, 0, 0),
(214, 23628, 33, 26, 58, 58, 0, 0, 31, 0, 0, 0, 56, 56, 27, 0, 44, 0, 0, 0, 0, 0, 0, 0, 0, 0),
(215, 23629, 28, 39, 65, 58, 0, 0, 34, 0, 0, 54, 44, 85, 36, 0, 66, 0, 0, 0, 0, 0, 0, 0, 0, 0),
(216, 23911, 0, 0, 0, 0, 0, 0, 0, 0, 0, 0, 0, 0, 0, 0, 0, 0, 0, 0, 0, 0, 0, 0, 0, 0),
(217, 23912, 0, 0, 0, 0, 0, 0, 0, 0, 0, 0, 0, 0, 0, 0, 0, 0, 0, 0, 0, 0, 0, 0, 0, 0),
(218, 23913, 0, 0, 0, 0, 0, 0, 0, 0, 0, 0, 0, 0, 0, 0, 0, 0, 0, 0, 0, 0, 0, 0, 0, 0),
(219, 23915, 0, 0, 0, 0, 0, 0, 0, 0, 0, 0, 0, 0, 0, 0, 0, 0, 0, 0, 0, 0, 0, 0, 0, 0),
(220, 23916, 0, 0, 0, 0, 0, 0, 0, 0, 0, 0, 0, 0, 0, 0, 0, 0, 0, 0, 0, 0, 0, 0, 0, 0),
(221, 23924, 0, 0, 0, 0, 0, 0, 0, 0, 0, 0, 0, 0, 0, 0, 0, 0, 0, 0, 0, 0, 0, 0, 0, 0),
(222, 23925, 0, 0, 0, 0, 0, 0, 0, 0, 0, 0, 0, 0, 0, 0, 0, 0, 0, 0, 0, 0, 0, 0, 0, 0),
(223, 217118, 0, 0, 0, 0, 0, 0, 0, 0, 0, 0, 0, 0, 0, 0, 0, 0, 0, 0, 0, 0, 0, 0, 0, 0),
(224, 217120, 0, 0, 0, 0, 0, 0, 0, 0, 0, 0, 0, 0, 0, 0, 0, 0, 0, 0, 0, 0, 0, 0, 0, 0),
(225, 217124, 0, 0, 0, 0, 0, 0, 0, 0, 0, 0, 0, 0, 0, 0, 0, 0, 0, 0, 0, 0, 0, 0, 0, 0),
(226, 217125, 0, 0, 0, 0, 0, 0, 0, 0, 0, 0, 0, 0, 0, 0, 0, 0, 0, 0, 0, 0, 0, 0, 0, 0),
(227, 217127, 0, 0, 0, 0, 0, 0, 0, 0, 0, 0, 0, 0, 0, 0, 0, 0, 0, 0, 0, 0, 0, 0, 0, 0),
(228, 217214, 0, 0, 0, 0, 0, 0, 0, 0, 0, 0, 0, 0, 0, 0, 0, 0, 0, 0, 0, 0, 0, 0, 0, 0),
(229, 217222, 0, 0, 0, 0, 0, 0, 0, 0, 0, 0, 0, 0, 0, 0, 0, 0, 0, 0, 0, 0, 0, 0, 0, 0),
(230, 217225, 0, 0, 0, 0, 0, 0, 0, 0, 0, 0, 0, 0, 0, 0, 0, 0, 0, 0, 0, 0, 0, 0, 0, 0),
(231, 217230, 0, 0, 0, 0, 0, 0, 0, 0, 0, 0, 0, 0, 0, 0, 0, 0, 0, 0, 0, 0, 0, 0, 0, 0),
(232, 217231, 0, 0, 0, 0, 0, 0, 0, 0, 0, 0, 0, 0, 0, 0, 0, 0, 0, 0, 0, 0, 0, 0, 0, 0),
(233, 217232, 0, 0, 0, 0, 0, 0, 0, 0, 0, 0, 0, 0, 0, 0, 0, 0, 0, 0, 0, 0, 0, 0, 0, 0),
(234, 221021, 0, 0, 0, 0, 0, 0, 0, 0, 0, 0, 0, 0, 0, 0, 0, 0, 0, 0, 0, 0, 0, 0, 0, 0),
(235, 221022, 0, 0, 0, 0, 0, 0, 0, 0, 0, 0, 0, 0, 0, 0, 0, 0, 0, 0, 0, 0, 0, 0, 0, 0),
(236, 229211, 0, 0, 0, 0, 0, 0, 0, 0, 0, 0, 0, 0, 0, 0, 0, 0, 0, 0, 0, 0, 0, 0, 0, 0),
(237, 229212, 0, 0, 0, 0, 0, 0, 0, 0, 0, 0, 0, 0, 0, 0, 0, 0, 0, 0, 0, 0, 0, 0, 0, 0),
(238, 229213, 0, 0, 0, 0, 0, 0, 0, 0, 0, 0, 0, 0, 0, 0, 0, 0, 0, 0, 0, 0, 0, 0, 0, 0),
(239, 229214, 0, 0, 0, 0, 0, 0, 0, 0, 0, 0, 0, 0, 0, 0, 0, 0, 0, 0, 0, 0, 0, 0, 0, 0),
(240, 229215, 0, 0, 0, 0, 0, 0, 0, 0, 0, 0, 0, 0, 0, 0, 0, 0, 0, 0, 0, 0, 0, 0, 0, 0),
(241, 229216, 0, 0, 0, 0, 0, 0, 0, 0, 0, 0, 0, 0, 0, 0, 0, 0, 0, 0, 0, 0, 0, 0, 0, 0),
(242, 229217, 0, 0, 0, 0, 0, 0, 0, 0, 0, 0, 0, 0, 0, 0, 0, 0, 0, 0, 0, 0, 0, 0, 0, 0),
(243, 229218, 0, 0, 0, 0, 0, 0, 0, 0, 0, 0, 0, 0, 0, 0, 0, 0, 0, 0, 0, 0, 0, 0, 0, 0),
(244, 229219, 0, 0, 0, 0, 0, 0, 0, 0, 0, 0, 0, 0, 0, 0, 0, 0, 0, 0, 0, 0, 0, 0, 0, 0),
(245, 229220, 0, 0, 0, 0, 0, 0, 0, 0, 0, 0, 0, 0, 0, 0, 0, 0, 0, 0, 0, 0, 0, 0, 0, 0),
(246, 229221, 0, 0, 0, 0, 0, 0, 0, 0, 0, 0, 0, 0, 0, 0, 0, 0, 0, 0, 0, 0, 0, 0, 0, 0),
(247, 229222, 0, 0, 0, 0, 0, 0, 0, 0, 0, 0, 0, 0, 0, 0, 0, 0, 0, 0, 0, 0, 0, 0, 0, 0),
(248, 229225, 0, 0, 0, 0, 0, 0, 0, 0, 0, 0, 0, 0, 0, 0, 0, 0, 0, 0, 0, 0, 0, 0, 0, 0),
(249, 229226, 0, 0, 0, 0, 0, 0, 0, 0, 0, 0, 0, 0, 0, 0, 0, 0, 0, 0, 0, 0, 0, 0, 0, 0),
(250, 229227, 0, 0, 0, 0, 0, 0, 0, 0, 0, 0, 0, 0, 0, 0, 0, 0, 0, 0, 0, 0, 0, 0, 0, 0),
(251, 229228, 0, 0, 0, 0, 0, 0, 0, 0, 0, 0, 0, 0, 0, 0, 0, 0, 0, 0, 0, 0, 0, 0, 0, 0),
(252, 229229, 0, 0, 0, 0, 0, 0, 0, 0, 0, 0, 0, 0, 0, 0, 0, 0, 0, 0, 0, 0, 0, 0, 0, 0),
(253, 229230, 0, 0, 0, 0, 0, 0, 0, 0, 0, 0, 0, 0, 0, 0, 0, 0, 0, 0, 0, 0, 0, 0, 0, 0),
(254, 229231, 0, 0, 0, 0, 0, 0, 0, 0, 0, 0, 0, 0, 0, 0, 0, 0, 0, 0, 0, 0, 0, 0, 0, 0),
(255, 229232, 0, 0, 0, 0, 0, 0, 0, 0, 0, 0, 0, 0, 0, 0, 0, 0, 0, 0, 0, 0, 0, 0, 0, 0),
(256, 229233, 0, 0, 0, 0, 0, 0, 0, 0, 0, 0, 0, 0, 0, 0, 0, 0, 0, 0, 0, 0, 0, 0, 0, 0),
(257, 229235, 0, 0, 0, 0, 0, 0, 0, 0, 0, 0, 0, 0, 0, 0, 0, 0, 0, 0, 0, 0, 0, 0, 0, 0),
(258, 229238, 0, 0, 0, 0, 0, 0, 0, 0, 0, 0, 0, 0, 0, 0, 0, 0, 0, 0, 0, 0, 0, 0, 0, 0),
(259, 236110, 39, 49, 64, 78, 0, 0, 42, 0, 0, 67, 9, 64, 36, 0, 69, 0, 0, 0, 0, 0, 0, 0, 0, 0),
(260, 236111, 61, 27, 34, 44, 0, 0, 12, 0, 0, 35, 30, 72, 30, 0, 55, 0, 0, 0, 0, 0, 0, 0, 0, 0),
(261, 236112, 43, 50, 58, 66, 0, 0, 55, 0, 0, 0, 55, 50, 53, 0, 80, 0, 0, 0, 0, 0, 0, 0, 0, 0),
(262, 236113, 62, 57, 43, 81, 0, 0, 70, 0, 0, 0, 82, 70, 84, 0, 72, 0, 0, 0, 0, 0, 0, 0, 0, 0),
(263, 236114, 41, 16, 30, 42, 0, 0, 33, 0, 0, 37, 37, 25, 16, 0, 29, 0, 0, 0, 0, 0, 0, 0, 0, 0),
(264, 236117, 34, 44, 10, 46, 0, 0, 37, 0, 0, 0, 32, 47, 35, 0, 62, 0, 0, 0, 0, 0, 0, 0, 0, 0),
(265, 236119, 40, 52, 56, 76, 0, 0, 49, 0, 0, 0, 31, 54, 49, 0, 82, 0, 0, 0, 0, 0, 0, 0, 0, 0),
(266, 236122, 46, 45, 33, 76, 0, 0, 70, 0, 0, 0, 32, 53, 54, 0, 60, 0, 0, 0, 0, 0, 0, 0, 0, 0),
(267, 236123, 50, 42, 18, 62, 0, 0, 58, 0, 0, 0, 55, 69, 54, 0, 66, 0, 0, 0, 0, 0, 0, 0, 0, 0),
(268, 236125, 49, 35, 69, 58, 0, 0, 34, 0, 0, 51, 44, 50, 38, 0, 27, 0, 0, 0, 0, 0, 0, 0, 0, 0),
(269, 236126, 40, 44, 28, 56, 0, 0, 51, 0, 0, 0, 35, 43, 55, 0, 76, 0, 0, 0, 0, 0, 0, 0, 0, 0),
(270, 236127, 62, 56, 66, 94, 0, 0, 73, 0, 0, 0, 62, 57, 98, 0, 84, 0, 0, 0, 0, 0, 0, 0, 0, 0),
(271, 236128, 45, 35, 22, 70, 0, 0, 41, 0, 0, 0, 30, 13, 26, 0, 54, 0, 0, 0, 0, 0, 0, 0, 0, 0),
(272, 236129, 43, 40, 31, 88, 0, 0, 56, 0, 0, 0, 55, 58, 59, 0, 72, 0, 0, 0, 0, 0, 0, 0, 0, 0),
(273, 236130, 47, 49, 25, 87, 0, 0, 51, 0, 0, 0, 49, 67, 48, 0, 62, 0, 0, 0, 0, 0, 0, 0, 0, 0),
(274, 236131, 56, 30, 28, 44, 0, 0, -1, 0, 0, 56, 51, 46, 34, 0, 56, 0, 0, 0, 0, 0, 0, 0, 0, 0),
(275, 236139, 20, 26, 28, 76, 0, 0, 41, 0, 0, 0, 43, 19, 22, 0, 54, 0, 0, 0, 0, 0, 0, 0, 0, 0),
(276, 236141, 48, 49, 39, 91, 0, 0, 64, 0, 0, 0, 67, 66, 54, 0, 74, 0, 0, 0, 0, 0, 0, 0, 0, 0),
(277, 236143, 52, 38, 28, 88, 0, 0, 54, 0, 0, 0, 64, 47, 47, 0, 72, 0, 0, 0, 0, 0, 0, 0, 0, 0),
(278, 236210, -1, -1, -1, -1, 0, 0, -1, 0, 0, -1, -1, -1, -1, 0, -1, 0, 0, 0, 0, 0, 0, 0, 0, 0),
(279, 236211, 80, 56, 55, 95, 0, 0, 79, 0, 0, 0, 74, 61, 96, 0, 76, 0, 0, 0, 0, 0, 0, 0, 0, 0),
(280, 236212, 46, 42, 22, 62, 0, 0, 38, 0, 0, 0, 35, 48, 48, 0, 76, 0, 0, 0, 0, 0, 0, 0, 0, 0),
(281, 236213, 92, 65, 75, 98, 0, 0, 93, 0, 0, 0, 85, 90, 100, 0, 93, 0, 0, 0, 0, 0, 0, 0, 0, 0),
(282, 236214, 61, 28, 47, 67, 0, 0, 10, 0, 0, 35, 34, 30, 24, 0, 62, 0, 0, 0, 0, 0, 0, 0, 0, 0),
(283, 236215, 74, 36, 73, 46, 0, 0, 47, 0, 0, 50, 53, 67, 44, 0, 59, 0, 0, 0, 0, 0, 0, 0, 0, 0),
(284, 236221, 30, 54, 29, 63, 0, 0, 68, 0, 0, 0, 41, 43, 53, 0, 79, 0, 0, 0, 0, 0, 0, 0, 0, 0),
(285, 236222, 46, 20, 40, 18, 0, 0, 33, 0, 0, 64, 47, 64, 41, 0, 57, 0, 0, 0, 0, 0, 0, 0, 0, 0),
(286, 236223, 80, 40, 62, 42, 0, 0, 40, 0, 0, 46, 26, 76, 24, 0, 72, 0, 0, 0, 0, 0, 0, 0, 0, 0),
(287, 236225, 44, 33, 18, 79, 0, 0, 82, 0, 0, 0, 61, 56, 36, 0, 42, 0, 0, 0, 0, 0, 0, 0, 0, 0),
(288, 236227, 45, 52, 20, 66, 0, 0, 48, 0, 0, 0, 60, 71, 58, 0, 84, 0, 0, 0, 0, 0, 0, 0, 0, 0),
(289, 236228, 34, 34, 27, 49, 0, 0, 56, 0, 0, 0, 60, 66, 30, 0, 57, 0, 0, 0, 0, 0, 0, 0, 0, 0),
(290, 236230, 63, 54, 65, 48, 0, 0, 40, 0, 0, 39, 38, 49, 22, 0, 62, 0, 0, 0, 0, 0, 0, 0, 0, 0),
(291, 236231, 21, 33, 33, 46, 0, 0, 58, 0, 0, 0, 44, 5, 27, 0, 31, 0, 0, 0, 0, 0, 0, 0, 0, 0),
(292, 236233, 41, 52, 31, 66, 0, 0, 66, 0, 0, 0, 59, 67, 58, 0, 83, 0, 0, 0, 0, 0, 0, 0, 0, 0),
(293, 236234, 69, 51, 58, 43, 0, 0, 29, 0, 0, 53, 71, 71, 33, 0, 39, 0, 0, 0, 0, 0, 0, 0, 0, 0),
(294, 236235, 51, 50, 35, 63, 0, 0, 87, 0, 0, 0, 56, 50, 50, 0, 74, 0, 0, 0, 0, 0, 0, 0, 0, 0),
(295, 236236, 69, 40, 30, 71, 0, 0, 20, 0, 0, 43, 44, 46, 40, 0, 44, 0, 0, 0, 0, 0, 0, 0, 0, 0),
(296, 239111, 0, 0, 0, 0, 0, 0, 0, 0, 0, 0, 0, 0, 0, 0, 0, 0, 0, 0, 0, 0, 0, 0, 0, 0),
(297, 239114, 0, 0, 0, 0, 0, 0, 0, 0, 0, 0, 0, 0, 0, 0, 0, 0, 0, 0, 0, 0, 0, 0, 0, 0),
(298, 239115, 0, 0, 0, 0, 0, 0, 0, 0, 0, 0, 0, 0, 0, 0, 0, 0, 0, 0, 0, 0, 0, 0, 0, 0),
(299, 239116, 0, 0, 0, 0, 0, 0, 0, 0, 0, 0, 0, 0, 0, 0, 0, 0, 0, 0, 0, 0, 0, 0, 0, 0),
(300, 239118, 0, 0, 0, 0, 0, 0, 0, 0, 0, 0, 0, 0, 0, 0, 0, 0, 0, 0, 0, 0, 0, 0, 0, 0),
(301, 239134, 0, 0, 0, 0, 0, 0, 0, 0, 0, 0, 0, 0, 0, 0, 0, 0, 0, 0, 0, 0, 0, 0, 0, 0),
(302, 239135, 0, 0, 0, 0, 0, 0, 0, 0, 0, 0, 0, 0, 0, 0, 0, 0, 0, 0, 0, 0, 0, 0, 0, 0),
(303, 239137, 0, 0, 0, 0, 0, 0, 0, 0, 0, 0, 0, 0, 0, 0, 0, 0, 0, 0, 0, 0, 0, 0, 0, 0),
(304, 239139, 0, 0, 0, 0, 0, 0, 0, 0, 0, 0, 0, 0, 0, 0, 0, 0, 0, 0, 0, 0, 0, 0, 0, 0),
(305, 239144, 0, 0, 0, 0, 0, 0, 0, 0, 0, 0, 0, 0, 0, 0, 0, 0, 0, 0, 0, 0, 0, 0, 0, 0),
(306, 239146, 0, 0, 0, 0, 0, 0, 0, 0, 0, 0, 0, 0, 0, 0, 0, 0, 0, 0, 0, 0, 0, 0, 0, 0),
(307, 239149, 0, 0, 0, 0, 0, 0, 0, 0, 0, 0, 0, 0, 0, 0, 0, 0, 0, 0, 0, 0, 0, 0, 0, 0),
(308, 239152, 0, 0, 0, 0, 0, 0, 0, 0, 0, 0, 0, 0, 0, 0, 0, 0, 0, 0, 0, 0, 0, 0, 0, 0),
(309, 239154, 0, 0, 0, 0, 0, 0, 0, 0, 0, 0, 0, 0, 0, 0, 0, 0, 0, 0, 0, 0, 0, 0, 0, 0),
(310, 239156, 0, 0, 0, 0, 0, 0, 0, 0, 0, 0, 0, 0, 0, 0, 0, 0, 0, 0, 0, 0, 0, 0, 0, 0),
(311, 239210, 0, 0, 0, 0, 0, 0, 0, 0, 0, 0, 0, 0, 0, 0, 0, 0, 0, 0, 0, 0, 0, 0, 0, 0),
(312, 239215, 0, 0, 0, 0, 0, 0, 0, 0, 0, 0, 0, 0, 0, 0, 0, 0, 0, 0, 0, 0, 0, 0, 0, 0),
(313, 239222, 0, 0, 0, 0, 0, 0, 0, 0, 0, 0, 0, 0, 0, 0, 0, 0, 0, 0, 0, 0, 0, 0, 0, 0),
(314, 239224, 0, 0, 0, 0, 0, 0, 0, 0, 0, 0, 0, 0, 0, 0, 0, 0, 0, 0, 0, 0, 0, 0, 0, 0),
(315, 239225, 0, 0, 0, 0, 0, 0, 0, 0, 0, 0, 0, 0, 0, 0, 0, 0, 0, 0, 0, 0, 0, 0, 0, 0),
(316, 239226, 0, 0, 0, 0, 0, 0, 0, 0, 0, 0, 0, 0, 0, 0, 0, 0, 0, 0, 0, 0, 0, 0, 0, 0),
(317, 239228, 0, 0, 0, 0, 0, 0, 0, 0, 0, 0, 0, 0, 0, 0, 0, 0, 0, 0, 0, 0, 0, 0, 0, 0),
(318, 239229, 0, 0, 0, 0, 0, 0, 0, 0, 0, 0, 0, 0, 0, 0, 0, 0, 0, 0, 0, 0, 0, 0, 0, 0),
(319, 239232, 0, 0, 0, 0, 0, 0, 0, 0, 0, 0, 0, 0, 0, 0, 0, 0, 0, 0, 0, 0, 0, 0, 0, 0),
(320, 239234, 0, 0, 0, 0, 0, 0, 0, 0, 0, 0, 0, 0, 0, 0, 0, 0, 0, 0, 0, 0, 0, 0, 0, 0),
(321, 239236, 0, 0, 0, 0, 0, 0, 0, 0, 0, 0, 0, 0, 0, 0, 0, 0, 0, 0, 0, 0, 0, 0, 0, 0),
(322, 241001, 0, 0, 0, 0, 0, 0, 0, 0, 0, 0, 0, 0, 0, 0, 0, 0, 0, 0, 0, 0, 0, 0, 0, 0),
(323, 246101, 80, 66, 64, 89, 0, 0, 60, 0, 0, 75, 31, 88, 54, 0, 65, 0, 0, 0, 0, 0, 0, 0, 0, 0),
(324, 246102, 42, 66, 46, 46, 0, 0, 35, 0, 0, 63, 85, 86, 46, 0, 58, 0, 0, 0, 0, 0, 0, 0, 0, 0),
(325, 246104, 64, 62, 78, 36, 0, 0, 37, 0, 0, 46, 68, 73, 44, 0, 64, 0, 0, 0, 0, 0, 0, 0, 0, 0),
(326, 246106, 77, 73, 88, 84, 0, 0, 69, 0, 0, 85, 65, 82, 84, 0, 62, 0, 0, 0, 0, 0, 0, 0, 0, 0),
(327, 246201, 85, 64, 40, 36, 0, 0, 52, 0, 0, 67, 61, 99, 68, 0, 82, 0, 0, 0, 0, 0, 0, 0, 0, 0),
(328, 246202, 78, 68, 63, 84, 0, 0, 40, 0, 0, 78, 64, 78, 85, 0, 72, 0, 0, 0, 0, 0, 0, 0, 0, 0),
(329, 246203, 81, 82, 82, 98, 0, 0, 57, 0, 0, 88, 76, 87, 61, 0, 69, 0, 0, 0, 0, 0, 0, 0, 0, 0),
(330, 246204, 61, 51, 62, 40, 0, 0, 35, 0, 0, 63, 56, 70, 38, 0, 44, 0, 0, 0, 0, 0, 0, 0, 0, 0),
(331, 246205, 91, 82, 98, 98, 0, 0, 64, 0, 0, 88, 80, 99, 97, 0, 90, 0, 0, 0, 0, 0, 0, 0, 0, 0),
(332, 246206, 67, 57, 92, 65, 0, 0, 35, 0, 0, 85, 40, 89, 54, 0, 86, 0, 0, 0, 0, 0, 0, 0, 0, 0),
(333, 246207, 11, 14, 6, 41, 0, 0, 17, 0, 0, 24, 12, 29, 12, 0, 12, 0, 0, 0, 0, 0, 0, 0, 0, 0),
(334, 246208, 84, 64, 86, 95, 0, 0, 33, 0, 0, 34, 93, 92, 30, 0, 66, 0, 0, 0, 0, 0, 0, 0, 0, 0),
(335, 246209, 86, 63, 67, 94, 0, 0, 43, 0, 0, 72, 58, 92, 54, 0, 74, 0, 0, 0, 0, 0, 0, 0, 0, 0),
(336, 246210, 83, 68, 88, 36, 0, 0, 52, 0, 0, 50, 87, 97, 70, 0, 81, 0, 0, 0, 0, 0, 0, 0, 0, 0),
(337, 246211, 95, 93, 81, 98, 0, 0, 96, 0, 0, 80, 94, 90, 86, 0, 89, 0, 0, 0, 0, 0, 0, 0, 0, 0),
(338, 246212, 96, 63, 82, 96, 0, 0, 62, 0, 0, 82, 72, 90, 90, 0, 63, 0, 0, 0, 0, 0, 0, 0, 0, 0),
(339, 246213, 52, 54, 53, 49, 0, 0, 22, 0, 0, 52, 49, 56, 39, 0, 48, 0, 0, 0, 0, 0, 0, 0, 0, 0),
(340, 246214, 85, 78, 82, 74, 0, 0, 33, 0, 0, 69, 52, 85, 65, 0, 77, 0, 0, 0, 0, 0, 0, 0, 0, 0),
(341, 246215, 79, 76, 55, 79, 0, 0, 74, 0, 0, 67, 67, 81, 68, 0, 81, 0, 0, 0, 0, 0, 0, 0, 0, 0),
(342, 246216, 76, 69, 53, 73, 0, 0, 50, 0, 0, 70, 54, 76, 64, 0, 66, 0, 0, 0, 0, 0, 0, 0, 0, 0),
(343, 246218, 93, 72, 80, 54, 0, 0, 64, 0, 0, 64, 82, 81, 56, 0, 70, 0, 0, 0, 0, 0, 0, 0, 0, 0),
(344, 246219, 13, 21, 53, 47, 0, 0, 24, 0, 0, 13, 19, -1, 33, 0, 12, 0, 0, 0, 0, 0, 0, 0, 0, 0),
(345, 246220, 27, 44, 74, 23, 0, 0, 34, 0, 0, 29, 38, 79, 39, 0, 82, 0, 0, 0, 0, 0, 0, 0, 0, 0),
(346, 246221, 44, 66, 33, 32, 0, 0, 26, 0, 0, 63, 69, 74, 52, 0, 50, 0, 0, 0, 0, 0, 0, 0, 0, 0),
(347, 246222, 76, 84, 94, 63, 0, 0, 59, 0, 0, 50, 61, 89, 77, 0, 72, 0, 0, 0, 0, 0, 0, 0, 0, 0),
(348, 246224, 34, 47, 86, 40, 0, 0, 26, 0, 0, 44, 47, 50, 46, 0, 63, 0, 0, 0, 0, 0, 0, 0, 0, 0),
(349, 246225, 34, 86, 86, 73, 0, 0, 68, 0, 0, 56, 90, 85, 64, 0, 76, 0, 0, 0, 0, 0, 0, 0, 0, 0),
(350, 246226, 28, 56, 62, 60, 0, 0, 26, 0, 0, 40, 72, 72, 34, 0, 46, 0, 0, 0, 0, 0, 0, 0, 0, 0),
(351, 246227, 20, 46, 54, 44, 0, 0, 34, 0, 0, 45, 58, 65, 58, 0, 27, 0, 0, 0, 0, 0, 0, 0, 0, 0),
(352, 246229, 28, 74, 74, 40, 0, 0, 71, 0, 0, 85, 49, 61, 90, 0, 56, 0, 0, 0, 0, 0, 0, 0, 0, 0),
(353, 246230, 17, 36, 51, 53, 0, 0, 58, 0, 0, 64, 72, 65, 64, 0, 62, 0, 0, 0, 0, 0, 0, 0, 0, 0),
(354, 246231, 27, -1, 30, 44, 0, 0, 39, 0, 0, 28, 40, 96, 35, 0, 49, 0, 0, 0, 0, 0, 0, 0, 0, 0),
(355, 246232, 15, 56, 37, 43, 0, 0, 29, 0, 0, 48, 38, 67, 41, 0, 71, 0, 0, 0, 0, 0, 0, 0, 0, 0),
(356, 246233, 47, 51, 82, 60, 0, 0, 51, 0, 0, 68, 61, 80, 59, 0, 67, 0, 0, 0, 0, 0, 0, 0, 0, 0),
(357, 246234, 10, 12, 26, 33, 0, 0, -1, 0, 0, 12, 4, 63, 37, 0, 10, 0, 0, 0, 0, 0, 0, 0, 0, 0),
(358, 247101, 38, 36, 16, 40, 0, 0, 49, 0, 0, 0, 36, 57, 38, 0, 53, 0, 0, 0, 0, 0, 0, 0, 0, 0),
(359, 247103, 36, 46, 54, 52, 0, 0, 42, 0, 0, 60, 56, 65, 42, 0, 77, 0, 0, 0, 0, 0, 0, 0, 0, 0),
(360, 247104, 18, 43, 71, 42, 0, 0, 45, 0, 0, 43, 72, 71, 43, 0, 78, 0, 0, 0, 0, 0, 0, 0, 0, 0),
(361, 247106, 75, 62, 76, 53, 0, 0, 33, 0, 0, 56, 60, 76, 48, 0, 78, 0, 0, 0, 0, 0, 0, 0, 0, 0),
(362, 248101, 0, 0, 0, 0, 0, 0, 0, 0, 0, 0, 0, 0, 0, 0, 0, 0, 0, 0, 0, 0, 0, 0, 0, 0),
(363, 248102, 0, 0, 0, 0, 0, 0, 0, 0, 0, 0, 0, 0, 0, 0, 0, 0, 0, 0, 0, 0, 0, 0, 0, 0),
(364, 248103, 0, 0, 0, 0, 0, 0, 0, 0, 0, 0, 0, 0, 0, 0, 0, 0, 0, 0, 0, 0, 0, 0, 0, 0),
(365, 248104, 0, 0, 0, 0, 0, 0, 0, 0, 0, 0, 0, 0, 0, 0, 0, 0, 0, 0, 0, 0, 0, 0, 0, 0),
(366, 249101, 0, 0, 0, 0, 0, 0, 0, 0, 0, 0, 0, 0, 0, 0, 0, 0, 0, 0, 0, 0, 0, 0, 0, 0),
(367, 249102, 0, 0, 0, 0, 0, 0, 0, 0, 0, 0, 0, 0, 0, 0, 0, 0, 0, 0, 0, 0, 0, 0, 0, 0),
(368, 249103, 0, 0, 0, 0, 0, 0, 0, 0, 0, 0, 0, 0, 0, 0, 0, 0, 0, 0, 0, 0, 0, 0, 0, 0),
(369, 249104, 0, 0, 0, 0, 0, 0, 0, 0, 0, 0, 0, 0, 0, 0, 0, 0, 0, 0, 0, 0, 0, 0, 0, 0),
(370, 249105, 0, 0, 0, 0, 0, 0, 0, 0, 0, 0, 0, 0, 0, 0, 0, 0, 0, 0, 0, 0, 0, 0, 0, 0),
(371, 249106, 0, 0, 0, 0, 0, 0, 0, 0, 0, 0, 0, 0, 0, 0, 0, 0, 0, 0, 0, 0, 0, 0, 0, 0),
(372, 249107, 0, 0, 0, 0, 0, 0, 0, 0, 0, 0, 0, 0, 0, 0, 0, 0, 0, 0, 0, 0, 0, 0, 0, 0),
(373, 249108, 0, 0, 0, 0, 0, 0, 0, 0, 0, 0, 0, 0, 0, 0, 0, 0, 0, 0, 0, 0, 0, 0, 0, 0),
(374, 249109, 0, 0, 0, 0, 0, 0, 0, 0, 0, 0, 0, 0, 0, 0, 0, 0, 0, 0, 0, 0, 0, 0, 0, 0),
(375, 249110, 0, 0, 0, 0, 0, 0, 0, 0, 0, 0, 0, 0, 0, 0, 0, 0, 0, 0, 0, 0, 0, 0, 0, 0),
(376, 249111, 0, 0, 0, 0, 0, 0, 0, 0, 0, 0, 0, 0, 0, 0, 0, 0, 0, 0, 0, 0, 0, 0, 0, 0),
(377, 249112, 0, 0, 0, 0, 0, 0, 0, 0, 0, 0, 0, 0, 0, 0, 0, 0, 0, 0, 0, 0, 0, 0, 0, 0),
(378, 249113, 0, 0, 0, 0, 0, 0, 0, 0, 0, 0, 0, 0, 0, 0, 0, 0, 0, 0, 0, 0, 0, 0, 0, 0),
(379, 249114, 0, 0, 0, 0, 0, 0, 0, 0, 0, 0, 0, 0, 0, 0, 0, 0, 0, 0, 0, 0, 0, 0, 0, 0),
(380, 249115, 0, 0, 0, 0, 0, 0, 0, 0, 0, 0, 0, 0, 0, 0, 0, 0, 0, 0, 0, 0, 0, 0, 0, 0),
(381, 249116, 0, 0, 0, 0, 0, 0, 0, 0, 0, 0, 0, 0, 0, 0, 0, 0, 0, 0, 0, 0, 0, 0, 0, 0),
(382, 249117, 0, 0, 0, 0, 0, 0, 0, 0, 0, 0, 0, 0, 0, 0, 0, 0, 0, 0, 0, 0, 0, 0, 0, 0),
(383, 249118, 0, 0, 0, 0, 0, 0, 0, 0, 0, 0, 0, 0, 0, 0, 0, 0, 0, 0, 0, 0, 0, 0, 0, 0),
(384, 249121, 0, 0, 0, 0, 0, 0, 0, 0, 0, 0, 0, 0, 0, 0, 0, 0, 0, 0, 0, 0, 0, 0, 0, 0),
(385, 249123, 0, 0, 0, 0, 0, 0, 0, 0, 0, 0, 0, 0, 0, 0, 0, 0, 0, 0, 0, 0, 0, 0, 0, 0),
(386, 252122, -1, -1, -1, -1, 0, 0, -1, 0, 0, -1, -1, -1, -1, 0, -1, 0, 0, 0, 0, 0, 0, 0, 0, 0),
(387, 256101, 20, 23, 57, 36, 0, 0, 37, 0, 0, 16, 39, 83, 53, 0, 45, 0, 0, 0, 0, 0, 0, 0, 0, 0),
(388, 256102, 22, 70, 28, 43, 0, 0, 50, 0, 0, 28, 25, 52, 52, 0, 66, 0, 0, 0, 0, 0, 0, 0, 0, 0),
(389, 256103, 24, 33, 30, 42, 0, 0, 28, 0, 0, 15, 33, 55, 39, 0, 33, 0, 0, 0, 0, 0, 0, 0, 0, 0),
(390, 256104, 12, 16, 57, 59, 0, 0, 36, 0, 0, 32, 22, 63, 45, 0, 28, 0, 0, 0, 0, 0, 0, 0, 0, 0),
(391, 256105, 32, 76, 59, 63, 0, 0, 61, 0, 0, 47, 32, 91, 95, 0, 72, 0, 0, 0, 0, 0, 0, 0, 0, 0),
(392, 256106, 28, 78, 94, 37, 0, 0, 46, 0, 0, 24, 34, 98, 54, 0, 72, 0, 0, 0, 0, 0, 0, 0, 0, 0),
(393, 256107, 21, 80, 85, 35, 0, 0, 24, 0, 0, 33, 34, 78, 79, 0, 86, 0, 0, 0, 0, 0, 0, 0, 0, 0),
(394, 256108, 8, 38, 72, 37, 0, 0, 26, 0, 0, 21, 36, 61, 18, 0, 41, 0, 0, 0, 0, 0, 0, 0, 0, 0),
(395, 256109, 17, 45, 78, 16, 0, 0, 25, 0, 0, 18, 26, 63, 15, 0, 27, 0, 0, 0, 0, 0, 0, 0, 0, 0),
(396, 256110, 10, 35, 34, 25, 0, 0, 15, 0, 0, 27, 6, 59, 10, 0, 36, 0, 0, 0, 0, 0, 0, 0, 0, 0),
(397, 256111, 16, 27, 80, 34, 0, 0, 24, 0, 0, 43, 63, 89, 24, 0, 70, 0, 0, 0, 0, 0, 0, 0, 0, 0),
(398, 256112, 21, 33, 40, 26, 0, 0, 23, 0, 0, 6, 41, 66, 33, 0, -1, 0, 0, 0, 0, 0, 0, 0, 0, 0),
(399, 256113, 20, 50, 68, 33, 0, 0, 18, 0, 0, 19, 33, 76, 34, 0, 53, 0, 0, 0, 0, 0, 0, 0, 0, 0),
(400, 256114, 20, 60, 89, 44, 0, 0, 41, 0, 0, 18, 48, 64, 38, 0, 52, 0, 0, 0, 0, 0, 0, 0, 0, 0),
(401, 256115, 48, 76, 50, 34, 0, 0, 18, 0, 0, 50, 55, 92, 74, 0, 86, 0, 0, 0, 0, 0, 0, 0, 0, 0),
(402, 256116, 60, 71, 92, 48, 0, 0, 44, 0, 0, 53, 62, 72, 94, 0, 82, 0, 0, 0, 0, 0, 0, 0, 0, 0),
(403, 256117, 6, 33, 26, 18, 0, 0, 15, 0, 0, 27, 15, 56, 18, 0, 43, 0, 0, 0, 0, 0, 0, 0, 0, 0),
(404, 256118, 35, 48, 81, 30, 0, 0, 68, 0, 0, 36, 89, 82, 54, 0, 64, 0, 0, 0, 0, 0, 0, 0, 0, 0),
(405, 256119, 55, 36, 72, 38, 0, 0, 44, 0, 0, 20, 64, 59, 16, 0, 45, 0, 0, 0, 0, 0, 0, 0, 0, 0),
(406, 256120, 28, 22, 45, 30, 0, 0, 42, 0, 0, 6, 58, 64, 14, 0, 18, 0, 0, 0, 0, 0, 0, 0, 0, 0),
(407, 256121, 30, 38, 82, 45, 0, 0, 47, 0, 0, 12, 43, 66, 86, 0, 33, 0, 0, 0, 0, 0, 0, 0, 0, 0),
(408, 256122, 22, 18, 47, 33, 0, 0, 19, 0, 0, 18, 39, 48, 34, 0, 45, 0, 0, 0, 0, 0, 0, 0, 0, 0),
(409, 256126, -1, -1, -1, -1, 0, 0, -1, 0, 0, -1, -1, -1, 16, 0, -1, 0, 0, 0, 0, 0, 0, 0, 0, 0),
(410, 256134, 36, 54, 35, 33, 0, 0, 28, 0, 0, 30, 77, 68, 38, 0, 54, 0, 0, 0, 0, 0, 0, 0, 0, 0),
(411, 256138, 55, 42, 84, 37, 0, 0, 63, 0, 0, 40, 62, 94, 86, 0, 87, 0, 0, 0, 0, 0, 0, 0, 0, 0),
(412, 256140, 36, 42, 71, 33, 0, 0, 40, 0, 0, 33, 59, 68, 47, 0, 50, 0, 0, 0, 0, 0, 0, 0, 0, 0),
(413, 256201, 22, 10, 14, 21, 0, 0, 10, 0, 0, 25, 17, 40, 5, 0, 28, 0, 0, 0, 0, 0, 0, 0, 0, 0),
(414, 256203, 46, 80, 86, 36, 0, 0, 42, 0, 0, 46, 73, 89, 75, 0, 82, 0, 0, 0, 0, 0, 0, 0, 0, 0),
(415, 256205, 28, 18, 64, 39, 0, 0, 28, 0, 0, 16, 14, 42, 20, 0, 20, 0, 0, 0, 0, 0, 0, 0, 0, 0),
(416, 256206, 75, 95, 100, 87, 0, 0, 81, 0, 0, 56, 73, 95, 96, 0, 86, 0, 0, 0, 0, 0, 0, 0, 0, 0),
(417, 256207, 58, 63, 45, 33, 0, 0, 29, 0, 0, 38, 65, 72, 37, 0, 73, 0, 0, 0, 0, 0, 0, 0, 0, 0),
(418, 256208, 17, 78, 86, 37, 0, 0, 38, 0, 0, 38, 15, 64, 40, 0, 66, 0, 0, 0, 0, 0, 0, 0, 0, 0),
(419, 256209, 4, 10, 10, 21, 0, 0, 12, 0, 0, 25, 6, 10, 10, 0, -1, 0, 0, 0, 0, 0, 0, 0, 0, 0),
(420, 256210, 65, 90, 40, 50, 0, 0, 28, 0, 0, 52, 63, 97, 77, 0, 88, 0, 0, 0, 0, 0, 0, 0, 0, 0),
(421, 256211, 72, 75, 94, 39, 0, 0, 64, 0, 0, 58, 81, 74, 94, 0, 68, 0, 0, 0, 0, 0, 0, 0, 0, 0),
(422, 256213, 22, 32, 82, 48, 0, 0, 36, 0, 0, 30, 42, 56, 45, 0, 74, 0, 0, 0, 0, 0, 0, 0, 0, 0),
(423, 256214, 57, 81, 74, 34, 0, 0, 51, 0, 0, 55, 41, 77, 82, 0, 78, 0, 0, 0, 0, 0, 0, 0, 0, 0),
(424, 256215, 60, 86, 59, 39, 0, 0, 58, 0, 0, 56, 42, 91, 38, 0, 89, 0, 0, 0, 0, 0, 0, 0, 0, 0),
(425, 256216, 52, 70, 69, 46, 0, 0, 55, 0, 0, 35, 72, 71, 65, 0, 50, 0, 0, 0, 0, 0, 0, 0, 0, 0),
(426, 256218, -1, 33, -1, -1, 0, 0, -1, 0, 0, -1, -1, -1, 37, 0, -1, 0, 0, 0, 0, 0, 0, 0, 0, 0),
(427, 256219, 60, 66, 76, 53, 0, 0, 48, 0, 0, 50, 78, 78, 37, 0, 63, 0, 0, 0, 0, 0, 0, 0, 0, 0),
(428, 256220, 42, 23, 74, 36, 0, 0, 56, 0, 0, 50, 27, 76, 35, 0, 48, 0, 0, 0, 0, 0, 0, 0, 0, 0),
(429, 256221, 34, 74, 79, 33, 0, 0, 52, 0, 0, 37, 44, 84, 38, 0, 70, 0, 0, 0, 0, 0, 0, 0, 0, 0),
(430, 256222, 65, 61, 68, 43, 0, 0, 62, 0, 0, 43, 55, 87, 87, 0, 76, 0, 0, 0, 0, 0, 0, 0, 0, 0),
(431, 256223, 52, 70, 73, 24, 0, 0, 61, 0, 0, 25, 52, 53, 60, 0, 63, 0, 0, 0, 0, 0, 0, 0, 0, 0),
(432, 256224, 16, 35, 24, 33, 0, 0, 42, 0, 0, 37, 24, 61, 0, 0, 28, 0, 0, 0, 0, 0, 0, 0, 0, 0),
(433, 256225, 87, 91, 56, 68, 0, 0, 83, 0, 0, 60, 74, 88, 85, 0, 92, 0, 0, 0, 0, 0, 0, 0, 0, 0),
(434, 256226, 22, 4, 33, 16, 0, 0, 24, 0, 0, 20, 8, 64, 10, 0, 10, 0, 0, 0, 0, 0, 0, 0, 0, 0),
(435, 256227, 22, 30, 48, 41, 0, 0, 32, 0, 0, 33, 9, 46, 30, 0, 26, 0, 0, 0, 0, 0, 0, 0, 0, 0),
(436, 256228, 54, 71, 37, 21, 0, 0, 49, 0, 0, 26, 69, 76, 10, 0, 36, 0, 0, 0, 0, 0, 0, 0, 0, 0),
(437, 256229, 30, 0, 35, 33, 0, 0, 21, 0, 0, 0, 37, 0, 0, 0, 0, 0, 0, 0, 0, 0, 0, 0, 0, 0),
(438, 256230, 37, 52, 41, 12, 0, 0, 55, 0, 0, 25, 56, 54, 49, 0, 26, 0, 0, 0, 0, 0, 0, 0, 0, 0),
(439, 256231, 64, 37, 50, 33, 0, 0, 62, 0, 0, 47, 40, 75, 47, 0, 54, 0, 0, 0, 0, 0, 0, 0, 0, 0),
(440, 256232, 43, 74, 40, 40, 0, 0, 81, 0, 0, 50, 89, 79, 51, 0, 56, 0, 0, 0, 0, 0, 0, 0, 0, 0),
(441, 258101, 75, 54, 61, 88, 0, 0, 69, 0, 0, 0, 72, 91, 86, 0, 88, 0, 0, 0, 0, 0, 0, 0, 0, 0),
(442, 258102, 24, 33, 18, 48, 0, 0, 37, 0, 0, 0, 17, 63, 15, 0, 36, 0, 0, 0, 0, 0, 0, 0, 0, 0),
(443, 258103, 82, 67, 75, 95, 0, 0, 82, 0, 0, 0, 75, 82, 88, 0, 84, 0, 0, 0, 0, 0, 0, 0, 0, 0),
(444, 258104, 37, 47, 49, 38, 0, 0, 49, 0, 0, 0, 60, 49, 64, 0, 68, 0, 0, 0, 0, 0, 0, 0, 0, 0),
(445, 258105, 18, 33, 40, 36, 0, 0, 36, 0, 0, 0, 21, 53, 38, 0, 36, 0, 0, 0, 0, 0, 0, 0, 0, 0),
(446, 258107, 53, 46, 14, 43, 0, 0, 71, 0, 0, 0, 49, 46, 57, 0, 42, 0, 0, 0, 0, 0, 0, 0, 0, 0),
(447, 259101, 0, 0, 0, 0, 0, 0, 0, 0, 0, 0, 0, 0, 0, 0, 0, 0, 0, 0, 0, 0, 0, 0, 0, 0),
(448, 259102, 0, 0, 0, 0, 0, 0, 0, 0, 0, 0, 0, 0, 0, 0, 0, 0, 0, 0, 0, 0, 0, 0, 0, 0),
(449, 259103, 0, 0, 0, 0, 0, 0, 0, 0, 0, 0, 0, 0, 0, 0, 0, 0, 0, 0, 0, 0, 0, 0, 0, 0),
(450, 259104, 0, 0, 0, 0, 0, 0, 0, 0, 0, 0, 0, 0, 0, 0, 0, 0, 0, 0, 0, 0, 0, 0, 0, 0),
(451, 259105, 0, 0, 0, 0, 0, 0, 0, 0, 0, 0, 0, 0, 0, 0, 0, 0, 0, 0, 0, 0, 0, 0, 0, 0),
(452, 259106, 0, 0, 0, 0, 0, 0, 0, 0, 0, 0, 0, 0, 0, 0, 0, 0, 0, 0, 0, 0, 0, 0, 0, 0),
(453, 259108, 0, 0, 0, 0, 0, 0, 0, 0, 0, 0, 0, 0, 0, 0, 0, 0, 0, 0, 0, 0, 0, 0, 0, 0),
(454, 259109, 0, 0, 0, 0, 0, 0, 0, 0, 0, 0, 0, 0, 0, 0, 0, 0, 0, 0, 0, 0, 0, 0, 0, 0),
(455, 259110, 0, 0, 0, 0, 0, 0, 0, 0, 0, 0, 0, 0, 0, 0, 0, 0, 0, 0, 0, 0, 0, 0, 0, 0),
(456, 259111, 0, 0, 0, 0, 0, 0, 0, 0, 0, 0, 0, 0, 0, 0, 0, 0, 0, 0, 0, 0, 0, 0, 0, 0),
(457, 259112, 0, 0, 0, 0, 0, 0, 0, 0, 0, 0, 0, 0, 0, 0, 0, 0, 0, 0, 0, 0, 0, 0, 0, 0),
(458, 259113, 0, 0, 0, 0, 0, 0, 0, 0, 0, 0, 0, 0, 0, 0, 0, 0, 0, 0, 0, 0, 0, 0, 0, 0),
(459, 259114, 0, 0, 0, 0, 0, 0, 0, 0, 0, 0, 0, 0, 0, 0, 0, 0, 0, 0, 0, 0, 0, 0, 0, 0),
(460, 259115, 0, 0, 0, 0, 0, 0, 0, 0, 0, 0, 0, 0, 0, 0, 0, 0, 0, 0, 0, 0, 0, 0, 0, 0),
(461, 259116, 0, 0, 0, 0, 0, 0, 0, 0, 0, 0, 0, 0, 0, 0, 0, 0, 0, 0, 0, 0, 0, 0, 0, 0),
(462, 259117, 0, 0, 0, 0, 0, 0, 0, 0, 0, 0, 0, 0, 0, 0, 0, 0, 0, 0, 0, 0, 0, 0, 0, 0),
(463, 259118, 0, 0, 0, 0, 0, 0, 0, 0, 0, 0, 0, 0, 0, 0, 0, 0, 0, 0, 0, 0, 0, 0, 0, 0),
(464, 259119, 0, 0, 0, 0, 0, 0, 0, 0, 0, 0, 0, 0, 0, 0, 0, 0, 0, 0, 0, 0, 0, 0, 0, 0),
(465, 259120, 0, 0, 0, 0, 0, 0, 0, 0, 0, 0, 0, 0, 0, 0, 0, 0, 0, 0, 0, 0, 0, 0, 0, 0),
(466, 259121, 0, 0, 0, 0, 0, 0, 0, 0, 0, 0, 0, 0, 0, 0, 0, 0, 0, 0, 0, 0, 0, 0, 0, 0),
(467, 259122, 0, 0, 0, 0, 0, 0, 0, 0, 0, 0, 0, 0, 0, 0, 0, 0, 0, 0, 0, 0, 0, 0, 0, 0),
(468, 259123, 0, 0, 0, 0, 0, 0, 0, 0, 0, 0, 0, 0, 0, 0, 0, 0, 0, 0, 0, 0, 0, 0, 0, 0),
(469, 259124, 0, 0, 0, 0, 0, 0, 0, 0, 0, 0, 0, 0, 0, 0, 0, 0, 0, 0, 0, 0, 0, 0, 0, 0),
(470, 259125, 0, 0, 0, 0, 0, 0, 0, 0, 0, 0, 0, 0, 0, 0, 0, 0, 0, 0, 0, 0, 0, 0, 0, 0),
(471, 259126, 0, 0, 0, 0, 0, 0, 0, 0, 0, 0, 0, 0, 0, 0, 0, 0, 0, 0, 0, 0, 0, 0, 0, 0),
(472, 259128, 0, 0, 0, 0, 0, 0, 0, 0, 0, 0, 0, 0, 0, 0, 0, 0, 0, 0, 0, 0, 0, 0, 0, 0),
(473, 259129, 0, 0, 0, 0, 0, 0, 0, 0, 0, 0, 0, 0, 0, 0, 0, 0, 0, 0, 0, 0, 0, 0, 0, 0),
(474, 259130, 0, 0, 0, 0, 0, 0, 0, 0, 0, 0, 0, 0, 0, 0, 0, 0, 0, 0, 0, 0, 0, 0, 0, 0),
(475, 259131, 0, 0, 0, 0, 0, 0, 0, 0, 0, 0, 0, 0, 0, 0, 0, 0, 0, 0, 0, 0, 0, 0, 0, 0),
(476, 259132, 0, 0, 0, 0, 0, 0, 0, 0, 0, 0, 0, 0, 0, 0, 0, 0, 0, 0, 0, 0, 0, 0, 0, 0),
(477, 259133, 0, 0, 0, 0, 0, 0, 0, 0, 0, 0, 0, 0, 0, 0, 0, 0, 0, 0, 0, 0, 0, 0, 0, 0),
(478, 259135, 0, 0, 0, 0, 0, 0, 0, 0, 0, 0, 0, 0, 0, 0, 0, 0, 0, 0, 0, 0, 0, 0, 0, 0),
(479, 259136, 0, 0, 0, 0, 0, 0, 0, 0, 0, 0, 0, 0, 0, 0, 0, 0, 0, 0, 0, 0, 0, 0, 0, 0),
(480, 259201, 0, 0, 0, 0, 0, 0, 0, 0, 0, 0, 0, 0, 0, 0, 0, 0, 0, 0, 0, 0, 0, 0, 0, 0),
(481, 259202, 0, 0, 0, 0, 0, 0, 0, 0, 0, 0, 0, 0, 0, 0, 0, 0, 0, 0, 0, 0, 0, 0, 0, 0),
(482, 259203, 0, 0, 0, 0, 0, 0, 0, 0, 0, 0, 0, 0, 0, 0, 0, 0, 0, 0, 0, 0, 0, 0, 0, 0),
(483, 259204, 0, 0, 0, 0, 0, 0, 0, 0, 0, 0, 0, 0, 0, 0, 0, 0, 0, 0, 0, 0, 0, 0, 0, 0),
(484, 259205, 0, 0, 0, 0, 0, 0, 0, 0, 0, 0, 0, 0, 0, 0, 0, 0, 0, 0, 0, 0, 0, 0, 0, 0),
(485, 259206, 0, 0, 0, 0, 0, 0, 0, 0, 0, 0, 0, 0, 0, 0, 0, 0, 0, 0, 0, 0, 0, 0, 0, 0),
(486, 259207, 0, 0, 0, 0, 0, 0, 0, 0, 0, 0, 0, 0, 0, 0, 0, 0, 0, 0, 0, 0, 0, 0, 0, 0),
(487, 259208, 0, 0, 0, 0, 0, 0, 0, 0, 0, 0, 0, 0, 0, 0, 0, 0, 0, 0, 0, 0, 0, 0, 0, 0),
(488, 259209, 0, 0, 0, 0, 0, 0, 0, 0, 0, 0, 0, 0, 0, 0, 0, 0, 0, 0, 0, 0, 0, 0, 0, 0),
(489, 259210, 0, 0, 0, 0, 0, 0, 0, 0, 0, 0, 0, 0, 0, 0, 0, 0, 0, 0, 0, 0, 0, 0, 0, 0),
(490, 259211, 0, 0, 0, 0, 0, 0, 0, 0, 0, 0, 0, 0, 0, 0, 0, 0, 0, 0, 0, 0, 0, 0, 0, 0),
(491, 259212, 0, 0, 0, 0, 0, 0, 0, 0, 0, 0, 0, 0, 0, 0, 0, 0, 0, 0, 0, 0, 0, 0, 0, 0),
(492, 259213, 0, 0, 0, 0, 0, 0, 0, 0, 0, 0, 0, 0, 0, 0, 0, 0, 0, 0, 0, 0, 0, 0, 0, 0),
(493, 259214, 0, 0, 0, 0, 0, 0, 0, 0, 0, 0, 0, 0, 0, 0, 0, 0, 0, 0, 0, 0, 0, 0, 0, 0),
(494, 259215, 0, 0, 0, 0, 0, 0, 0, 0, 0, 0, 0, 0, 0, 0, 0, 0, 0, 0, 0, 0, 0, 0, 0, 0),
(495, 259216, 0, 0, 0, 0, 0, 0, 0, 0, 0, 0, 0, 0, 0, 0, 0, 0, 0, 0, 0, 0, 0, 0, 0, 0),
(496, 259217, 0, 0, 0, 0, 0, 0, 0, 0, 0, 0, 0, 0, 0, 0, 0, 0, 0, 0, 0, 0, 0, 0, 0, 0),
(497, 259218, 0, 0, 0, 0, 0, 0, 0, 0, 0, 0, 0, 0, 0, 0, 0, 0, 0, 0, 0, 0, 0, 0, 0, 0),
(498, 259219, 0, 0, 0, 0, 0, 0, 0, 0, 0, 0, 0, 0, 0, 0, 0, 0, 0, 0, 0, 0, 0, 0, 0, 0),
(499, 259220, 0, 0, 0, 0, 0, 0, 0, 0, 0, 0, 0, 0, 0, 0, 0, 0, 0, 0, 0, 0, 0, 0, 0, 0),
(500, 259221, 0, 0, 0, 0, 0, 0, 0, 0, 0, 0, 0, 0, 0, 0, 0, 0, 0, 0, 0, 0, 0, 0, 0, 0),
(501, 259222, 0, 0, 0, 0, 0, 0, 0, 0, 0, 0, 0, 0, 0, 0, 0, 0, 0, 0, 0, 0, 0, 0, 0, 0),
(502, 259223, 0, 0, 0, 0, 0, 0, 0, 0, 0, 0, 0, 0, 0, 0, 0, 0, 0, 0, 0, 0, 0, 0, 0, 0),
(503, 259225, 0, 0, 0, 0, 0, 0, 0, 0, 0, 0, 0, 0, 0, 0, 0, 0, 0, 0, 0, 0, 0, 0, 0, 0),
(504, 259226, 0, 0, 0, 0, 0, 0, 0, 0, 0, 0, 0, 0, 0, 0, 0, 0, 0, 0, 0, 0, 0, 0, 0, 0),
(505, 259227, 0, 0, 0, 0, 0, 0, 0, 0, 0, 0, 0, 0, 0, 0, 0, 0, 0, 0, 0, 0, 0, 0, 0, 0),
(506, 259228, 0, 0, 0, 0, 0, 0, 0, 0, 0, 0, 0, 0, 0, 0, 0, 0, 0, 0, 0, 0, 0, 0, 0, 0),
(507, 259229, 0, 0, 0, 0, 0, 0, 0, 0, 0, 0, 0, 0, 0, 0, 0, 0, 0, 0, 0, 0, 0, 0, 0, 0),
(508, 259230, 0, 0, 0, 0, 0, 0, 0, 0, 0, 0, 0, 0, 0, 0, 0, 0, 0, 0, 0, 0, 0, 0, 0, 0),
(509, 259231, 0, 0, 0, 0, 0, 0, 0, 0, 0, 0, 0, 0, 0, 0, 0, 0, 0, 0, 0, 0, 0, 0, 0, 0),
(510, 259232, 0, 0, 0, 0, 0, 0, 0, 0, 0, 0, 0, 0, 0, 0, 0, 0, 0, 0, 0, 0, 0, 0, 0, 0),
(511, 259233, 0, 0, 0, 0, 0, 0, 0, 0, 0, 0, 0, 0, 0, 0, 0, 0, 0, 0, 0, 0, 0, 0, 0, 0),
(512, 259234, 0, 0, 0, 0, 0, 0, 0, 0, 0, 0, 0, 0, 0, 0, 0, 0, 0, 0, 0, 0, 0, 0, 0, 0),
(513, 259235, 0, 0, 0, 0, 0, 0, 0, 0, 0, 0, 0, 0, 0, 0, 0, 0, 0, 0, 0, 0, 0, 0, 0, 0),
(514, 2109101, 0, 0, 0, 0, 0, 0, 0, 0, 0, 0, 0, 0, 0, 0, 0, 0, 0, 0, 0, 0, 0, 0, 0, 0),
(515, 2109102, 0, 0, 0, 0, 0, 0, 0, 0, 0, 0, 0, 0, 0, 0, 0, 0, 0, 0, 0, 0, 0, 0, 0, 0),
(516, 2109103, 0, 0, 0, 0, 0, 0, 0, 0, 0, 0, 0, 0, 0, 0, 0, 0, 0, 0, 0, 0, 0, 0, 0, 0),
(517, 2109104, 0, 0, 0, 0, 0, 0, 0, 0, 0, 0, 0, 0, 0, 0, 0, 0, 0, 0, 0, 0, 0, 0, 0, 0),
(518, 2109105, 0, 0, 0, 0, 0, 0, 0, 0, 0, 0, 0, 0, 0, 0, 0, 0, 0, 0, 0, 0, 0, 0, 0, 0),
(519, 2109106, 0, 0, 0, 0, 0, 0, 0, 0, 0, 0, 0, 0, 0, 0, 0, 0, 0, 0, 0, 0, 0, 0, 0, 0),
(520, 2109107, 0, 0, 0, 0, 0, 0, 0, 0, 0, 0, 0, 0, 0, 0, 0, 0, 0, 0, 0, 0, 0, 0, 0, 0),
(521, 2109109, 0, 0, 0, 0, 0, 0, 0, 0, 0, 0, 0, 0, 0, 0, 0, 0, 0, 0, 0, 0, 0, 0, 0, 0),
(522, 2109110, 0, 0, 0, 0, 0, 0, 0, 0, 0, 0, 0, 0, 0, 0, 0, 0, 0, 0, 0, 0, 0, 0, 0, 0),
(523, 2109111, 0, 0, 0, 0, 0, 0, 0, 0, 0, 0, 0, 0, 0, 0, 0, 0, 0, 0, 0, 0, 0, 0, 0, 0),
(524, 2109112, 0, 0, 0, 0, 0, 0, 0, 0, 0, 0, 0, 0, 0, 0, 0, 0, 0, 0, 0, 0, 0, 0, 0, 0),
(525, 2109113, 0, 0, 0, 0, 0, 0, 0, 0, 0, 0, 0, 0, 0, 0, 0, 0, 0, 0, 0, 0, 0, 0, 0, 0),
(526, 2109117, 0, 0, 0, 0, 0, 0, 0, 0, 0, 0, 0, 0, 0, 0, 0, 0, 0, 0, 0, 0, 0, 0, 0, 0),
(527, 2109118, 0, 0, 0, 0, 0, 0, 0, 0, 0, 0, 0, 0, 0, 0, 0, 0, 0, 0, 0, 0, 0, 0, 0, 0),
(528, 2109119, 0, 0, 0, 0, 0, 0, 0, 0, 0, 0, 0, 0, 0, 0, 0, 0, 0, 0, 0, 0, 0, 0, 0, 0),
(529, 2109120, 0, 0, 0, 0, 0, 0, 0, 0, 0, 0, 0, 0, 0, 0, 0, 0, 0, 0, 0, 0, 0, 0, 0, 0),
(530, 2109121, 0, 0, 0, 0, 0, 0, 0, 0, 0, 0, 0, 0, 0, 0, 0, 0, 0, 0, 0, 0, 0, 0, 0, 0),
(531, 2109122, 0, 0, 0, 0, 0, 0, 0, 0, 0, 0, 0, 0, 0, 0, 0, 0, 0, 0, 0, 0, 0, 0, 0, 0),
(532, 2109123, 0, 0, 0, 0, 0, 0, 0, 0, 0, 0, 0, 0, 0, 0, 0, 0, 0, 0, 0, 0, 0, 0, 0, 0),
(533, 2109126, 0, 0, 0, 0, 0, 0, 0, 0, 0, 0, 0, 0, 0, 0, 0, 0, 0, 0, 0, 0, 0, 0, 0, 0),
(534, 2109127, 0, 0, 0, 0, 0, 0, 0, 0, 0, 0, 0, 0, 0, 0, 0, 0, 0, 0, 0, 0, 0, 0, 0, 0),
(535, 2109128, 0, 0, 0, 0, 0, 0, 0, 0, 0, 0, 0, 0, 0, 0, 0, 0, 0, 0, 0, 0, 0, 0, 0, 0),
(536, 2109129, 0, 0, 0, 0, 0, 0, 0, 0, 0, 0, 0, 0, 0, 0, 0, 0, 0, 0, 0, 0, 0, 0, 0, 0),
(537, 2109130, 0, 0, 0, 0, 0, 0, 0, 0, 0, 0, 0, 0, 0, 0, 0, 0, 0, 0, 0, 0, 0, 0, 0, 0),
(538, 2109131, 0, 0, 0, 0, 0, 0, 0, 0, 0, 0, 0, 0, 0, 0, 0, 0, 0, 0, 0, 0, 0, 0, 0, 0),
(539, 2109132, 0, 0, 0, 0, 0, 0, 0, 0, 0, 0, 0, 0, 0, 0, 0, 0, 0, 0, 0, 0, 0, 0, 0, 0),
(540, 2109134, 0, 0, 0, 0, 0, 0, 0, 0, 0, 0, 0, 0, 0, 0, 0, 0, 0, 0, 0, 0, 0, 0, 0, 0),
(541, 2109137, 0, 0, 0, 0, 0, 0, 0, 0, 0, 0, 0, 0, 0, 0, 0, 0, 0, 0, 0, 0, 0, 0, 0, 0),
(542, 2109138, 0, 0, 0, 0, 0, 0, 0, 0, 0, 0, 0, 0, 0, 0, 0, 0, 0, 0, 0, 0, 0, 0, 0, 0),
(543, 2109140, 0, 0, 0, 0, 0, 0, 0, 0, 0, 0, 0, 0, 0, 0, 0, 0, 0, 0, 0, 0, 0, 0, 0, 0),
(544, 2109141, 0, 0, 0, 0, 0, 0, 0, 0, 0, 0, 0, 0, 0, 0, 0, 0, 0, 0, 0, 0, 0, 0, 0, 0),
(545, 2109142, 0, 0, 0, 0, 0, 0, 0, 0, 0, 0, 0, 0, 0, 0, 0, 0, 0, 0, 0, 0, 0, 0, 0, 0),
(546, 2109144, 0, 0, 0, 0, 0, 0, 0, 0, 0, 0, 0, 0, 0, 0, 0, 0, 0, 0, 0, 0, 0, 0, 0, 0),
(547, 2109145, 0, 0, 0, 0, 0, 0, 0, 0, 0, 0, 0, 0, 0, 0, 0, 0, 0, 0, 0, 0, 0, 0, 0, 0),
(548, 2109151, 0, 0, 0, 0, 0, 0, 0, 0, 0, 0, 0, 0, 0, 0, 0, 0, 0, 0, 0, 0, 0, 0, 0, 0),
(549, 2109154, 0, 0, 0, 0, 0, 0, 0, 0, 0, 0, 0, 0, 0, 0, 0, 0, 0, 0, 0, 0, 0, 0, 0, 0),
(550, 2109157, 0, 0, 0, 0, 0, 0, 0, 0, 0, 0, 0, 0, 0, 0, 0, 0, 0, 0, 0, 0, 0, 0, 0, 0),
(551, 2109160, 0, 0, 0, 0, 0, 0, 0, 0, 0, 0, 0, 0, 0, 0, 0, 0, 0, 0, 0, 0, 0, 0, 0, 0),
(552, 2109161, 0, 0, 0, 0, 0, 0, 0, 0, 0, 0, 0, 0, 0, 0, 0, 0, 0, 0, 0, 0, 0, 0, 0, 0),
(553, 2109163, 0, 0, 0, 0, 0, 0, 0, 0, 0, 0, 0, 0, 0, 0, 0, 0, 0, 0, 0, 0, 0, 0, 0, 0),
(554, 2109166, 0, 0, 0, 0, 0, 0, 0, 0, 0, 0, 0, 0, 0, 0, 0, 0, 0, 0, 0, 0, 0, 0, 0, 0),
(555, 2109167, 0, 0, 0, 0, 0, 0, 0, 0, 0, 0, 0, 0, 0, 0, 0, 0, 0, 0, 0, 0, 0, 0, 0, 0),
(556, 2109168, 0, 0, 0, 0, 0, 0, 0, 0, 0, 0, 0, 0, 0, 0, 0, 0, 0, 0, 0, 0, 0, 0, 0, 0),
(557, 2109170, 0, 0, 0, 0, 0, 0, 0, 0, 0, 0, 0, 0, 0, 0, 0, 0, 0, 0, 0, 0, 0, 0, 0, 0),
(558, 2109202, 0, 0, 0, 0, 0, 0, 0, 0, 0, 0, 0, 0, 0, 0, 0, 0, 0, 0, 0, 0, 0, 0, 0, 0),
(559, 2109203, 0, 0, 0, 0, 0, 0, 0, 0, 0, 0, 0, 0, 0, 0, 0, 0, 0, 0, 0, 0, 0, 0, 0, 0),
(560, 2109204, 0, 0, 0, 0, 0, 0, 0, 0, 0, 0, 0, 0, 0, 0, 0, 0, 0, 0, 0, 0, 0, 0, 0, 0),
(561, 2109205, 0, 0, 0, 0, 0, 0, 0, 0, 0, 0, 0, 0, 0, 0, 0, 0, 0, 0, 0, 0, 0, 0, 0, 0),
(562, 2109206, 0, 0, 0, 0, 0, 0, 0, 0, 0, 0, 0, 0, 0, 0, 0, 0, 0, 0, 0, 0, 0, 0, 0, 0);
INSERT INTO `marks` (`Serial_No`, `Roll_No`, `English_Marks`, `Urdu_Marks`, `Maths_Marks`, `Science_Marks`, `Hpe_Marks`, `Nazira_Marks`, `History_Marks`, `Geography_Marks`, `Drawing_Marks`, `Islamyat_Marks`, `Computer_Marks`, `Arabic_Marks`, `Mutalia_Marks`, `Qirat_Marks`, `Pashto_Marks`, `Social_Marks`, `Biology_Marks`, `Chemistry_Marks`, `Physics_Marks`, `Civics_Marks`, `Economics_Marks`, `Islamic_Study_Marks`, `Islamic_Education_Marks`, `Statistics_Marks`) VALUES
(563, 2109207, 0, 0, 0, 0, 0, 0, 0, 0, 0, 0, 0, 0, 0, 0, 0, 0, 0, 0, 0, 0, 0, 0, 0, 0),
(564, 2109208, 0, 0, 0, 0, 0, 0, 0, 0, 0, 0, 0, 0, 0, 0, 0, 0, 0, 0, 0, 0, 0, 0, 0, 0),
(565, 2109209, 0, 0, 0, 0, 0, 0, 0, 0, 0, 0, 0, 0, 0, 0, 0, 0, 0, 0, 0, 0, 0, 0, 0, 0),
(566, 2109210, 0, 0, 0, 0, 0, 0, 0, 0, 0, 0, 0, 0, 0, 0, 0, 0, 0, 0, 0, 0, 0, 0, 0, 0),
(567, 2109211, 0, 0, 0, 0, 0, 0, 0, 0, 0, 0, 0, 0, 0, 0, 0, 0, 0, 0, 0, 0, 0, 0, 0, 0),
(568, 2109212, 0, 0, 0, 0, 0, 0, 0, 0, 0, 0, 0, 0, 0, 0, 0, 0, 0, 0, 0, 0, 0, 0, 0, 0),
(569, 2109214, 0, 0, 0, 0, 0, 0, 0, 0, 0, 0, 0, 0, 0, 0, 0, 0, 0, 0, 0, 0, 0, 0, 0, 0),
(570, 2109215, 0, 0, 0, 0, 0, 0, 0, 0, 0, 0, 0, 0, 0, 0, 0, 0, 0, 0, 0, 0, 0, 0, 0, 0),
(571, 2109217, 0, 0, 0, 0, 0, 0, 0, 0, 0, 0, 0, 0, 0, 0, 0, 0, 0, 0, 0, 0, 0, 0, 0, 0),
(572, 2109218, 0, 0, 0, 0, 0, 0, 0, 0, 0, 0, 0, 0, 0, 0, 0, 0, 0, 0, 0, 0, 0, 0, 0, 0),
(573, 2109219, 0, 0, 0, 0, 0, 0, 0, 0, 0, 0, 0, 0, 0, 0, 0, 0, 0, 0, 0, 0, 0, 0, 0, 0),
(574, 2109220, 0, 0, 0, 0, 0, 0, 0, 0, 0, 0, 0, 0, 0, 0, 0, 0, 0, 0, 0, 0, 0, 0, 0, 0),
(575, 2109221, 0, 0, 0, 0, 0, 0, 0, 0, 0, 0, 0, 0, 0, 0, 0, 0, 0, 0, 0, 0, 0, 0, 0, 0),
(576, 2109222, 0, 0, 0, 0, 0, 0, 0, 0, 0, 0, 0, 0, 0, 0, 0, 0, 0, 0, 0, 0, 0, 0, 0, 0),
(577, 2109223, 0, 0, 0, 0, 0, 0, 0, 0, 0, 0, 0, 0, 0, 0, 0, 0, 0, 0, 0, 0, 0, 0, 0, 0),
(578, 2109224, 0, 0, 0, 0, 0, 0, 0, 0, 0, 0, 0, 0, 0, 0, 0, 0, 0, 0, 0, 0, 0, 0, 0, 0),
(579, 2109225, 0, 0, 0, 0, 0, 0, 0, 0, 0, 0, 0, 0, 0, 0, 0, 0, 0, 0, 0, 0, 0, 0, 0, 0),
(580, 2109226, 0, 0, 0, 0, 0, 0, 0, 0, 0, 0, 0, 0, 0, 0, 0, 0, 0, 0, 0, 0, 0, 0, 0, 0),
(581, 2109228, 0, 0, 0, 0, 0, 0, 0, 0, 0, 0, 0, 0, 0, 0, 0, 0, 0, 0, 0, 0, 0, 0, 0, 0),
(582, 2109229, 0, 0, 0, 0, 0, 0, 0, 0, 0, 0, 0, 0, 0, 0, 0, 0, 0, 0, 0, 0, 0, 0, 0, 0),
(583, 2109231, 0, 0, 0, 0, 0, 0, 0, 0, 0, 0, 0, 0, 0, 0, 0, 0, 0, 0, 0, 0, 0, 0, 0, 0),
(584, 2109232, 0, 0, 0, 0, 0, 0, 0, 0, 0, 0, 0, 0, 0, 0, 0, 0, 0, 0, 0, 0, 0, 0, 0, 0),
(585, 2109233, 0, 0, 0, 0, 0, 0, 0, 0, 0, 0, 0, 0, 0, 0, 0, 0, 0, 0, 0, 0, 0, 0, 0, 0),
(586, 2109234, 0, 0, 0, 0, 0, 0, 0, 0, 0, 0, 0, 0, 0, 0, 0, 0, 0, 0, 0, 0, 0, 0, 0, 0),
(587, 2109235, 0, 0, 0, 0, 0, 0, 0, 0, 0, 0, 0, 0, 0, 0, 0, 0, 0, 0, 0, 0, 0, 0, 0, 0),
(588, 2109237, 0, 0, 0, 0, 0, 0, 0, 0, 0, 0, 0, 0, 0, 0, 0, 0, 0, 0, 0, 0, 0, 0, 0, 0),
(589, 2109240, 0, 0, 0, 0, 0, 0, 0, 0, 0, 0, 0, 0, 0, 0, 0, 0, 0, 0, 0, 0, 0, 0, 0, 0),
(590, 2109241, 0, 0, 0, 0, 0, 0, 0, 0, 0, 0, 0, 0, 0, 0, 0, 0, 0, 0, 0, 0, 0, 0, 0, 0),
(591, 2109242, 0, 0, 0, 0, 0, 0, 0, 0, 0, 0, 0, 0, 0, 0, 0, 0, 0, 0, 0, 0, 0, 0, 0, 0),
(592, 2109243, 0, 0, 0, 0, 0, 0, 0, 0, 0, 0, 0, 0, 0, 0, 0, 0, 0, 0, 0, 0, 0, 0, 0, 0),
(593, 2109244, 0, 0, 0, 0, 0, 0, 0, 0, 0, 0, 0, 0, 0, 0, 0, 0, 0, 0, 0, 0, 0, 0, 0, 0),
(594, 2109245, 0, 0, 0, 0, 0, 0, 0, 0, 0, 0, 0, 0, 0, 0, 0, 0, 0, 0, 0, 0, 0, 0, 0, 0),
(595, 2109246, 0, 0, 0, 0, 0, 0, 0, 0, 0, 0, 0, 0, 0, 0, 0, 0, 0, 0, 0, 0, 0, 0, 0, 0),
(596, 2109248, 0, 0, 0, 0, 0, 0, 0, 0, 0, 0, 0, 0, 0, 0, 0, 0, 0, 0, 0, 0, 0, 0, 0, 0),
(597, 2109250, 0, 0, 0, 0, 0, 0, 0, 0, 0, 0, 0, 0, 0, 0, 0, 0, 0, 0, 0, 0, 0, 0, 0, 0),
(598, 2109252, 0, 0, 0, 0, 0, 0, 0, 0, 0, 0, 0, 0, 0, 0, 0, 0, 0, 0, 0, 0, 0, 0, 0, 0),
(599, 2109253, 0, 0, 0, 0, 0, 0, 0, 0, 0, 0, 0, 0, 0, 0, 0, 0, 0, 0, 0, 0, 0, 0, 0, 0),
(600, 2109255, 0, 0, 0, 0, 0, 0, 0, 0, 0, 0, 0, 0, 0, 0, 0, 0, 0, 0, 0, 0, 0, 0, 0, 0),
(601, 2109258, 0, 0, 0, 0, 0, 0, 0, 0, 0, 0, 0, 0, 0, 0, 0, 0, 0, 0, 0, 0, 0, 0, 0, 0),
(602, 2109264, 0, 0, 0, 0, 0, 0, 0, 0, 0, 0, 0, 0, 0, 0, 0, 0, 0, 0, 0, 0, 0, 0, 0, 0),
(603, 2109265, 0, 0, 0, 0, 0, 0, 0, 0, 0, 0, 0, 0, 0, 0, 0, 0, 0, 0, 0, 0, 0, 0, 0, 0),
(604, 2109268, 0, 0, 0, 0, 0, 0, 0, 0, 0, 0, 0, 0, 0, 0, 0, 0, 0, 0, 0, 0, 0, 0, 0, 0),
(605, 2109269, 0, 0, 0, 0, 0, 0, 0, 0, 0, 0, 0, 0, 0, 0, 0, 0, 0, 0, 0, 0, 0, 0, 0, 0),
(606, 2109271, 0, 0, 0, 0, 0, 0, 0, 0, 0, 0, 0, 0, 0, 0, 0, 0, 0, 0, 0, 0, 0, 0, 0, 0),
(607, 2109272, 0, 0, 0, 0, 0, 0, 0, 0, 0, 0, 0, 0, 0, 0, 0, 0, 0, 0, 0, 0, 0, 0, 0, 0),
(608, 2109273, 0, 0, 0, 0, 0, 0, 0, 0, 0, 0, 0, 0, 0, 0, 0, 0, 0, 0, 0, 0, 0, 0, 0, 0),
(609, 2110102, 0, 0, 0, 0, 0, 0, 0, 0, 0, 0, 0, 0, 0, 0, 0, 0, 0, 0, 0, 0, 0, 0, 0, 0),
(610, 2110103, 0, 0, 0, 0, 0, 0, 0, 0, 0, 0, 0, 0, 0, 0, 0, 0, 0, 0, 0, 0, 0, 0, 0, 0),
(611, 2110104, 0, 0, 0, 0, 0, 0, 0, 0, 0, 0, 0, 0, 0, 0, 0, 0, 0, 0, 0, 0, 0, 0, 0, 0),
(612, 2110105, 0, 0, 0, 0, 0, 0, 0, 0, 0, 0, 0, 0, 0, 0, 0, 0, 0, 0, 0, 0, 0, 0, 0, 0),
(613, 2110106, 0, 0, 0, 0, 0, 0, 0, 0, 0, 0, 0, 0, 0, 0, 0, 0, 0, 0, 0, 0, 0, 0, 0, 0),
(614, 2110107, 0, 0, 0, 0, 0, 0, 0, 0, 0, 0, 0, 0, 0, 0, 0, 0, 0, 0, 0, 0, 0, 0, 0, 0),
(615, 2110108, 0, 0, 0, 0, 0, 0, 0, 0, 0, 0, 0, 0, 0, 0, 0, 0, 0, 0, 0, 0, 0, 0, 0, 0),
(616, 2110109, 0, 0, 0, 0, 0, 0, 0, 0, 0, 0, 0, 0, 0, 0, 0, 0, 0, 0, 0, 0, 0, 0, 0, 0),
(617, 2110110, 0, 0, 0, 0, 0, 0, 0, 0, 0, 0, 0, 0, 0, 0, 0, 0, 0, 0, 0, 0, 0, 0, 0, 0),
(618, 2110111, 0, 0, 0, 0, 0, 0, 0, 0, 0, 0, 0, 0, 0, 0, 0, 0, 0, 0, 0, 0, 0, 0, 0, 0),
(619, 2110112, 0, 0, 0, 0, 0, 0, 0, 0, 0, 0, 0, 0, 0, 0, 0, 0, 0, 0, 0, 0, 0, 0, 0, 0),
(620, 2110113, 0, 0, 0, 0, 0, 0, 0, 0, 0, 0, 0, 0, 0, 0, 0, 0, 0, 0, 0, 0, 0, 0, 0, 0),
(621, 2110114, 0, 0, 0, 0, 0, 0, 0, 0, 0, 0, 0, 0, 0, 0, 0, 0, 0, 0, 0, 0, 0, 0, 0, 0),
(622, 2110115, 0, 0, 0, 0, 0, 0, 0, 0, 0, 0, 0, 0, 0, 0, 0, 0, 0, 0, 0, 0, 0, 0, 0, 0),
(623, 2110116, 0, 0, 0, 0, 0, 0, 0, 0, 0, 0, 0, 0, 0, 0, 0, 0, 0, 0, 0, 0, 0, 0, 0, 0),
(624, 2110117, 0, 0, 0, 0, 0, 0, 0, 0, 0, 0, 0, 0, 0, 0, 0, 0, 0, 0, 0, 0, 0, 0, 0, 0),
(625, 2110118, 0, 0, 0, 0, 0, 0, 0, 0, 0, 0, 0, 0, 0, 0, 0, 0, 0, 0, 0, 0, 0, 0, 0, 0),
(626, 2110119, 0, 0, 0, 0, 0, 0, 0, 0, 0, 0, 0, 0, 0, 0, 0, 0, 0, 0, 0, 0, 0, 0, 0, 0),
(627, 2110120, 0, 0, 0, 0, 0, 0, 0, 0, 0, 0, 0, 0, 0, 0, 0, 0, 0, 0, 0, 0, 0, 0, 0, 0),
(628, 2110121, 0, 0, 0, 0, 0, 0, 0, 0, 0, 0, 0, 0, 0, 0, 0, 0, 0, 0, 0, 0, 0, 0, 0, 0),
(629, 2110122, 0, 0, 0, 0, 0, 0, 0, 0, 0, 0, 0, 0, 0, 0, 0, 0, 0, 0, 0, 0, 0, 0, 0, 0),
(630, 2110123, 0, 0, 0, 0, 0, 0, 0, 0, 0, 0, 0, 0, 0, 0, 0, 0, 0, 0, 0, 0, 0, 0, 0, 0),
(631, 2110124, 0, 0, 0, 0, 0, 0, 0, 0, 0, 0, 0, 0, 0, 0, 0, 0, 0, 0, 0, 0, 0, 0, 0, 0),
(632, 2110125, 0, 0, 0, 0, 0, 0, 0, 0, 0, 0, 0, 0, 0, 0, 0, 0, 0, 0, 0, 0, 0, 0, 0, 0),
(633, 2110126, 0, 0, 0, 0, 0, 0, 0, 0, 0, 0, 0, 0, 0, 0, 0, 0, 0, 0, 0, 0, 0, 0, 0, 0),
(634, 2110127, 0, 0, 0, 0, 0, 0, 0, 0, 0, 0, 0, 0, 0, 0, 0, 0, 0, 0, 0, 0, 0, 0, 0, 0),
(635, 2110128, 0, 0, 0, 0, 0, 0, 0, 0, 0, 0, 0, 0, 0, 0, 0, 0, 0, 0, 0, 0, 0, 0, 0, 0),
(636, 2110129, 0, 0, 0, 0, 0, 0, 0, 0, 0, 0, 0, 0, 0, 0, 0, 0, 0, 0, 0, 0, 0, 0, 0, 0),
(637, 2110130, 0, 0, 0, 0, 0, 0, 0, 0, 0, 0, 0, 0, 0, 0, 0, 0, 0, 0, 0, 0, 0, 0, 0, 0),
(638, 2110131, 0, 0, 0, 0, 0, 0, 0, 0, 0, 0, 0, 0, 0, 0, 0, 0, 0, 0, 0, 0, 0, 0, 0, 0),
(639, 2110132, 0, 0, 0, 0, 0, 0, 0, 0, 0, 0, 0, 0, 0, 0, 0, 0, 0, 0, 0, 0, 0, 0, 0, 0),
(640, 2110133, 0, 0, 0, 0, 0, 0, 0, 0, 0, 0, 0, 0, 0, 0, 0, 0, 0, 0, 0, 0, 0, 0, 0, 0),
(641, 2110134, 0, 0, 0, 0, 0, 0, 0, 0, 0, 0, 0, 0, 0, 0, 0, 0, 0, 0, 0, 0, 0, 0, 0, 0),
(642, 2110135, 0, 0, 0, 0, 0, 0, 0, 0, 0, 0, 0, 0, 0, 0, 0, 0, 0, 0, 0, 0, 0, 0, 0, 0),
(643, 2110136, 0, 0, 0, 0, 0, 0, 0, 0, 0, 0, 0, 0, 0, 0, 0, 0, 0, 0, 0, 0, 0, 0, 0, 0),
(644, 2110137, 0, 0, 0, 0, 0, 0, 0, 0, 0, 0, 0, 0, 0, 0, 0, 0, 0, 0, 0, 0, 0, 0, 0, 0),
(645, 2110138, 0, 0, 0, 0, 0, 0, 0, 0, 0, 0, 0, 0, 0, 0, 0, 0, 0, 0, 0, 0, 0, 0, 0, 0),
(646, 2110139, 0, 0, 0, 0, 0, 0, 0, 0, 0, 0, 0, 0, 0, 0, 0, 0, 0, 0, 0, 0, 0, 0, 0, 0),
(647, 2110140, 0, 0, 0, 0, 0, 0, 0, 0, 0, 0, 0, 0, 0, 0, 0, 0, 0, 0, 0, 0, 0, 0, 0, 0),
(648, 2110141, 0, 0, 0, 0, 0, 0, 0, 0, 0, 0, 0, 0, 0, 0, 0, 0, 0, 0, 0, 0, 0, 0, 0, 0),
(649, 2110142, 0, 0, 0, 0, 0, 0, 0, 0, 0, 0, 0, 0, 0, 0, 0, 0, 0, 0, 0, 0, 0, 0, 0, 0),
(650, 2110143, 0, 0, 0, 0, 0, 0, 0, 0, 0, 0, 0, 0, 0, 0, 0, 0, 0, 0, 0, 0, 0, 0, 0, 0),
(651, 2110144, 0, 0, 0, 0, 0, 0, 0, 0, 0, 0, 0, 0, 0, 0, 0, 0, 0, 0, 0, 0, 0, 0, 0, 0),
(652, 2110145, 0, 0, 0, 0, 0, 0, 0, 0, 0, 0, 0, 0, 0, 0, 0, 0, 0, 0, 0, 0, 0, 0, 0, 0),
(653, 2110201, 0, 0, 0, 0, 0, 0, 0, 0, 0, 0, 0, 0, 0, 0, 0, 0, 0, 0, 0, 0, 0, 0, 0, 0),
(654, 2110202, 0, 0, 0, 0, 0, 0, 0, 0, 0, 0, 0, 0, 0, 0, 0, 0, 0, 0, 0, 0, 0, 0, 0, 0),
(655, 2110203, 0, 0, 0, 0, 0, 0, 0, 0, 0, 0, 0, 0, 0, 0, 0, 0, 0, 0, 0, 0, 0, 0, 0, 0),
(656, 2110204, 0, 0, 0, 0, 0, 0, 0, 0, 0, 0, 0, 0, 0, 0, 0, 0, 0, 0, 0, 0, 0, 0, 0, 0),
(657, 2110205, 0, 0, 0, 0, 0, 0, 0, 0, 0, 0, 0, 0, 0, 0, 0, 0, 0, 0, 0, 0, 0, 0, 0, 0),
(658, 2110206, 0, 0, 0, 0, 0, 0, 0, 0, 0, 0, 0, 0, 0, 0, 0, 0, 0, 0, 0, 0, 0, 0, 0, 0),
(659, 2110207, 0, 0, 0, 0, 0, 0, 0, 0, 0, 0, 0, 0, 0, 0, 0, 0, 0, 0, 0, 0, 0, 0, 0, 0),
(660, 2110208, 0, 0, 0, 0, 0, 0, 0, 0, 0, 0, 0, 0, 0, 0, 0, 0, 0, 0, 0, 0, 0, 0, 0, 0),
(661, 2110209, 0, 0, 0, 0, 0, 0, 0, 0, 0, 0, 0, 0, 0, 0, 0, 0, 0, 0, 0, 0, 0, 0, 0, 0),
(662, 2110210, 0, 0, 0, 0, 0, 0, 0, 0, 0, 0, 0, 0, 0, 0, 0, 0, 0, 0, 0, 0, 0, 0, 0, 0),
(663, 2110211, 0, 0, 0, 0, 0, 0, 0, 0, 0, 0, 0, 0, 0, 0, 0, 0, 0, 0, 0, 0, 0, 0, 0, 0),
(664, 2110212, 0, 0, 0, 0, 0, 0, 0, 0, 0, 0, 0, 0, 0, 0, 0, 0, 0, 0, 0, 0, 0, 0, 0, 0),
(665, 2110213, 0, 0, 0, 0, 0, 0, 0, 0, 0, 0, 0, 0, 0, 0, 0, 0, 0, 0, 0, 0, 0, 0, 0, 0),
(666, 2110214, 0, 0, 0, 0, 0, 0, 0, 0, 0, 0, 0, 0, 0, 0, 0, 0, 0, 0, 0, 0, 0, 0, 0, 0),
(667, 2110215, 0, 0, 0, 0, 0, 0, 0, 0, 0, 0, 0, 0, 0, 0, 0, 0, 0, 0, 0, 0, 0, 0, 0, 0),
(668, 2110216, 0, 0, 0, 0, 0, 0, 0, 0, 0, 0, 0, 0, 0, 0, 0, 0, 0, 0, 0, 0, 0, 0, 0, 0),
(669, 2110217, 0, 0, 0, 0, 0, 0, 0, 0, 0, 0, 0, 0, 0, 0, 0, 0, 0, 0, 0, 0, 0, 0, 0, 0),
(670, 2110218, 0, 0, 0, 0, 0, 0, 0, 0, 0, 0, 0, 0, 0, 0, 0, 0, 0, 0, 0, 0, 0, 0, 0, 0),
(671, 2110219, 0, 0, 0, 0, 0, 0, 0, 0, 0, 0, 0, 0, 0, 0, 0, 0, 0, 0, 0, 0, 0, 0, 0, 0),
(672, 2110220, 0, 0, 0, 0, 0, 0, 0, 0, 0, 0, 0, 0, 0, 0, 0, 0, 0, 0, 0, 0, 0, 0, 0, 0),
(673, 2110221, 0, 0, 0, 0, 0, 0, 0, 0, 0, 0, 0, 0, 0, 0, 0, 0, 0, 0, 0, 0, 0, 0, 0, 0),
(674, 2110222, 0, 0, 0, 0, 0, 0, 0, 0, 0, 0, 0, 0, 0, 0, 0, 0, 0, 0, 0, 0, 0, 0, 0, 0),
(675, 2110223, 0, 0, 0, 0, 0, 0, 0, 0, 0, 0, 0, 0, 0, 0, 0, 0, 0, 0, 0, 0, 0, 0, 0, 0),
(676, 2110224, 0, 0, 0, 0, 0, 0, 0, 0, 0, 0, 0, 0, 0, 0, 0, 0, 0, 0, 0, 0, 0, 0, 0, 0),
(677, 2110225, 0, 0, 0, 0, 0, 0, 0, 0, 0, 0, 0, 0, 0, 0, 0, 0, 0, 0, 0, 0, 0, 0, 0, 0),
(678, 2110226, 0, 0, 0, 0, 0, 0, 0, 0, 0, 0, 0, 0, 0, 0, 0, 0, 0, 0, 0, 0, 0, 0, 0, 0),
(679, 2110227, 0, 0, 0, 0, 0, 0, 0, 0, 0, 0, 0, 0, 0, 0, 0, 0, 0, 0, 0, 0, 0, 0, 0, 0),
(680, 2110228, 0, 0, 0, 0, 0, 0, 0, 0, 0, 0, 0, 0, 0, 0, 0, 0, 0, 0, 0, 0, 0, 0, 0, 0),
(681, 2110229, 0, 0, 0, 0, 0, 0, 0, 0, 0, 0, 0, 0, 0, 0, 0, 0, 0, 0, 0, 0, 0, 0, 0, 0),
(682, 2110230, 0, 0, 0, 0, 0, 0, 0, 0, 0, 0, 0, 0, 0, 0, 0, 0, 0, 0, 0, 0, 0, 0, 0, 0),
(683, 2110231, 0, 0, 0, 0, 0, 0, 0, 0, 0, 0, 0, 0, 0, 0, 0, 0, 0, 0, 0, 0, 0, 0, 0, 0),
(684, 2110232, 0, 0, 0, 0, 0, 0, 0, 0, 0, 0, 0, 0, 0, 0, 0, 0, 0, 0, 0, 0, 0, 0, 0, 0),
(685, 2110233, 0, 0, 0, 0, 0, 0, 0, 0, 0, 0, 0, 0, 0, 0, 0, 0, 0, 0, 0, 0, 0, 0, 0, 0),
(686, 2110234, 0, 0, 0, 0, 0, 0, 0, 0, 0, 0, 0, 0, 0, 0, 0, 0, 0, 0, 0, 0, 0, 0, 0, 0),
(687, 2110235, 0, 0, 0, 0, 0, 0, 0, 0, 0, 0, 0, 0, 0, 0, 0, 0, 0, 0, 0, 0, 0, 0, 0, 0),
(688, 2110236, 0, 0, 0, 0, 0, 0, 0, 0, 0, 0, 0, 0, 0, 0, 0, 0, 0, 0, 0, 0, 0, 0, 0, 0),
(689, 2110237, 0, 0, 0, 0, 0, 0, 0, 0, 0, 0, 0, 0, 0, 0, 0, 0, 0, 0, 0, 0, 0, 0, 0, 0),
(690, 2110238, 0, 0, 0, 0, 0, 0, 0, 0, 0, 0, 0, 0, 0, 0, 0, 0, 0, 0, 0, 0, 0, 0, 0, 0),
(691, 2110239, 0, 0, 0, 0, 0, 0, 0, 0, 0, 0, 0, 0, 0, 0, 0, 0, 0, 0, 0, 0, 0, 0, 0, 0),
(692, 2110240, 0, 0, 0, 0, 0, 0, 0, 0, 0, 0, 0, 0, 0, 0, 0, 0, 0, 0, 0, 0, 0, 0, 0, 0),
(693, 2110241, 0, 0, 0, 0, 0, 0, 0, 0, 0, 0, 0, 0, 0, 0, 0, 0, 0, 0, 0, 0, 0, 0, 0, 0),
(694, 2110242, 0, 0, 0, 0, 0, 0, 0, 0, 0, 0, 0, 0, 0, 0, 0, 0, 0, 0, 0, 0, 0, 0, 0, 0),
(695, 2110243, 0, 0, 0, 0, 0, 0, 0, 0, 0, 0, 0, 0, 0, 0, 0, 0, 0, 0, 0, 0, 0, 0, 0, 0),
(696, 2110244, 0, 0, 0, 0, 0, 0, 0, 0, 0, 0, 0, 0, 0, 0, 0, 0, 0, 0, 0, 0, 0, 0, 0, 0),
(697, 2110245, 0, 0, 0, 0, 0, 0, 0, 0, 0, 0, 0, 0, 0, 0, 0, 0, 0, 0, 0, 0, 0, 0, 0, 0),
(698, 2110246, 0, 0, 0, 0, 0, 0, 0, 0, 0, 0, 0, 0, 0, 0, 0, 0, 0, 0, 0, 0, 0, 0, 0, 0),
(699, 2110247, 0, 0, 0, 0, 0, 0, 0, 0, 0, 0, 0, 0, 0, 0, 0, 0, 0, 0, 0, 0, 0, 0, 0, 0),
(700, 2110248, 0, 0, 0, 0, 0, 0, 0, 0, 0, 0, 0, 0, 0, 0, 0, 0, 0, 0, 0, 0, 0, 0, 0, 0),
(701, 2110249, 0, 0, 0, 0, 0, 0, 0, 0, 0, 0, 0, 0, 0, 0, 0, 0, 0, 0, 0, 0, 0, 0, 0, 0),
(702, 2110250, 0, 0, 0, 0, 0, 0, 0, 0, 0, 0, 0, 0, 0, 0, 0, 0, 0, 0, 0, 0, 0, 0, 0, 0),
(703, 2110251, 0, 0, 0, 0, 0, 0, 0, 0, 0, 0, 0, 0, 0, 0, 0, 0, 0, 0, 0, 0, 0, 0, 0, 0),
(704, 2110252, 0, 0, 0, 0, 0, 0, 0, 0, 0, 0, 0, 0, 0, 0, 0, 0, 0, 0, 0, 0, 0, 0, 0, 0),
(705, 401, 8, 16, 57, 16, 0, 0, 0, 0, 27, 33, 0, 0, 0, 0, 20, 30, 0, 0, 0, 0, 0, 0, 0, 0),
(706, 402, 6, 44, 67, 24, 0, 0, 0, 0, 31, 36, 0, 0, 0, 0, 75, 59, 0, 0, 0, 0, 0, 0, 0, 0),
(707, 403, 8, 35, 59, 31, 0, 0, 0, 0, 24, 38, 0, 0, 0, 0, 44, 58, 0, 0, 0, 0, 0, 0, 0, 0),
(708, 404, 13, 41, 52, 37, 0, 0, 0, 0, 34, 40, 0, 0, 0, 0, 48, 77, 0, 0, 0, 0, 0, 0, 0, 0),
(709, 405, 10, 12, 51, 31, 0, 0, 0, 0, 21, 60, 0, 0, 0, 0, 50, 43, 0, 0, 0, 0, 0, 0, 0, 0),
(710, 406, 12, 30, 50, 16, 0, 0, 0, 0, 21, 26, 0, 0, 0, 0, 24, 18, 0, 0, 0, 0, 0, 0, 0, 0),
(711, 407, -1, -1, -1, -1, 0, 0, 0, 0, -1, -1, 0, 0, 0, 0, -1, -1, 0, 0, 0, 0, 0, 0, 0, 0),
(712, 408, 2, 4, 6, 25, 0, 0, 0, 0, 20, 18, 0, 0, 0, 0, 41, 35, 0, 0, 0, 0, 0, 0, 0, 0),
(713, 409, 15, 41, 94, 36, 0, 0, 0, 0, 20, 56, 0, 0, 0, 0, 60, 56, 0, 0, 0, 0, 0, 0, 0, 0),
(714, 410, 28, 34, 45, 44, 0, 0, 0, 0, 30, 54, 0, 0, 0, 0, 56, 56, 0, 0, 0, 0, 0, 0, 0, 0),
(715, 411, 46, 82, 98, 54, 0, 0, 0, 0, 20, 77, 0, 0, 0, 0, 90, 76, 0, 0, 0, 0, 0, 0, 0, 0),
(716, 412, 36, 62, 86, 59, 0, 0, 0, 0, 21, 79, 0, 0, 0, 0, 90, 88, 0, 0, 0, 0, 0, 0, 0, 0),
(717, 413, 37, 64, 58, 56, 0, 0, 0, 0, 23, 80, 0, 0, 0, 0, 90, 74, 0, 0, 0, 0, 0, 0, 0, 0),
(718, 414, 33, 36, 63, 36, 0, 0, 0, 0, 26, 57, 0, 0, 0, 0, 64, 60, 0, 0, 0, 0, 0, 0, 0, 0),
(719, 415, 40, 18, 74, 51, 0, 0, 0, 0, 35, 71, 0, 0, 0, 0, 90, 90, 0, 0, 0, 0, 0, 0, 0, 0),
(720, 416, 33, 58, 63, 45, 0, 0, 0, 0, 22, 58, 0, 0, 0, 0, 78, 68, 0, 0, 0, 0, 0, 0, 0, 0),
(721, 417, 52, 70, 81, 70, 0, 0, 0, 0, 36, 70, 0, 0, 0, 0, 90, 91, 0, 0, 0, 0, 0, 0, 0, 0),
(722, 418, 53, 56, 81, 53, 0, 0, 0, 0, 22, 74, 0, 0, 0, 0, 84, 74, 0, 0, 0, 0, 0, 0, 0, 0),
(723, 419, 55, 49, 79, 51, 0, 0, 0, 0, 22, 62, 0, 0, 0, 0, 81, 74, 0, 0, 0, 0, 0, 0, 0, 0),
(724, 420, 37, 32, 91, 19, 0, 0, 0, 0, 34, 27, 0, 0, 0, 0, 44, 50, 0, 0, 0, 0, 0, 0, 0, 0),
(725, 421, -1, -1, -1, -1, 0, 0, 0, 0, -1, -1, 0, 0, 0, 0, -1, -1, 0, 0, 0, 0, 0, 0, 0, 0),
(726, 422, 55, 71, 86, 43, 0, 0, 0, 0, 30, 59, 0, 0, 0, 0, 90, 92, 0, 0, 0, 0, 0, 0, 0, 0),
(727, 423, -1, -1, -1, -1, 0, 0, 0, 0, -1, -1, 0, 0, 0, 0, -1, 29, 0, 0, 0, 0, 0, 0, 0, 0),
(728, 424, 6, 31, 20, 24, 0, 0, 0, 0, 21, 52, 0, 0, 0, 0, 62, 58, 0, 0, 0, 0, 0, 0, 0, 0),
(729, 425, 28, 37, 30, 30, 0, 0, 0, 0, 20, 31, 0, 0, 0, 0, 33, 37, 0, 0, 0, 0, 0, 0, 0, 0),
(730, 426, 23, 24, 45, 18, 0, 0, 0, 0, -1, 19, 0, 0, 0, 0, 26, 38, 0, 0, 0, 0, 0, 0, 0, 0),
(731, 427, 18, 37, 45, 16, 0, 0, 0, 0, 21, 24, 0, 0, 0, 0, 18, 20, 0, 0, 0, 0, 0, 0, 0, 0),
(732, 428, 18, -1, 32, 23, 0, 0, 0, 0, 21, 28, 0, 0, 0, 0, 38, 25, 0, 0, 0, 0, 0, 0, 0, 0),
(733, 429, 27, 20, 34, 21, 0, 0, 0, 0, 28, 20, 0, 0, 0, 0, 20, 62, 0, 0, 0, 0, 0, 0, 0, 0),
(734, 430, -1, 22, 35, 19, 0, 0, 0, 0, 29, 11, 0, 0, 0, 0, 20, 47, 0, 0, 0, 0, 0, 0, 0, 0),
(735, 501, 37, 19, 53, 30, 0, 0, 0, 0, 41, 15, 0, 0, 0, 0, 53, 50, 0, 0, 0, 0, 0, 0, 0, 0),
(736, 502, 10, 19, 32, 30, 0, 0, 0, 0, 24, 10, 0, 0, 0, 0, 33, 32, 0, 0, 0, 0, 0, 0, 0, 0),
(737, 503, 15, 26, 40, 23, 0, 0, 0, 0, 30, 26, 0, 0, 0, 0, 40, 33, 0, 0, 0, 0, 0, 0, 0, 0),
(738, 504, 15, 4, 45, 38, 0, 0, 0, 0, 27, 23, 0, 0, 0, 0, 26, 28, 0, 0, 0, 0, 0, 0, 0, 0),
(739, 505, 8, 26, 26, 26, 0, 0, 0, 0, 20, 25, 0, 0, 0, 0, 48, 31, 0, 0, 0, 0, 0, 0, 0, 0),
(740, 506, 71, 98, 84, 78, 0, 0, 0, 0, 28, 100, 0, 0, 0, 0, 94, 92, 0, 0, 0, 0, 0, 0, 0, 0),
(741, 507, 13, 14, 60, 34, 0, 0, 0, 0, 27, 20, 0, 0, 0, 0, 22, 29, 0, 0, 0, 0, 0, 0, 0, 0),
(742, 508, 8, 14, 4, -1, 0, 0, 0, 0, 28, -1, 0, 0, 0, 0, 26, -1, 0, 0, 0, 0, 0, 0, 0, 0),
(743, 509, 48, 70, 45, 34, 0, 0, 0, 0, 29, 50, 0, 0, 0, 0, 84, 74, 0, 0, 0, 0, 0, 0, 0, 0),
(744, 510, 20, 10, 6, 37, 0, 0, 0, 0, 30, 36, 0, 0, 0, 0, 25, 37, 0, 0, 0, 0, 0, 0, 0, 0),
(745, 511, 31, 37, 46, 36, 0, 0, 0, 0, 37, 27, 0, 0, 0, 0, 73, 39, 0, 0, 0, 0, 0, 0, 0, 0),
(746, 512, 20, 40, 6, 38, 0, 0, 0, 0, 20, 23, 0, 0, 0, 0, 71, 31, 0, 0, 0, 0, 0, 0, 0, 0),
(747, 513, 14, 18, 57, 35, 0, 0, 0, 0, 34, 17, 0, 0, 0, 0, 33, 50, 0, 0, 0, 0, 0, 0, 0, 0),
(748, 514, 32, 12, 58, 20, 0, 0, 0, 0, 27, 12, 0, 0, 0, 0, 36, 23, 0, 0, 0, 0, 0, 0, 0, 0),
(749, 515, 54, 44, 46, 24, 0, 0, 0, 0, 27, 57, 0, 0, 0, 0, 62, 57, 0, 0, 0, 0, 0, 0, 0, 0),
(750, 516, 33, 18, 53, 38, 0, 0, 0, 0, 24, 41, 0, 0, 0, 0, 43, 38, 0, 0, 0, 0, 0, 0, 0, 0),
(751, 517, 11, 46, 14, 34, 0, 0, 0, 0, 38, 30, 0, 0, 0, 0, 62, 30, 0, 0, 0, 0, 0, 0, 0, 0),
(752, 518, 17, 24, 30, 42, 0, 0, 0, 0, 37, 18, 0, 0, 0, 0, 26, 53, 0, 0, 0, 0, 0, 0, 0, 0),
(753, 519, 17, 10, 4, 33, 0, 0, 0, 0, 31, 21, 0, 0, 0, 0, 69, 34, 0, 0, 0, 0, 0, 0, 0, 0),
(754, 520, 24, 12, 8, 16, 0, 0, 0, 0, 22, 18, 0, 0, 0, 0, 41, 27, 0, 0, 0, 0, 0, 0, 0, 0),
(755, 521, 34, 12, 38, 28, 0, 0, 0, 0, 25, 23, 0, 0, 0, 0, 26, 22, 0, 0, 0, 0, 0, 0, 0, 0),
(756, 522, 71, 84, 60, 68, 0, 0, 0, 0, 25, 89, 0, 0, 0, 0, 88, 82, 0, 0, 0, 0, 0, 0, 0, 0),
(757, 523, 39, 22, 48, 50, 0, 0, 0, 0, 37, 33, 0, 0, 0, 0, 65, 42, 0, 0, 0, 0, 0, 0, 0, 0),
(758, 524, 28, 59, 58, 34, 0, 0, 0, 0, 29, 30, 0, 0, 0, 0, 63, 48, 0, 0, 0, 0, 0, 0, 0, 0),
(759, 525, 22, 17, 61, 25, 0, 0, 0, 0, 28, 33, 0, 0, 0, 0, 23, 44, 0, 0, 0, 0, 0, 0, 0, 0),
(760, 526, 18, 14, 36, 20, 0, 0, 0, 0, 39, 24, 0, 0, 0, 0, 20, 37, 0, 0, 0, 0, 0, 0, 0, 0),
(761, 527, 4, 26, 6, 34, 0, 0, 0, 0, 37, 25, 0, 0, 0, 0, 22, 20, 0, 0, 0, 0, 0, 0, 0, 0),
(762, 528, 31, 73, 52, 35, 0, 0, 0, 0, 32, 46, 0, 0, 0, 0, 67, 50, 0, 0, 0, 0, 0, 0, 0, 0),
(763, 529, 35, 74, 30, 45, 0, 0, 0, 0, 38, 66, 0, 0, 0, 0, 78, 66, 0, 0, 0, 0, 0, 0, 0, 0),
(764, 530, 13, 8, 8, 62, 0, 0, 0, 0, 29, 13, 0, 0, 0, 0, 36, 10, 0, 0, 0, 0, 0, 0, 0, 0),
(765, 531, 31, 52, 25, 63, 0, 0, 0, 0, 27, 34, 0, 0, 0, 0, 47, 52, 0, 0, 0, 0, 0, 0, 0, 0),
(766, 532, 20, 28, 35, 30, 0, 0, 0, 0, 28, 20, 0, 0, 0, 0, 36, 43, 0, 0, 0, 0, 0, 0, 0, 0),
(767, 533, 54, 76, 24, 68, 0, 0, 0, 0, 46, 41, 0, 0, 0, 0, 74, 61, 0, 0, 0, 0, 0, 0, 0, 0),
(768, 534, 21, 20, 26, 33, 0, 0, 0, 0, 32, 28, 0, 0, 0, 0, 44, 49, 0, 0, 0, 0, 0, 0, 0, 0),
(769, 535, 17, 32, 25, 36, 0, 0, 0, 0, 28, 44, 0, 0, 0, 0, 57, 36, 0, 0, 0, 0, 0, 0, 0, 0);

-- --------------------------------------------------------

--
-- Table structure for table `mobile_nos`
--

CREATE TABLE `mobile_nos` (
  `Id` int(11) NOT NULL,
  `Roll_No` int(11) NOT NULL,
  `Mobile_No2` varchar(12) NOT NULL DEFAULT '03',
  `Mobile_No3` varchar(12) NOT NULL DEFAULT '03'
) ENGINE=InnoDB DEFAULT CHARSET=utf8mb4 COLLATE=utf8mb4_general_ci;

--
-- Dumping data for table `mobile_nos`
--

INSERT INTO `mobile_nos` (`Id`, `Roll_No`, `Mobile_No2`, `Mobile_No3`) VALUES
(1, 22625, '0318-9739457', '03'),
(2, 22630, '0340-8282860', '03');

-- --------------------------------------------------------

--
-- Table structure for table `position`
--

CREATE TABLE `position` (
  `Serial_No` int(11) NOT NULL,
  `Roll_No` int(11) NOT NULL,
  `Total_Marks` int(11) NOT NULL
) ENGINE=InnoDB DEFAULT CHARSET=latin1 COLLATE=latin1_swedish_ci;

-- --------------------------------------------------------

--
-- Table structure for table `schools`
--

CREATE TABLE `schools` (
  `Id` int(11) NOT NULL,
  `Name` varchar(30) NOT NULL,
  `Status` int(2) NOT NULL DEFAULT 1
) ENGINE=InnoDB DEFAULT CHARSET=latin1 COLLATE=latin1_swedish_ci;

--
-- Dumping data for table `schools`
--

INSERT INTO `schools` (`Id`, `Name`, `Status`) VALUES
(1, 'GHSS Chitor', 1),
(2, 'GPS Chitor', 1),
(3, 'GMS Marghazar', 1),
(4, 'GPS Kokrai', 1),
(5, 'GMS Sapalbandi', 1),
(6, 'Community School Jabba', 1),
(7, 'GMS Sheratraf', 1);

-- --------------------------------------------------------

--
-- Table structure for table `school_classes`
--

CREATE TABLE `school_classes` (
  `Id` int(11) NOT NULL,
  `Name` varchar(30) NOT NULL,
  `School_Id` int(2) NOT NULL,
  `Pass_Percentage` float NOT NULL DEFAULT 0,
  `Status` tinyint(1) NOT NULL DEFAULT 1
) ENGINE=InnoDB DEFAULT CHARSET=latin1 COLLATE=latin1_swedish_ci;

--
-- Dumping data for table `school_classes`
--

INSERT INTO `school_classes` (`Id`, `Name`, `School_Id`, `Pass_Percentage`, `Status`) VALUES
(1, '6th A', 1, 33, 1),
(2, '6th B', 1, 33, 1),
(3, '7th', 1, 33, 1),
(4, '8th', 1, 33, 1),
(5, '9th A', 1, 30, 1),
(6, '9th B', 1, 25, 1),
(7, '10th A', 1, 30, 1),
(8, '10th B', 1, 25, 0),
(9, '6th', 1, 25, 0),
(10, '11th', 1, 25, 0),
(11, '8th', 3, 33, 1),
(12, '5th', 4, 33, 1),
(13, '5th', 2, 33, 1),
(14, '8th', 5, 33, 1),
(15, '8th', 2, 33, 0),
(16, '5th', 6, 33, 1),
(17, '5th', 1, 33, 0),
(29, '8th', 7, 33, 1),
(30, '12th', 1, 33, 0),
(31, '9th Arts', 1, 33, 1);

-- --------------------------------------------------------

--
-- Table structure for table `setting`
--

CREATE TABLE `setting` (
  `User_Id` int(11) NOT NULL,
  `Selected_School_Id` int(11) NOT NULL DEFAULT 1,
  `Selected_Class_Id` int(11) NOT NULL DEFAULT 1,
  `Student_Changes` int(1) NOT NULL DEFAULT 0,
  `Batch_Marks_Changes` int(1) NOT NULL DEFAULT 0,
  `Single_Marks_Changes` int(1) NOT NULL DEFAULT 0,
  `Subject_Changes` int(1) NOT NULL DEFAULT 0,
  `School_Changes` int(1) NOT NULL DEFAULT 0,
  `Marks_Lock_Changes` int(1) NOT NULL DEFAULT 0,
  `Permission_Changes` int(1) NOT NULL DEFAULT 0
) ENGINE=InnoDB DEFAULT CHARSET=latin1 COLLATE=latin1_swedish_ci;

--
-- Dumping data for table `setting`
--

INSERT INTO `setting` (`User_Id`, `Selected_School_Id`, `Selected_Class_Id`, `Student_Changes`, `Batch_Marks_Changes`, `Single_Marks_Changes`, `Subject_Changes`, `School_Changes`, `Marks_Lock_Changes`, `Permission_Changes`) VALUES
(1, 1, 1, 0, 0, 0, 0, 0, 0, 0),
(2, 4, 4, 0, 0, 1, 0, 0, 0, 0),
(4, 1, 2, 1, 0, 1, 1, 0, 0, 0),
(5, 1, 3, 1, 0, 0, 0, 0, 0, 0),
(6, 1, 1, 1, 0, 0, 0, 0, 0, 0),
(7, 1, 1, 0, 0, 0, 0, 0, 0, 0),
(8, 1, 1, 0, 0, 0, 0, 0, 0, 0),
(9, 1, 1, 0, 0, 0, 0, 0, 0, 0),
(10, 1, 1, 0, 0, 0, 0, 0, 0, 0),
(11, 1, 1, 0, 0, 1, 0, 0, 0, 0),
(12, 1, 1, 0, 0, 0, 0, 0, 0, 0),
(13, 1, 1, 0, 0, 0, 0, 0, 0, 0),
(14, 1, 1, 0, 0, 1, 0, 0, 0, 0),
(15, 1, 1, 0, 0, 0, 0, 0, 0, 0),
(16, 1, 1, 0, 0, 0, 0, 0, 0, 0),
(17, 1, 1, 0, 0, 1, 0, 0, 0, 0),
(18, 1, 1, 0, 0, 0, 0, 0, 0, 0),
(19, 2, 17, 0, 0, 1, 0, 0, 0, 0),
(20, 1, 1, 0, 0, 1, 0, 0, 0, 0),
(21, 1, 1, 0, 0, 1, 0, 0, 0, 0),
(22, 1, 1, 0, 0, 0, 0, 0, 0, 0),
(23, 1, 1, 0, 0, 0, 0, 0, 0, 0),
(24, 1, 1, 0, 0, 0, 0, 0, 0, 0),
(25, 1, 1, 0, 0, 1, 0, 0, 0, 0),
(26, 1, 17, 1, 1, 1, 1, 1, 1, 1),
(27, 1, 1, 0, 0, 1, 0, 0, 0, 0),
(28, 1, 1, 0, 0, 1, 0, 0, 0, 0);

-- --------------------------------------------------------

--
-- Table structure for table `students_info`
--

CREATE TABLE `students_info` (
  `Roll_No` int(11) NOT NULL,
  `Name` varchar(30) NOT NULL,
  `FName` varchar(30) NOT NULL,
  `Gender` enum('Male','Female') NOT NULL DEFAULT 'Male',
  `Dob` date DEFAULT NULL,
  `Mobile_No` varchar(12) NOT NULL DEFAULT '03',
  `Admission_Date` date DEFAULT NULL,
  `Admission_No` int(6) DEFAULT NULL,
  `Admission_No_High` int(6) DEFAULT 0,
  `Father_Cnic` varchar(15) DEFAULT NULL,
  `Student_Form_B` varchar(15) DEFAULT NULL,
  `School` varchar(30) NOT NULL DEFAULT 'GHSS CHITOR',
  `Class` enum('5th','6th','6th A','6th B','7th','8th','9th A','9th B','10th A','10th B','11th','12th','7th A','7th B','4th','13th') NOT NULL,
  `Class_Position` varchar(20) DEFAULT NULL,
  `Status` int(11) NOT NULL DEFAULT 1,
  `Class_No` int(3) DEFAULT NULL,
  `Graduation_Year` year(4) NOT NULL DEFAULT 0000,
  `Address` varchar(250) NOT NULL
) ENGINE=InnoDB DEFAULT CHARSET=latin1 COLLATE=latin1_swedish_ci;

--
-- Dumping data for table `students_info`
--

INSERT INTO `students_info` (`Roll_No`, `Name`, `FName`, `Gender`, `Dob`, `Mobile_No`, `Admission_Date`, `Admission_No`, `Admission_No_High`, `Father_Cnic`, `Student_Form_B`, `School`, `Class`, `Class_Position`, `Status`, `Class_No`, `Graduation_Year`, `Address`) VALUES
(101, 'Asif Ali', 'Amir Zad Ali', 'Male', '1900-01-01', '03', '2025-09-17', 101, 101, '15602-', '15602-', 'GMS Sapalbandi', '8th', NULL, 1, 101, '0000', ''),
(102, 'Malak Arsalan Khan', 'Roibar Ali', 'Male', '1900-01-01', '03', '2025-09-17', 102, 102, '15602-', '15602-', 'GMS Sapalbandi', '8th', NULL, 1, 102, '0000', ''),
(103, 'Azlan Khan', 'Zarawar Khan', 'Male', '1900-01-01', '03', '2025-09-17', 103, 103, '15602-', '15602-', 'GMS Sapalbandi', '8th', NULL, 1, 103, '0000', ''),
(104, 'Muhammad Azan', 'Zemer Gul', 'Male', '1900-01-01', '03', '2025-09-17', 104, 104, '15602-', '15602-', 'GMS Sapalbandi', '8th', NULL, 1, 104, '0000', ''),
(105, 'Inamullah', 'Ezat Nawab', 'Male', '1900-01-01', '03', '2025-09-17', 105, 105, '15602-', '15602-', 'GMS Sapalbandi', '8th', NULL, 1, 105, '0000', ''),
(106, 'Shakir Khan', 'Amir Zad Ali', 'Male', '1900-01-01', '03', '2025-09-17', 106, 106, '15602-', '15602-', 'GMS Sapalbandi', '8th', NULL, 1, 106, '0000', ''),
(107, 'Muhammad Ayaz', 'Gul Khan', 'Male', '1900-01-01', '03', '2025-09-17', 107, 107, '15602-', '15602-', 'GMS Sapalbandi', '8th', NULL, 1, 107, '0000', ''),
(108, 'Habibullah', 'Habib Gul', 'Male', '1900-01-01', '03', '2025-09-17', 108, 108, '15602-', '15602-', 'GMS Sapalbandi', '8th', NULL, 1, 108, '0000', ''),
(109, 'Muhammad Yasir Arafat', 'Bakht Alam', 'Male', '1900-01-01', '03', '2025-09-17', 109, 109, '15602-', '15602-', 'GMS Sapalbandi', '8th', NULL, 1, 109, '0000', ''),
(110, 'Amir Hamza', 'Mian Sayed Alam', 'Male', '1900-01-01', '03', '2025-09-18', 110, 110, '15602-', '15602-', 'GMS Sapalbandi', '8th', NULL, 1, 110, '0000', ''),
(111, 'Muhammad Zeeshan', 'Mian Ezat Sher', 'Male', '1900-01-01', '03', '2025-09-18', 111, 111, '15602-', '15602-', 'GMS Sapalbandi', '8th', NULL, 1, 111, '0000', ''),
(112, 'Muhammad Ayan', 'Zameen Khan', 'Male', '1900-01-01', '03', '2025-09-18', 112, 112, '15602-', '15602-', 'GMS Sapalbandi', '8th', NULL, 1, 112, '0000', ''),
(113, 'Malak Shayan', 'Roibar Ali', 'Male', '1900-01-01', '03', '2025-09-18', 113, 113, '15602-', '15602-', 'GMS Sapalbandi', '8th', NULL, 1, 113, '0000', ''),
(114, 'Sajid Khan', 'Shah Hussain', 'Male', '1900-01-01', '03', '2025-09-18', 114, 114, '15602-', '15602-', 'GMS Sapalbandi', '8th', NULL, 1, 114, '0000', ''),
(115, 'Inamullah', 'Hamza Khan', 'Male', '1900-01-01', '03', '2025-09-18', 115, 115, '15602-', '15602-', 'GMS Sapalbandi', '8th', NULL, 1, 115, '0000', ''),
(116, 'Sahil Khan', 'Ahmad Sultan', 'Male', '1900-01-01', '03', '2025-09-18', 116, 116, '15602-', '15602-', 'GMS Sapalbandi', '8th', NULL, 1, 116, '0000', ''),
(117, 'Zeeshan', 'Noor ul Wahab', 'Male', '1900-01-01', '03', '2025-09-18', 117, 117, '15602-', '15602-', 'GMS Sapalbandi', '8th', NULL, 1, 117, '0000', ''),
(118, 'Muhammad Zakria', 'Amin ul Haq', 'Male', '1900-01-01', '03', '2025-09-18', 118, 118, '15602-', '15602-', 'GMS Sapalbandi', '8th', NULL, 1, 118, '0000', ''),
(119, 'Asif Ali', 'Amir Zad Ali', 'Male', '1900-01-01', '03', '2025-09-18', 119, 119, '15602-', '15602-', 'GMS Sapalbandi', '8th', NULL, 0, 119, '0000', ''),
(201, 'Owais Khan', 'Momin Khan', 'Male', '1900-01-01', '03', '2025-09-17', 201, 201, '15602-', '15602-', 'GMS Marghazar', '8th', NULL, 1, 201, '0000', ''),
(202, 'Hameed Ullah', 'Yousaf Khan', 'Male', '1900-01-01', '03', '2025-09-17', 202, 202, '15602-', '15602-', 'GMS Marghazar', '8th', NULL, 1, 202, '0000', ''),
(203, 'Ziaullah Khan', 'Umar Ali', 'Male', '1900-01-01', '03', '2025-09-17', 203, 203, '15602-', '15602-', 'GMS Marghazar', '8th', NULL, 1, 203, '0000', ''),
(204, 'Bilal Khan', 'Umar Ali', 'Male', '1900-01-01', '03', '2025-09-17', 204, 204, '15602-', '15602-', 'GMS Marghazar', '8th', NULL, 1, 204, '0000', ''),
(205, 'Noman Khan', 'Muhammad Rashad', 'Male', '1900-01-01', '03', '2025-09-17', 205, 205, '15602-', '15602-', 'GMS Marghazar', '8th', NULL, 1, 205, '0000', ''),
(206, 'Sudais Ahmad', 'Rahim Zada', 'Male', '1900-01-01', '03', '2025-09-17', 206, 206, '15602-', '15602-', 'GMS Marghazar', '8th', NULL, 1, 206, '0000', ''),
(207, 'Zakirullah', 'Saifullah', 'Male', '1900-01-01', '03', '2025-09-17', 207, 207, '15602-', '15602-', 'GMS Marghazar', '8th', NULL, 1, 207, '0000', ''),
(208, 'Muhammad Asif', 'Asmat Ali', 'Male', '1900-01-01', '03', '2025-09-17', 208, 208, '15602-', '15602-', 'GMS Marghazar', '8th', NULL, 1, 208, '0000', ''),
(209, 'Fayaz Khan', 'Bakht Sharif', 'Male', '1900-01-01', '03', '2025-09-17', 209, 209, '15602-', '15602-', 'GMS Marghazar', '8th', NULL, 1, 209, '0000', ''),
(210, 'Muhammad Talha', 'Nawab Ali', 'Male', '1900-01-01', '03', '2025-09-17', 210, 210, '15602-', '15602-', 'GMS Marghazar', '8th', NULL, 1, 210, '0000', ''),
(211, 'Zahid Khan', 'Muhammad Naeem', 'Male', '1900-01-01', '03', '2025-09-17', 211, 211, '15602-', '15602-', 'GMS Marghazar', '8th', NULL, 1, 211, '0000', ''),
(212, 'Mubeen Khattak', 'Fazal Amin', 'Male', '1900-01-01', '03', '2025-09-17', 212, 212, '15602-', '15602-', 'GMS Marghazar', '8th', NULL, 1, 212, '0000', ''),
(213, 'Muhammad Hilal', 'Gul Muhammad', 'Male', '1900-01-01', '03', '2025-09-17', 213, 213, '15602-', '15602-', 'GMS Marghazar', '8th', NULL, 1, 213, '0000', ''),
(214, 'Hassan Ali', 'Khan Muhammad', 'Male', '1900-01-01', '03', '2025-09-17', 214, 214, '15602-', '15602-', 'GMS Marghazar', '8th', NULL, 1, 214, '0000', ''),
(215, 'Muhammad Ayaz', 'Mehmood Shah', 'Male', '1900-01-01', '03', '2025-09-17', 215, 215, '15602-', '15602-', 'GMS Marghazar', '8th', NULL, 1, 215, '0000', ''),
(216, 'Hameed Ullah', 'Sher Zada', 'Male', '1900-01-01', '03', '2025-09-17', 216, 216, '15602-', '15602-', 'GMS Marghazar', '8th', NULL, 1, 216, '0000', ''),
(217, 'Shafiullah', 'Abdur Rahim', 'Male', '1900-01-01', '03', '2025-09-17', 217, 217, '15602-', '15602-', 'GMS Marghazar', '8th', NULL, 1, 217, '0000', ''),
(218, 'Fawad Khan', 'Sher Alam Khan', 'Male', '1900-01-01', '03', '2025-09-17', 218, 218, '15602-', '15602-', 'GMS Marghazar', '8th', NULL, 1, 218, '0000', ''),
(219, 'Nihar Khan', 'Rahmat Shah', 'Male', '1900-01-01', '03', '2025-09-17', 219, 219, '15602-', '15602-', 'GMS Marghazar', '8th', NULL, 1, 219, '0000', ''),
(220, 'Sarhan Khan', 'Khaista Ali', 'Male', '1900-01-01', '03', '2025-09-17', 220, 220, '15602-', '15602-', 'GMS Marghazar', '8th', NULL, 1, 220, '0000', ''),
(221, 'Hamza Khan', 'Muhammad Rehman', 'Male', '1900-01-01', '03', '2025-09-17', 221, 221, '15602-', '15602-', 'GMS Marghazar', '8th', NULL, 1, 221, '0000', ''),
(222, 'Sajid Khan', 'Muhammadi Khan', 'Male', '1900-01-01', '03', '2025-09-17', 222, 222, '15602-', '15602-', 'GMS Marghazar', '8th', NULL, 1, 222, '0000', ''),
(223, 'Najib Ullah', 'Umar Zeb', 'Male', '1900-01-01', '03', '2025-09-17', 223, 223, '15602-', '15602-', 'GMS Marghazar', '8th', NULL, 1, 223, '0000', ''),
(224, 'Aurang Zeb', 'Fazal Qadir', 'Male', '1900-01-01', '03', '2025-09-17', 224, 224, '15602-', '15602-', 'GMS Marghazar', '8th', NULL, 1, 224, '0000', ''),
(225, 'Nasarullah Khan', 'Ismail', 'Male', '1900-01-01', '03', '2025-09-17', 225, 225, '15602-', '15602-', 'GMS Marghazar', '8th', NULL, 1, 225, '0000', ''),
(226, 'Rahimullah', 'Pir Muhammad', 'Male', '1900-01-01', '03', '2025-09-17', 226, 226, '15602-', '15602-', 'GMS Marghazar', '8th', NULL, 1, 226, '0000', ''),
(227, 'Muhammad Zeeshan', 'Muhammad Ali', 'Male', '1900-01-01', '03', '2025-09-17', 227, 227, '15602-', '15602-', 'GMS Marghazar', '8th', NULL, 1, 227, '0000', ''),
(228, 'Anwar Rashid', 'Afzal Khan', 'Male', '1900-01-01', '03', '2025-09-17', 228, 228, '15602-', '15602-', 'GMS Marghazar', '8th', NULL, 1, 228, '0000', ''),
(229, 'Muhammad Umar', 'Ghamay', 'Male', '1900-01-01', '03', '2025-09-17', 229, 229, '15602-', '15602-', 'GMS Marghazar', '8th', NULL, 1, 229, '0000', ''),
(230, 'Yasin Khan', 'Bakht Sherin', 'Male', '1900-01-01', '03', '2025-09-17', 230, 230, '15602-', '15602-', 'GMS Marghazar', '8th', NULL, 1, 230, '0000', ''),
(231, 'Irfan Ullah', 'Ishaq', 'Male', '1900-01-01', '03', '2025-09-17', 231, 231, '15602-', '15602-', 'GMS Marghazar', '8th', NULL, 1, 231, '0000', ''),
(232, 'Rehan Ullah', 'Alam Zeb', 'Male', '1900-01-01', '03', '2025-09-17', 232, 232, '15602-', '15602-', 'GMS Marghazar', '8th', NULL, 1, 232, '0000', ''),
(233, 'Jawad ALi', 'Abdul Rauf', 'Male', '1900-01-01', '03', '2025-09-17', 233, 233, '15602-', '15602-', 'GMS Marghazar', '8th', NULL, 1, 233, '0000', ''),
(234, 'Muhammad Idress', 'Haroon Faisal', 'Male', '1900-01-01', '03', '2025-09-17', 234, 234, '15602-', '15602-', 'GMS Marghazar', '8th', NULL, 1, 234, '0000', ''),
(235, 'Muhammad Nizam', 'Muhammad Afzal', 'Male', '1900-01-01', '03', '2025-09-17', 235, 235, '15602-', '15602-', 'GMS Marghazar', '8th', NULL, 1, 235, '0000', ''),
(236, 'Imran Hussain', 'Usman Ali', 'Male', '1900-01-01', '03', '2025-09-17', 236, 236, '15602-', '15602-', 'GMS Marghazar', '8th', NULL, 1, 236, '0000', ''),
(237, 'Muhammad Arif', 'Akhtar Ali', 'Male', '1900-01-01', '03', '2025-09-17', 237, 237, '15602-', '15602-', 'GMS Marghazar', '8th', NULL, 1, 237, '0000', ''),
(238, 'Naeem Ullah', 'Sher Ali', 'Male', '1900-01-01', '03', '2025-09-17', 238, 238, '15602-', '15602-', 'GMS Marghazar', '8th', NULL, 1, 238, '0000', ''),
(301, 'Hamza Khan', 'Khan Wazir', 'Male', '1900-01-01', '03', '2025-09-18', 301, 301, '15602-', '15602-', 'GMS Sheratraf', '8th', NULL, 1, 301, '0000', ''),
(302, 'Abdullah', 'Usman Ali', 'Male', '1900-01-01', '03', '2025-09-18', 302, 302, '15602-', '15602-', 'GMS Sheratraf', '8th', NULL, 1, 302, '0000', ''),
(303, 'Muhammad Yaseen', 'Rahim Gul', 'Male', '1900-01-01', '03', '2025-09-18', 303, 303, '15602-', '15602-', 'GMS Sheratraf', '8th', NULL, 1, 303, '0000', ''),
(304, 'Fawad Khan', 'Sarfaraz Khan', 'Male', '1900-01-01', '03', '2025-09-18', 304, 304, '15602-', '15602-', 'GMS Sheratraf', '8th', NULL, 1, 304, '0000', ''),
(305, 'Jamil Khan', 'Waris Khan', 'Male', '1900-01-01', '03', '2025-09-18', 305, 305, '15602-', '15602-', 'GMS Sheratraf', '8th', NULL, 1, 305, '0000', ''),
(306, 'Hussain Ali', 'Said Ali Khan', 'Male', '1900-01-01', '03', '2025-09-18', 306, 306, '15602-', '15602-', 'GMS Sheratraf', '8th', NULL, 1, 306, '0000', ''),
(307, 'Fida Hussain', 'Muhammad Sherin', 'Male', '1900-01-01', '03', '2025-09-18', 307, 307, '15602-', '15602-', 'GMS Sheratraf', '8th', NULL, 1, 307, '0000', ''),
(308, 'Samiullah', 'Siraj u din', 'Male', '1900-01-01', '03', '2025-09-18', 308, 308, '15602-', '15602-', 'GMS Sheratraf', '8th', NULL, 1, 308, '0000', ''),
(309, 'Noman Khan', 'Ali Khan', 'Male', '1900-01-01', '03', '2025-09-18', 309, 309, '15602-', '15602-', 'GMS Sheratraf', '8th', NULL, 1, 309, '0000', ''),
(310, 'Kamran Khan', 'Sher Zada', 'Male', '1900-01-01', '03', '2025-09-18', 310, 310, '15602-', '15602-', 'GMS Sheratraf', '8th', NULL, 1, 310, '0000', ''),
(311, 'Muhammad Tahir Khan', 'Amir Hamza', 'Male', '1900-01-01', '03', '2025-09-18', 311, 311, '15602-', '15602-', 'GMS Sheratraf', '8th', NULL, 1, 311, '0000', ''),
(312, 'Yasir Khan', 'Liaqat Ali', 'Male', '1900-01-01', '03', '2025-09-18', 312, 312, '15602-', '15602-', 'GMS Sheratraf', '8th', NULL, 1, 312, '0000', ''),
(313, 'Saif Ullah', 'Bakht Zada', 'Male', '1900-01-01', '03', '2025-09-18', 313, 313, '15602-', '15602-', 'GMS Sheratraf', '8th', NULL, 1, 313, '0000', ''),
(314, 'Habib Ullah', 'Fazal Khani', 'Male', '1900-01-01', '03', '2025-09-18', 314, 314, '15602-', '15602-', 'GMS Sheratraf', '8th', NULL, 1, 314, '0000', ''),
(315, 'Naik Zada', 'Jan Zada', 'Male', '1900-01-01', '03', '2025-09-18', 315, 315, '15602-', '15602-', 'GMS Sheratraf', '8th', NULL, 1, 315, '0000', ''),
(316, 'Hafiz Ullah', 'Khaista Rahman', 'Male', '1900-01-01', '03', '2025-09-18', 316, 316, '15602-', '15602-', 'GMS Sheratraf', '8th', NULL, 1, 316, '0000', ''),
(317, 'Ikram Ullah', 'Wali Rahman', 'Male', '1900-01-01', '03', '2025-09-18', 317, 317, '15602-', '15602-', 'GMS Sheratraf', '8th', NULL, 1, 317, '0000', ''),
(318, 'Shafiullah', 'Suliman', 'Male', '1900-01-01', '03', '2025-09-18', 318, 318, '15602-', '15602-', 'GMS Sheratraf', '8th', NULL, 1, 318, '0000', ''),
(319, 'Muhammad Mustafa', 'Ayub Khan', 'Male', '1900-01-01', '03', '2025-09-18', 319, 319, '15602-', '15602-', 'GMS Sheratraf', '8th', NULL, 1, 319, '0000', ''),
(320, 'Inam Ullah', 'Usman Ghani', 'Male', '1900-01-01', '03', '2025-09-18', 320, 320, '15602-', '15602-', 'GMS Sheratraf', '8th', NULL, 1, 320, '0000', ''),
(321, 'Ubaid Ur Rahman', 'Amir Zada', 'Male', '1900-01-01', '03', '2025-09-18', 321, 321, '15602-', '15602-', 'GMS Sheratraf', '8th', NULL, 1, 321, '0000', ''),
(322, 'Sadiq Ahmad', 'Shah Wali Khan', 'Male', '1900-01-01', '03', '2025-09-18', 322, 322, '15602-', '15602-', 'GMS Sheratraf', '8th', NULL, 1, 322, '0000', ''),
(323, 'Izhar Ahmad', 'Azam Khan', 'Male', '1900-01-01', '03', '2025-09-18', 323, 323, '15602-', '15602-', 'GMS Sheratraf', '8th', NULL, 1, 323, '0000', ''),
(324, 'Israr Ali', 'Qasim Jan', 'Male', '1900-01-01', '03', '2025-09-18', 324, 324, '15602-', '15602-', 'GMS Sheratraf', '8th', NULL, 1, 324, '0000', ''),
(325, 'Shah Faisal', 'Sherin', 'Male', '1900-01-01', '03', '2025-09-18', 325, 325, '15602-', '15602-', 'GMS Sheratraf', '8th', NULL, 1, 325, '0000', ''),
(326, 'Ubaid Ullah', 'Gul Za Khan', 'Male', '1900-01-01', '03', '2025-09-18', 326, 326, '15602-', '15602-', 'GMS Sheratraf', '8th', NULL, 1, 326, '0000', ''),
(327, 'Sardar Ali', 'Khan Badshah', 'Male', '1900-01-01', '03', '2025-09-18', 327, 327, '15602-', '15602-', 'GMS Sheratraf', '8th', NULL, 1, 327, '0000', ''),
(328, 'Robiya Bibi', 'Bakht Zameen', 'Male', '1900-01-01', '03', '2025-09-18', 328, 328, '15602-', '15602-', 'GMS Sheratraf', '8th', NULL, 1, 328, '0000', ''),
(329, 'Fazal Hayat', 'Amani Room', 'Male', '1900-01-01', '03', '2025-09-18', 329, 329, '15602-', '15602-', 'GMS Sheratraf', '8th', NULL, 1, 329, '0000', ''),
(401, 'Muhammad khan', 'Umar Zada', 'Male', '1900-01-01', '03', '2025-09-19', 401, 401, '15602-', '15602-', 'GPS Chitor', '5th', NULL, 1, 401, '0000', ''),
(402, 'Hamid Ullah', 'Naseeb Rawan', 'Male', '1900-01-01', '03', '2025-09-19', 402, 402, '15602-', '15602-', 'GPS Chitor', '5th', NULL, 1, 402, '0000', ''),
(403, 'Shahid Ali', 'Said Rahman', 'Male', '1900-01-01', '03', '2025-09-19', 403, 403, '15602-', '15602-', 'GPS Chitor', '5th', NULL, 1, 403, '0000', ''),
(404, 'Zia Ullah', 'Hazrat Shah', 'Male', '1900-01-01', '03', '2025-09-19', 404, 404, '15602-', '15602-', 'GPS Chitor', '5th', NULL, 1, 404, '0000', ''),
(405, 'Muhsin khan', 'Sardar Ali', 'Male', '1900-01-01', '03', '2025-09-19', 405, 405, '15602-', '15602-', 'GPS Chitor', '5th', NULL, 1, 405, '0000', ''),
(406, 'Abubakkar khan', 'Jan zada', 'Male', '1900-01-01', '03', '2025-09-19', 406, 406, '15602-', '15602-', 'GPS Chitor', '5th', NULL, 1, 406, '0000', ''),
(407, 'Taiba Bibi', 'Ghulam Muhammad', 'Male', '1900-01-01', '03', '2025-09-19', 407, 407, '15602-', '15602-', 'GPS Chitor', '5th', NULL, 1, 407, '0000', ''),
(408, 'Lubna khan', 'Rahman gul', 'Male', '1900-01-01', '03', '2025-09-19', 408, 408, '15602-', '15602-', 'GPS Chitor', '5th', NULL, 1, 408, '0000', ''),
(409, 'Sajid Ali', 'Sajad Ali', 'Male', '1900-01-01', '03', '2025-09-19', 409, 409, '15602-', '15602-', 'GPS Chitor', '5th', NULL, 1, 409, '0000', ''),
(410, 'Sumayya bibi', 'Bahadar Khan', 'Male', '1900-01-01', '03', '2025-09-19', 410, 410, '15602-', '15602-', 'GPS Chitor', '5th', NULL, 1, 410, '0000', ''),
(411, 'Muhammad Hashir', 'Aqal Zeb', 'Male', '1900-01-01', '03', '2025-09-19', 411, 411, '15602-', '15602-', 'GPS Chitor', '5th', NULL, 1, 411, '0000', ''),
(412, 'Muhammad Mansoor', 'Aqal Zeb', 'Male', '1900-01-01', '03', '2025-09-19', 412, 412, '15602-', '15602-', 'GPS Chitor', '5th', NULL, 1, 412, '0000', ''),
(413, 'Zubair khan', 'Mian Rustam Shah', 'Male', '1900-01-01', '03', '2025-09-19', 413, 413, '15602-', '15602-', 'GPS Chitor', '5th', NULL, 1, 413, '0000', ''),
(414, 'Muhammad Sudais', 'Asghar khan', 'Male', '1900-01-01', '03', '2025-09-19', 414, 414, '15602-', '15602-', 'GPS Chitor', '5th', NULL, 1, 414, '0000', ''),
(415, 'Maaz khan', 'Nasar khan', 'Male', '1900-01-01', '03', '2025-09-19', 415, 415, '15602-', '15602-', 'GPS Chitor', '5th', NULL, 1, 415, '0000', ''),
(416, 'Muhammad Sudais', 'Bakht Rawan', 'Male', '1900-01-01', '03', '2025-09-19', 416, 416, '15602-', '15602-', 'GPS Chitor', '5th', NULL, 1, 416, '0000', ''),
(417, 'Mubin khan', 'Adalat khan', 'Male', '1900-01-01', '03', '2025-09-19', 417, 417, '15602-', '15602-', 'GPS Chitor', '5th', NULL, 1, 417, '0000', ''),
(418, 'Zia Ullah', 'Nizam uddin', 'Male', '1900-01-01', '03', '2025-09-19', 418, 418, '15602-', '15602-', 'GPS Chitor', '5th', NULL, 1, 418, '0000', ''),
(419, 'Farhan khan', 'Umara khan', 'Male', '1900-01-01', '03', '2025-09-19', 419, 419, '15602-', '15602-', 'GPS Chitor', '5th', NULL, 1, 419, '0000', ''),
(420, 'Muhammad Anas', 'Jan Perviz', 'Male', '1900-01-01', '03', '2025-09-19', 420, 420, '15602-', '15602-', 'GPS Chitor', '5th', NULL, 1, 420, '0000', ''),
(421, 'Atta Ullah', 'Bakht Zahir', 'Male', '1900-01-01', '03', '2025-09-19', 421, 421, '15602-', '15602-', 'GPS Chitor', '5th', NULL, 1, 421, '0000', ''),
(422, 'Muhammad Zaryab khan', 'Said Alam khan', 'Male', '1900-01-01', '03', '2025-09-19', 422, 422, '15602-', '15602-', 'GPS Chitor', '5th', NULL, 1, 422, '0000', ''),
(423, 'Maaz khan', 'Azim shah', 'Male', '1900-01-01', '03', '2025-09-19', 423, 423, '15602-', '15602-', 'GPS Chitor', '5th', NULL, 1, 423, '0000', ''),
(424, 'Anmol Nisar', 'Nisar ahmad', 'Male', '1900-01-01', '03', '2025-09-19', 424, 424, '15602-', '15602-', 'GPS Chitor', '5th', NULL, 1, 424, '0000', ''),
(425, 'Habib ullah', 'Bakht Rawan', 'Male', '1900-01-01', '03', '2025-09-19', 425, 425, '15602-', '15602-', 'GPS Chitor', '5th', NULL, 1, 425, '0000', ''),
(426, 'Haseeb Ullah', 'Painda Gul', 'Male', '1900-01-01', '03', '2025-09-19', 426, 426, '15602-', '15602-', 'GPS Chitor', '5th', NULL, 1, 426, '0000', ''),
(427, 'Muhammad Abbas', 'Hazrat Rahman', 'Male', '1900-01-01', '03', '2025-09-19', 427, 427, '15602-', '15602-', 'GPS Chitor', '5th', NULL, 1, 427, '0000', ''),
(428, 'Hayat khan', 'Noor khan', 'Male', '1900-01-01', '03', '2025-09-19', 428, 428, '15602-', '15602-', 'GPS Chitor', '5th', NULL, 1, 428, '0000', ''),
(429, 'Muhammad Idrees', 'Said Rahman', 'Male', '1900-01-01', '03', '2025-09-19', 429, 429, '15602-', '15602-', 'GPS Chitor', '5th', NULL, 1, 429, '0000', ''),
(430, 'Noor Rahman', 'Gul Rahman', 'Male', '1900-01-01', '03', '2025-09-19', 430, 430, '15602-', '15602-', 'GPS Chitor', '5th', NULL, 1, 430, '0000', ''),
(501, 'Zakaria khan', 'Gul khan', 'Male', '1900-01-01', '03', '2025-09-19', 501, 501, '15602-', '15602-', 'GPS Kokrai', '5th', NULL, 1, 501, '0000', ''),
(502, 'Ilyas khan', 'Amir Rahman', 'Male', '1900-01-01', '03', '2025-09-19', 502, 502, '15602-', '15602-', 'GPS Kokrai', '5th', NULL, 1, 502, '0000', ''),
(503, 'Haseeb ullah', 'Shah Wazir khan', 'Male', '1900-01-01', '03', '2025-09-19', 503, 503, '15602-', '15602-', 'GPS Kokrai', '5th', NULL, 1, 503, '0000', ''),
(504, 'Muhammad Arif', 'Ismail', 'Male', '1900-01-01', '03', '2025-09-19', 504, 504, '15602-', '15602-', 'GPS Kokrai', '5th', NULL, 1, 504, '0000', ''),
(505, 'Muhammad Suleman', 'Afzal khan', 'Male', '1900-01-01', '03', '2025-09-19', 505, 505, '15602-', '15602-', 'GPS Kokrai', '5th', NULL, 1, 505, '0000', ''),
(506, 'Hamzala khan', 'Amir Rahman', 'Male', '1900-01-01', '03', '2025-09-19', 506, 506, '15602-', '15602-', 'GPS Kokrai', '5th', NULL, 1, 506, '0000', ''),
(507, 'Muhammad Younis', 'Muhammad Nabi', 'Male', '1900-01-01', '03', '2025-09-19', 507, 507, '15602-', '15602-', 'GPS Kokrai', '5th', NULL, 1, 507, '0000', ''),
(508, 'Yasin khan', 'Shah Wazir khan', 'Male', '1900-01-01', '03', '2025-09-19', 508, 508, '15602-', '15602-', 'GPS Kokrai', '5th', NULL, 1, 508, '0000', ''),
(509, 'Suleman khan', 'Wali Muhammad', 'Male', '1900-01-01', '03', '2025-09-19', 509, 509, '15602-', '15602-', 'GPS Kokrai', '5th', NULL, 1, 509, '0000', ''),
(510, 'Muhammad Suleman', 'Iqbal Rawan', 'Male', '1900-01-01', '03', '2025-09-19', 510, 510, '15602-', '15602-', 'GPS Kokrai', '5th', NULL, 1, 510, '0000', ''),
(511, 'Ahmad Hussain', 'Khaista Gul', 'Male', '1900-01-01', '03', '2025-09-19', 511, 511, '15602-', '15602-', 'GPS Kokrai', '5th', NULL, 1, 511, '0000', ''),
(512, 'Umar Islam', 'Muhammad Afzal', 'Male', '1900-01-01', '03', '2025-09-19', 512, 512, '15602-', '15602-', 'GPS Kokrai', '5th', NULL, 1, 512, '0000', ''),
(513, 'Farhan shah', 'Muhammad Parvez', 'Male', '1900-01-01', '03', '2025-09-19', 513, 513, '15602-', '15602-', 'GPS Kokrai', '5th', NULL, 1, 513, '0000', ''),
(514, 'Amanullah', 'Abdul Wazir', 'Male', '1900-01-01', '03', '2025-09-19', 514, 514, '15602-', '15602-', 'GPS Kokrai', '5th', NULL, 1, 514, '0000', ''),
(515, 'Muhammad Hussain', 'Sani Gul', 'Male', '1900-01-01', '03', '2025-09-19', 515, 515, '15602-', '15602-', 'GPS Kokrai', '5th', NULL, 1, 515, '0000', ''),
(516, 'Saud khan', 'Jehangir', 'Male', '1900-01-01', '03', '2025-09-19', 516, 516, '15602-', '15602-', 'GPS Kokrai', '5th', NULL, 1, 516, '0000', ''),
(517, 'Khalil Ullah', 'Razi Ghaffar', 'Male', '1900-01-01', '03', '2025-09-19', 517, 517, '15602-', '15602-', 'GPS Kokrai', '5th', NULL, 1, 517, '0000', ''),
(518, 'Muhammad Hayat', 'Fazal Akbar', 'Male', '1900-01-01', '03', '2025-09-19', 518, 518, '15602-', '15602-', 'GPS Kokrai', '5th', NULL, 1, 518, '0000', ''),
(519, 'Muhammad Saqib', 'Nasir khan', 'Male', '1900-01-01', '03', '2025-09-19', 519, 519, '15602-', '15602-', 'GPS Kokrai', '5th', NULL, 1, 519, '0000', ''),
(520, 'Muhammad Mustafa', 'Muhammad Zarin', 'Male', '1900-01-01', '03', '2025-09-19', 520, 520, '15602-', '15602-', 'GPS Kokrai', '5th', NULL, 1, 520, '0000', ''),
(521, 'Muhammad Zaman', 'Umar Zaman', 'Male', '1900-01-01', '03', '2025-09-19', 521, 521, '15602-', '15602-', 'GPS Kokrai', '5th', NULL, 1, 521, '0000', ''),
(522, 'Muhammad Ayyan', 'Shahid Ali', 'Male', '1900-01-01', '03', '2025-09-19', 522, 522, '15602-', '15602-', 'GPS Kokrai', '5th', NULL, 1, 522, '0000', ''),
(523, 'Waqas khan', 'Yaqoob khan', 'Male', '1900-01-01', '03', '2025-09-19', 523, 523, '15602-', '15602-', 'GPS Kokrai', '5th', NULL, 1, 523, '0000', ''),
(524, 'Ziauddin', 'Naser ullah', 'Male', '1900-01-01', '03', '2025-09-19', 524, 524, '15602-', '15602-', 'GPS Kokrai', '5th', NULL, 1, 524, '0000', ''),
(525, 'Muhammad Ishaq', 'Abdul Haq', 'Male', '1900-01-01', '03', '2025-09-19', 525, 525, '15602-', '15602-', 'GPS Kokrai', '5th', NULL, 1, 525, '0000', ''),
(526, 'Jehan Zeb', 'Zardad', 'Male', '1900-01-01', '03', '2025-09-19', 526, 526, '15602-', '15602-', 'GPS Kokrai', '5th', NULL, 1, 526, '0000', ''),
(527, 'Afsar Ali', 'Bakhtiar Ali', 'Male', '1900-01-01', '03', '2025-09-19', 527, 527, '15602-', '15602-', 'GPS Kokrai', '5th', NULL, 1, 527, '0000', ''),
(528, 'Muhammad Saad khan', 'Sultanat khan', 'Male', '1900-01-01', '03', '2025-09-19', 528, 528, '15602-', '15602-', 'GPS Kokrai', '5th', NULL, 1, 528, '0000', ''),
(529, 'Wajeeha Hussain', 'Akbar Hussain', 'Male', '1900-01-01', '03', '2025-09-19', 529, 529, '15602-', '15602-', 'GPS Kokrai', '5th', NULL, 1, 529, '0000', ''),
(530, 'Marwa Gul', 'Hamid ullah', 'Male', '1900-01-01', '03', '2025-09-19', 530, 530, '15602-', '15602-', 'GPS Kokrai', '5th', NULL, 1, 530, '0000', ''),
(531, 'Zikra bibi', 'Amir Zada', 'Male', '1900-01-01', '03', '2025-09-19', 531, 531, '15602-', '15602-', 'GPS Kokrai', '5th', NULL, 1, 531, '0000', ''),
(532, 'Abshin Bibi', 'Jehan Zada', 'Male', '1900-01-01', '03', '2025-09-19', 532, 532, '15602-', '15602-', 'GPS Kokrai', '5th', NULL, 1, 532, '0000', ''),
(533, 'Aneela Bibi', 'Nadar Gul', 'Male', '1900-01-01', '03', '2025-09-19', 533, 533, '15602-', '15602-', 'GPS Kokrai', '5th', NULL, 1, 533, '0000', ''),
(534, 'Maneta', 'Rajesh Rovi', 'Male', '1900-01-01', '03', '2025-09-19', 534, 534, '15602-', '15602-', 'GPS Kokrai', '5th', NULL, 1, 534, '0000', ''),
(535, 'Javeria', 'Amjad Ali', 'Male', '1900-01-01', '03', '2025-09-19', 535, 535, '15602-', '15602-', 'GPS Kokrai', '5th', NULL, 1, 535, '0000', ''),
(2161, 'Shahid Khan', 'Said Jalil', 'Male', '2010-01-10', '0344-3085547', '2021-07-01', 3616, 4432, '15602-0246072-7', '', 'GHSS Chitor', '10th A', '', 1, 1, '0000', 'Chitor'),
(2162, 'Ibrar Khan', 'Amin Ur Rahman', 'Male', '2010-05-15', '0348-8495513', '2021-07-12', 3617, 4433, '15602-3129068-1', '', 'GHSS Chitor', '10th A', '', 1, 2, '0000', ''),
(2163, 'Muhammad Sudais', 'Suliman', 'Male', '2009-09-18', '0324-9160016', '2021-07-12', 3618, 4434, '', '', 'GHSS Chitor', '10th A', '', 1, 3, '0000', ''),
(2164, 'Kashif Khan', 'Painda Mand', 'Male', '2011-12-16', '0324-9860945', '2021-07-12', 3619, 4507, '15602-7884572-5', '', 'GHSS Chitor', '9th A', '', 1, 1, '0000', ''),
(2165, 'Mujeeb ur Rahman', 'Gauhar Ali', 'Male', '2009-06-12', '0345-1951101', '2021-07-12', 3621, 4435, '15602-0970446-3', '', 'GHSS Chitor', '9th A', '', 0, 0, '0000', ''),
(2166, 'Muhammad Amin', 'Haji Nawab', 'Male', '2010-03-10', '0348-1895804', '2021-07-12', 3622, 4508, '15602-2712381-5', '', 'GHSS Chitor', '9th A', '', 1, 2, '0000', ''),
(2167, 'Adil Khan', 'Fazal Hadi', 'Male', NULL, '03', NULL, NULL, NULL, NULL, NULL, 'GHSS Chitor', '8th', '', 0, 0, '0000', ''),
(2168, 'Umar Rahman', 'Jehanzeb', 'Male', '2008-06-03', '0344-1971043', '2021-07-12', 3624, 4436, '15602-0250842-5', '', 'GHSS Chitor', '9th B', '', 1, 0, '0000', 'Kokrai'),
(2169, 'Muhammad Tayyab', 'Sher Ali Khan', 'Male', '2010-03-25', '0344-9065459', '2021-07-12', 3625, 4437, '15602-6606220-3', '', 'GHSS Chitor', '10th A', '', 1, 4, '0000', 'Kokrai'),
(2181, 'Shah Faisal', 'Ibrahim', 'Male', '2007-05-22', '0307-8523101', '1900-01-01', 4180, NULL, '15602-5264648-5', '', 'GHSS Chitor', '', '', 1, 0, '0000', ''),
(2182, 'Muhammad Imran', 'Khan Zada', 'Male', '1900-01-01', '0343-9406706', '1900-01-01', 4181, NULL, '', '', 'GHSS Chitor', '10th A', '', 0, 0, '0000', ''),
(2183, 'Wajid Ali', 'Hakeem Zada', 'Male', '2006-04-25', '0341-9073164', '1900-01-01', 4182, NULL, '15607-0577920-1', '', 'GHSS Chitor', '', '', 1, 0, '0000', ''),
(2184, 'Samiullah', 'Said Muhammad', 'Male', '2007-04-17', '0341-9030360', '1900-01-01', 4183, NULL, '15602-0716932-1', '', 'GHSS Chitor', '', '', 1, 0, '0000', ''),
(2185, 'Abu Bakar', 'Irfan', 'Male', NULL, '03', NULL, NULL, NULL, NULL, NULL, 'GHSS Chitor', '10th A', '', 0, 0, '0000', ''),
(2186, 'Ali Said', 'Jehan Zeb', 'Male', NULL, '0349-3551351', NULL, NULL, NULL, NULL, NULL, 'GHSS Chitor', '10th A', '', 0, 0, '0000', ''),
(2187, 'Inamullah', 'Muhammad Jan', 'Male', NULL, '0347-4766609', NULL, NULL, NULL, NULL, NULL, 'GHSS Chitor', '9th B', '', 0, 0, '0000', ''),
(2188, 'Muhammad Shoaib', 'Qadar Gul', 'Male', '2007-03-02', '0345-9311847', '1900-01-01', 4184, NULL, '15602-7150208-7', '', 'GHSS Chitor', '', '', 1, 0, '0000', ''),
(2189, 'Ata Ur Rahman', 'Bakht Rahman', 'Male', '2004-12-22', '0344-9636710', '1900-01-01', 4185, NULL, '15602-0458901-1', '', 'GHSS Chitor', '', '', 1, 0, '0000', ''),
(2261, 'Ihsan Ali', 'Muhammad Ishaq', 'Male', '2007-02-02', '0342-9638859', '2022-08-16', 3658, NULL, '15602-0244886-3', '15602', 'GHSS Chitor', '', '', 0, 0, '0000', ''),
(2262, 'Rahman Ali', 'Liaqat Ali', 'Male', '2009-01-01', '0345-9013977', '2022-08-16', 3669, NULL, '15602-0250875-1', '03', 'GHSS Chitor', '', '', 0, 0, '0000', ''),
(2263, 'Ikram Ullah', 'Imran Khan', 'Male', '2011-06-16', '0341-5475886', '2022-08-16', 3678, 4512, '15602-7834710-5', '1560-', 'GHSS Chitor', '9th A', '', 1, 3, '0000', ''),
(2264, 'Jawad Khan', 'Umar Rahim', 'Male', '2011-03-20', '0340-9241403', '2022-08-16', 3679, 4513, '15602-8763638-1', '1560-', 'GHSS Chitor', '9th A', '', 1, 4, '0000', ''),
(2265, 'Minhaz Ali', 'Bakhti Gul', 'Male', '2011-07-21', '0342-9901699', '2022-08-16', 3680, 4514, '15602-0458302-1', '1560', 'GHSS Chitor', '9th A', '', 1, 5, '0000', ''),
(2266, 'Muhammad Yasir', 'Sajid Ali', 'Male', '2011-08-30', '0348-4406611', '2022-08-16', 3681, 4515, '15602-3010992-1', '1560', 'GHSS Chitor', '9th A', '', 1, 6, '0000', ''),
(2267, 'Zohaib Khan', 'Inayat Ur Rahman', 'Male', '2011-10-30', '0346-5592321', '2022-08-16', 3682, 4516, '15602-4834464-1', '1560', 'GHSS Chitor', '9th A', '', 1, 7, '0000', ''),
(2268, 'Muhammad Arif', 'Naseeb Zada', 'Male', '2011-04-13', '0343-5297620', '2022-08-16', 3683, 4517, '15602-0399633-3', '1560', 'GHSS Chitor', '9th A', '', 1, 8, '0000', ''),
(2269, 'Maaz Khan', 'Ghani Rahman', 'Male', '2011-06-20', '0344-0920188', '2022-08-16', 3684, 2269, '15602-9075176-5', '03', 'GHSS Chitor', '8th', '', 1, 801, '0000', 'Tango Banr'),
(2271, 'Muhammad Yaseen', 'Hussain Jan', 'Male', '2008-04-03', '0344-9617651', '2022-08-22', 3726, 4470, '15602-0245532-9', '15602-', 'GHSS Chitor', '10th A', '', 1, 0, '0000', ''),
(2272, 'Faisal', 'Nasar Khan', 'Male', '2009-03-01', '0340-6795720', '2022-08-22', 3718, 4472, '15602-1995074-3', '15602-', 'GHSS Chitor', '10th A', '', 1, 6, '0000', ''),
(2273, 'Muhammad Khan', 'Musa Khan', 'Male', '2009-12-10', '0348-3266955', '2022-08-22', 3717, 4471, '15602-6065654-7', '15602-', 'GHSS Chitor', '10th A', '', 1, 7, '0000', ''),
(2281, 'Imdadullah', 'Sher Zaman', 'Male', '2009-09-05', '0346-9474916', '2022-08-17', 3721, 4324, '15602-02853-9', '15602-', 'GHSS Chitor', '11th', '', 1, 17, '0000', ''),
(2282, 'Adnan Khan', 'Asmat Ali', 'Male', '2009-11-05', '0345-9312390', '2022-08-17', 3723, 4325, '15602-0245606-1', '15602-', 'GHSS Chitor', '11th', '', 2, 40, '2025', ''),
(2283, 'Sajjad Ali', 'Abdul Satar', 'Male', '2005-04-06', '03', '2022-08-17', 3719, NULL, '15602-', '15602-', 'GHSS Chitor', '9th B', '', 0, 0, '0000', ''),
(2284, 'Said Rahim', 'Gul Rashid', 'Male', '2008-03-15', '0349-3522395', '2022-08-17', 3724, 4326, '15602-9707233-3', '15602-', 'GHSS Chitor', '11th', '', 1, 45, '0000', ''),
(2285, 'Abdullah Jan', 'Fero Jan', 'Male', '2009-01-15', '0348-5842183', '2022-08-25', 3728, 4327, '15602-', '15602-', 'GHSS Chitor', '11th', '', 1, 0, '0000', ''),
(2286, 'Rahmat Ali', 'Ashgar Ali', 'Male', '2009-03-06', '03', '2022-11-02', 3730, NULL, '15602-', '15602-', 'GHSS Chitor', '', '', 0, 0, '0000', ''),
(2287, 'Rahmat Ali', 'Parwaish', 'Male', '2009-02-15', '0324-6162946', '2022-11-02', 3729, 4328, '15602-', '15602-', 'GHSS Chitor', '11th', '', 2, 0, '2025', ''),
(2372, 'Waseem Akram', 'Bahram Khan', 'Male', '2009-10-19', '0323-9243734', '2023-11-18', 3812, 2372, '15602-936184-1', '15602-', 'GHSS Chitor', '9th A', '', 0, 810, '0000', ''),
(2381, 'Inamullah', 'Fazal Wahab', 'Male', '2010-04-01', '03', '2023-04-27', 4488, 2381, '15602-', '15602-', 'GHSS Chitor', '9th A', '', 0, 0, '0000', ''),
(2382, 'Inamullah', 'Fazal Wahab', 'Male', '2010-04-01', '0345-6279117', '2023-06-23', 2382, 4488, '15602-', '15602-', 'GHSS Chitor', '10th A', '', 1, 8, '0000', ''),
(2383, 'Muhammad Ayaz', 'Benoma Khan', 'Male', '1900-01-01', '03', '2023-06-23', 2383, NULL, '15602-', '15602-', 'GHSS Chitor', '8th', '', 0, 0, '0000', ''),
(2384, 'Rahimullah', 'Bakht Rawan', 'Male', '2008-09-15', '0341-3676128', '2024-03-16', 4469, 4469, '15602-0405455-1', '15602-', 'GHSS Chitor', '10th A', '', 0, 9, '0000', ''),
(21610, 'Umar Wahid', 'Zahir  Shah', 'Male', '2010-07-20', '0345-9014774', '2021-07-12', 3626, 4438, '15602-0246382-3', '', 'GHSS Chitor', '10th A', '', 1, 10, '0000', ''),
(21611, 'Muhammad Aziz Ur Rahman', 'Muhammad Younas', 'Male', '2009-06-10', '0344-9662527', '2021-07-12', 3627, 4439, '15602-0380599-5', '', 'GHSS Chitor', '10th A', '', 1, 11, '0000', ''),
(21612, 'Sikandar Hayat', 'Umar Hayat', 'Male', '2009-09-17', '0342-8977489', '2021-07-12', 3628, 4440, '15602-3890440-1', '', 'GHSS Chitor', '10th A', '', 1, 12, '0000', ''),
(21613, 'Waqas Ahmad', 'Gulab Sher', 'Male', '2008-01-10', '03', '2021-07-12', 3629, NULL, '', '', 'GHSS Chitor', '8th', '', 0, 0, '0000', ''),
(21614, 'Arshad Ali', 'Umar Muhammad', 'Male', '2007-05-21', '0348-9815673', '2021-07-12', 3630, 4441, '15602-0302201-3', '', 'GHSS Chitor', '10th A', '', 1, 13, '0000', 'Kokrai'),
(21615, 'Kifayat Ullah', 'Sardar Ali', 'Male', '2011-09-26', '0342-8281171', '2021-07-12', 3631, NULL, '15602-2558552-5', '', 'GHSS Chitor', '8th', '', 0, 0, '0000', ''),
(21616, 'Amir Zeb', 'Amir Zareen', 'Male', '2010-01-05', '0344-9656577', '2021-07-12', 3632, 4442, '15602-0423569-5', '', 'GHSS Chitor', '10th A', '', 1, 14, '0000', ''),
(21617, 'Muhammad Saleem', 'Abdul Wahab', 'Male', '2007-04-15', '0341-8057772', '2021-07-12', 3633, 21617, '15602-4957931-3', '', 'GHSS Chitor', '8th', '', 1, 802, '0000', 'Tango Banr'),
(21618, 'Muhammad Sohail', 'Rafiullah Jan', 'Male', '2010-04-01', '0341-9301369', '2021-07-12', 3634, 4443, '15602-0266647-9', '', 'GHSS Chitor', '10th A', '', 1, 15, '0000', ''),
(21619, 'Yahya Khan', 'Rahim Zada', 'Male', '1900-01-01', '03', '1900-01-01', 0, NULL, '', '', 'GHSS Chitor', '', '', 0, 0, '0000', ''),
(21620, 'Sher Ali', 'Hazrat Rahman', 'Male', '2008-04-04', '0946-865281', '2021-07-12', 3636, 4444, '15602-4251254-1', '', 'GHSS Chitor', '10th A', '', 1, 16, '0000', ''),
(21621, 'Luqman Khan', 'Lal Muhammad', 'Male', '2009-01-03', '0340-6129330', '2021-07-12', 3637, 4445, '15602-1408925-9', '', 'GHSS Chitor', '10th A', '', 1, 17, '0000', ''),
(21622, 'Zain Ullah', 'Rahmat Ali', 'Male', '2009-04-06', '0343-9400624', '2021-07-12', 3638, 4446, '15602-1167926-5', '', 'GHSS Chitor', '10th A', '', 0, 18, '0000', ''),
(21623, 'Ihsan Ullah', 'Umar Zada', 'Male', '2010-04-10', '0341-9135445', '2021-07-12', 3639, 4447, '15602-0421664-3', '', 'GHSS Chitor', '10th A', '', 1, 19, '0000', ''),
(21624, 'Inam Ullah', 'Umar Zada', 'Male', '2009-04-18', '0341-9135445', '2021-07-12', 3640, 4448, '15602-0421664-3', '', 'GHSS Chitor', '10th A', '', 1, 20, '0000', 'Chitor'),
(21625, 'Abu Bakar', 'Haya Khan', 'Male', '2010-01-07', '0348-0154731', '2021-07-12', 3641, 4449, '15602-5572901-3', '', 'GHSS Chitor', '10th A', '', 1, 21, '0000', 'Chitor'),
(21626, 'Ihsan Ullah', 'Said Awlia Bacha', 'Male', '2010-04-15', '0348-9104427', '2021-07-12', 3642, 4450, '15602-0246371-9', '', 'GHSS Chitor', '10th A', '', 1, 22, '0000', ''),
(21627, 'Hazrat Ali', 'Akbar Khan', 'Male', '2010-04-15', '0344-3183086', '2021-07-12', 3643, 4451, '15602-1803313-7', '', 'GHSS Chitor', '10th A', '', 1, 23, '0000', 'Chitor'),
(21628, 'Hazrat Hussain', 'Bakht Rawan', 'Male', '2010-04-13', '0346-9629774', '2021-07-12', 3644, 4452, '15602-5743656-1', '', 'GHSS Chitor', '10th A', '', 1, 37, '0000', ''),
(21629, 'Muhammad Abu Bakar', 'Ashraf Ali', 'Male', '2010-04-10', '0347-7494613', '2021-07-12', 3645, 4453, '15602-0474567-1', '', 'GHSS Chitor', '9th A', '', 0, 0, '0000', ''),
(21630, 'Najeeb Ullah', 'Azim Khan', 'Male', '2009-04-02', '0348-5223121', '2021-07-12', 3646, 4454, '15602-0239158-1', '', 'GHSS Chitor', '10th A', '', 1, 24, '0000', ''),
(21631, 'Shahzad Khan', 'Amir Noshad', 'Male', '2009-04-08', '0342-2257022', '2021-07-12', 3647, 4455, '15602-0472326-3', '', 'GHSS Chitor', '10th A', '', 1, 25, '0000', ''),
(21632, 'Asad Khan', 'Palash Khan', 'Male', '2010-04-12', '0344-8728231', '2021-07-12', 3648, 4456, '1562-4251254-1', '', 'GHSS Chitor', '10th A', '', 1, 26, '0000', ''),
(21633, 'Shakir Ullah', 'Jahan Zar', 'Male', '2008-04-10', '0346-9994132', '2021-07-12', 3649, 21633, '15602-4644585-1', '', 'GHSS Chitor', '8th', '', 1, 803, '0000', 'Sapal Bandai'),
(21634, 'Asmat Ali', 'Akbar Ali Khan', 'Male', '2009-02-07', '0346-1954364', '2021-07-12', 3650, 4509, '15602-4551654-1', '1560', 'GHSS Chitor', '9th B', '', 1, 9, '0000', ''),
(21635, 'Khanadan', 'Said Gulab', 'Male', '2009-09-09', '0346-3398172', '2021-07-12', 3651, 4457, '15602-0247005-7', '', 'GHSS Chitor', '9th A', '', 0, 0, '0000', ''),
(21636, 'Burhan Khan', 'Gul Wahid', 'Male', '2010-01-01', '0347-0564402', '2021-07-12', 3652, 4458, '15602-5392323-9', '', 'GHSS Chitor', '10th A', '', 1, 27, '0000', ''),
(21637, 'Sardar Hussain', 'Jamrooz', 'Male', '1900-01-01', '0341-4329029', '1900-01-01', 21637, NULL, '', '', 'GHSS Chitor', '', '', 0, 0, '0000', ''),
(21638, 'Anwar Zeb', 'Umar Zeb', 'Male', '2008-12-30', '0342-0087013', '2021-07-15', 3654, 4510, '15602-0259811-9', '', 'GHSS Chitor', '9th A', '', 0, 814, '0000', ''),
(21639, 'Fawad Ali', 'Bakht Rawan', 'Male', '2008-01-10', '0343-5431886', '2021-07-15', 3655, 4511, '15602-8165318-3', '1560', 'GHSS Chitor', '9th B', '', 1, 10, '0000', ''),
(21640, 'Muhammad Abrar', 'Bakht Zada', 'Male', '2008-01-18', '0349-9459060', '2021-07-15', 3656, NULL, '15602-9046735-1', '', 'GHSS Chitor', '9th A', '', 0, 816, '0000', ''),
(21641, 'Muhammad Khan', 'Bado', 'Male', NULL, '03', NULL, NULL, NULL, NULL, NULL, 'GHSS Chitor', '8th', '', 0, 0, '0000', ''),
(21642, 'Ihsan Ali', 'Muhammad Ishaq', 'Male', NULL, '03', NULL, NULL, NULL, NULL, NULL, 'GHSS Chitor', '8th', '', 0, 0, '0000', ''),
(21643, 'Akhtar Muhammad', 'Yousaf Khan', 'Male', NULL, '03', NULL, NULL, NULL, NULL, NULL, 'GHSS Chitor', '8th', '', 0, 0, '0000', ''),
(21644, 'Bahram Khan', 'Alam Khan', 'Male', '1900-01-01', '0342-9863522', '1900-01-01', 21644, NULL, '', '', 'GHSS Chitor', '', '', 0, 0, '0000', ''),
(21645, 'Abid Ullah', 'Izat Gul', 'Male', '2008-04-01', '0345-2366041', '2021-07-27', 3663, 4459, '15602-8237433-9', '', 'GHSS Chitor', '10th A', '', 1, 28, '0000', ''),
(21646, 'Rahman Ali ', 'Liaqat Ali', 'Male', NULL, '0341-9294787', NULL, NULL, NULL, NULL, NULL, 'GHSS Chitor', '8th', '', 0, 0, '0000', ''),
(21647, 'Jamal Said', 'Muhammad', 'Male', NULL, '03', NULL, NULL, NULL, NULL, NULL, 'GHSS Chitor', '8th', '', 0, 0, '0000', ''),
(21648, 'Muhammad Riaz', 'Hukam Khan', 'Male', '2010-03-28', '0340-9482933', '2021-08-07', 3672, 4460, '15602-9458411-7', '', 'GHSS Chitor', '10th A', '', 1, 29, '0000', ''),
(21649, 'Muhammad Zakir Ullah', 'Habib Ullah', 'Male', '2009-12-04', '0345-1575751', '2021-08-12', 3673, 4461, '15701-1232030-3', '', 'GHSS Chitor', '10th A', '', 1, 30, '0000', ''),
(21650, 'Habib Ullah', 'Umar Gul', 'Male', '2009-09-01', '0340-9012365', '2021-08-13', 3674, NULL, '15602-024637-7', '', 'GHSS Chitor', '8th', '', 0, 0, '0000', ''),
(21711, 'Arshad Ali', 'Amjad Ali', 'Male', NULL, '03', NULL, NULL, NULL, NULL, NULL, 'GHSS Chitor', '8th', '', 0, 0, '0000', ''),
(21712, 'Muhammad Salman', 'Bakht Rawan', 'Male', '2008-04-05', '0342-9722716', '2019-04-11', 4282, 4429, '15602-0915903-9', '', 'GHSS Chitor', '10th B', '', 0, 30, '0000', ''),
(21713, 'Wajid Ali', 'Roze Khan', 'Male', '2008-04-01', '0347-4353146', '2019-04-11', 3516, 4462, '1562-1413307-1', '', 'GHSS Chitor', '10th A', '', 0, 31, '0000', ''),
(21714, 'Sanaullah', 'Iqbal Zareen', 'Male', '2006-04-01', '0342-5623197', '2019-04-11', 3517, 4283, '15602-0351106-3', '', 'GHSS Chitor', '11th', '', 2, 0, '2025', ''),
(21715, 'Sultan Ali', 'Bakht Rawan', 'Male', '2004-03-10', '0347-9117757', '2019-04-13', 3527, 4463, '15602-8165318-3', '', 'GHSS Chitor', '10th A', '', 1, 32, '0000', ''),
(21716, 'Haroon Khan', 'Fateh Khan', 'Male', '2006-09-18', '0334-9338245', '2019-04-10', 3493, NULL, '15602-0251107-3', '', 'GHSS Chitor', '9th B', '', 0, 0, '0000', ''),
(21717, 'Abubakar Khan', 'Muhammad Ali', 'Male', '2010-06-06', '0343-9303005', '2019-10-15', 21717, 4331, '15602-4680310-1', '', 'GHSS Chitor', '11th', '', 2, 0, '2025', ''),
(21718, 'Altaf Hussain', 'Shah Hussain', 'Male', '2008-01-25', '0348-9080329', '2019-10-15', 3547, 4286, '15602-0311680-5', '', 'GHSS Chitor', '11th', '', 2, 0, '2025', ''),
(21719, 'Muhammad Kareem', 'Abdul Kareem', 'Male', NULL, '03', NULL, NULL, NULL, NULL, NULL, 'GHSS Chitor', '9th B', '', 0, 0, '0000', ''),
(21721, 'Hazrat Bilal', 'Ibrahim', 'Male', '2007-03-10', '0346-0974415', '2020-09-15', 3572, 4301, '15602-0245764-1', '', 'GHSS Chitor', '10th A', '', 0, 37, '0000', ''),
(21722, 'Muhammad Said', 'Umar Said', 'Male', '2008-09-14', '0341-1190062', '2020-09-15', 3571, 4300, '15602-0345186-9', '', 'GHSS Chitor', '11th', '', 2, 0, '2025', ''),
(21723, 'Abdur Rahman', 'Bakht Baydar', 'Male', '2007-05-01', '0341-5049936', '2020-09-15', 3573, NULL, '15602-2438015-9', '', 'GHSS Chitor', '', '', 2, 0, '0000', ''),
(21724, 'Muhammad Shahid', 'Habib Ur Rahman', 'Male', '2006-03-31', '0343-2240767', '2020-09-15', 3575, NULL, '15602-4472854-1', '', 'GHSS Chitor', '8th', '', 0, 0, '0000', ''),
(21725, 'Shah Fayaz', 'Isa Khan', 'Male', '2010-03-10', '03429286562', '2020-09-15', 3733, 4332, '15602-1820364-5', '', 'GHSS Chitor', '10th B', '', 0, 7, '0000', ''),
(21726, 'Irfan Ullah', 'Bahram Khan', 'Male', '2008-01-10', '0349-7304235', '2020-09-15', 3577, NULL, '904010-108923-5', '', 'GHSS Chitor', '9th B', '', 0, 0, '0000', ''),
(21727, 'Muhammad Maaz', 'Muhammad Shah', 'Male', '2008-01-13', '0343-1974586', '2020-09-15', 3578, 4303, '15602-0245822-7', '', 'GHSS Chitor', '11th', '', 0, 0, '2025', ''),
(21728, 'Muhammad Zahid', 'Muhammad Yaqoob', 'Male', NULL, '03', NULL, NULL, NULL, NULL, NULL, 'GHSS Chitor', '9th B', '', 0, 0, '0000', ''),
(21729, 'Muhammad Shoaib', 'Khalid', 'Male', '2007-01-01', '0343-5941250', '2020-09-15', 3580, 4304, '15602-0284869-3', '', 'GHSS Chitor', '10th B', '', 0, 32, '0000', ''),
(21810, 'Jamil Khan', 'Bakht Fareed', 'Male', '2007-04-04', '0344-5187324', '1900-01-01', 4186, NULL, '1602-0501851-3', '', 'GHSS Chitor', '', '', 1, 0, '0000', ''),
(21811, 'Ikram Ullah', 'Amir Noshad', 'Male', '2008-04-20', '0346-9206687', '1900-01-01', 4187, NULL, '15602-0472326-3', '', 'GHSS Chitor', '', '', 1, 0, '0000', ''),
(21812, 'Ilyas Khan', 'Nawab Khan', 'Male', '2006-06-05', '0347-9529785', '1900-01-01', 4188, NULL, '', '', 'GHSS Chitor', '', '', 1, 0, '0000', ''),
(21813, 'Abdullah', 'Abdul Zahir', 'Male', '2008-03-04', '0347-4127119', '1900-01-01', 4189, NULL, '15602-8606950-7', '', 'GHSS Chitor', '', '', 1, 0, '0000', ''),
(21814, 'Rahmat Ali', 'Gul Zareen', 'Male', '2004-04-19', '0348-1959293', '1900-01-01', 4190, NULL, '15602-0262064-7', '', 'GHSS Chitor', '', '', 1, 0, '0000', ''),
(21815, 'Hazrat Maaz', 'Fazal Ghani', 'Male', '2008-11-30', '0333-9496904', '1900-01-01', 4191, NULL, '15602-6506276-1', '', 'GHSS Chitor', '', '', 1, 0, '0000', ''),
(21816, 'Muhammad Majid', 'Rahmat Ullah', 'Male', '2008-04-20', '0346-1954329', '1900-01-01', 4216, NULL, '15602-8273242-7', '', 'GHSS Chitor', '', '', 1, 0, '0000', ''),
(21817, 'Hazrat Ali', 'Izat Muhammad', 'Male', '2006-05-04', '0342-8978561', '1900-01-01', 4192, NULL, '15602-0250620-5', '', 'GHSS Chitor', '', '', 1, 0, '0000', ''),
(21818, 'Muhammad Ayaz', 'Bakhti Gul', 'Male', '2007-03-05', '0342-1994726', '1900-01-01', 4193, NULL, '15602-0458302-1', '', 'GHSS Chitor', '', '', 1, 0, '0000', ''),
(21819, 'Hamza Hussain', 'Bakht Hussain', 'Male', '2008-02-15', '0346-9431045', '1900-01-01', 4194, NULL, '15602-1006729-1', '', 'GHSS Chitor', '', '', 1, 0, '0000', ''),
(21820, 'Awais Jan', 'Rahmat Jan', 'Male', '2007-04-30', '0313-2004284', '1900-01-01', 4195, NULL, '15101-1964404-3', '', 'GHSS Chitor', '', '', 1, 0, '0000', ''),
(21821, 'Ubaid Ullah', 'Afzal Shah', 'Male', '2008-01-30', '0342-9724520', '1900-01-01', 4196, 21821, '15602-8454256-9', '', 'GHSS Chitor', '11th', '', 2, 0, '2025', ''),
(21822, 'Muhammad Abu Bakar Khan', 'Amir Haidar', 'Male', '2007-02-04', '0342-9621894', '1900-01-01', 4215, NULL, '15602-0423515-7', '', 'GHSS Chitor', '', '', 1, 0, '0000', ''),
(21823, 'Sayed Muhammad Waqas', 'Taj Malook', 'Male', '2008-02-09', '0334-3553351', '1900-01-01', 4197, NULL, '15602-0290262-7', '', 'GHSS Chitor', '', '', 1, 0, '0000', ''),
(21824, 'Aftab Ali', 'Shah Bali Khan', 'Male', '2008-01-07', '0340-0934191', '1900-01-01', 4198, NULL, '15602-2311125-3', '', 'GHSS Chitor', '', '', 1, 0, '0000', ''),
(21825, 'Muhammad Yaseen', 'Bakhram Khan', 'Male', '1900-01-01', '0323-9243734', '1900-01-01', 4199, NULL, '', '', 'GHSS Chitor', '10th A', '', 0, 0, '0000', ''),
(21826, 'Izhar Khan', 'Ayub Khan', 'Male', '2008-01-08', '0342-9605966', '1900-01-01', 4200, NULL, '15602-0532186-3', '', 'GHSS Chitor', '', '', 1, 0, '0000', ''),
(21827, 'Muhammad Rizwan', 'Aqal Zeb', 'Male', '2008-04-04', '0342-9617419', '1900-01-01', 4201, NULL, '15602-0398601-5', '', 'GHSS Chitor', '', '', 1, 0, '0000', ''),
(21828, 'Imran Ali', 'Gul Far Ali', 'Male', '2008-03-02', '0342-8687533', '1900-01-01', 4202, NULL, '15602-275968-7', '', 'GHSS Chitor', '', '', 1, 0, '0000', ''),
(21829, 'Hussain Ali', 'Umar Gul', 'Male', '2008-04-10', '0344-4040233', '1900-01-01', 4203, NULL, '15602-6709584-7', '', 'GHSS Chitor', '', '', 1, 0, '0000', ''),
(21830, 'Barkat Ali', 'Umar', 'Male', '2008-02-02', '0349-3551351', '1900-01-01', 4204, NULL, '15602-3508281-5', '', 'GHSS Chitor', '', '', 1, 0, '0000', ''),
(21831, 'Imtiaz Khan', 'Bakht Nazir', 'Male', '2008-01-01', '0340-9279252', '1900-01-01', 4205, NULL, '15602-3871354-9', '', 'GHSS Chitor', '', '', 1, 0, '0000', ''),
(21832, 'Zohaib Khan', 'Bakht Nazir', 'Male', '2007-01-15', '0340-9279259', '1900-01-01', 4206, 21832, '15602-3871354-8', '', 'GHSS Chitor', '', '', 1, 0, '0000', ''),
(21833, 'Muhammad Hasnain', 'Muhammad Iqbal', 'Male', '2008-04-01', '0342-9613652', '1900-01-01', 4207, NULL, '15602-0417372-1', '', 'GHSS Chitor', '', '', 1, 0, '0000', ''),
(21834, 'Abdur Rahman', 'Ali Rahman', 'Male', '2007-03-03', '0346-3021839', '1900-01-01', 4208, NULL, '15602-0423448-9', '', 'GHSS Chitor', '', '', 1, 0, '0000', ''),
(21835, 'Inam Ullah', 'Amir Rahman', 'Male', '2006-02-01', '0342-9089350', '1900-01-01', 4209, NULL, '15602-5311629-5', '', 'GHSS Chitor', '', '', 1, 0, '0000', ''),
(21836, 'Muhammad Sadiq', 'Aman Ullah', 'Male', '2008-04-01', '0306-8021642', '1900-01-01', 4210, NULL, '15602-0245606-1', '', 'GHSS Chitor', '', '', 1, 0, '0000', ''),
(21837, 'Muhammad Hussain', 'Muhammad Towkal', 'Male', '2008-03-05', '0342-3060152', '1900-01-01', 4211, NULL, '15602-0285145-5', '', 'GHSS Chitor', '', '', 1, 0, '0000', ''),
(21838, 'Muhammad Ibrahim', 'Amir Subhan', 'Male', '2008-02-08', '0344-9858202', '2020-10-02', 3606, 4317, '15602-0251095-7', '', 'GHSS Chitor', '11th', '', 1, 0, '0000', ''),
(21839, 'Abu Bakar Sadiq', 'Shawkat Ali', 'Male', '2008-01-05', '0341-1581543', '1900-01-01', 4212, NULL, '15602-0284117-3', '', 'GHSS Chitor', '', '', 1, 0, '0000', ''),
(21840, 'Inam Ullah', 'Umar Rahman', 'Male', '2008-04-04', '0342-9666729', '1900-01-01', 4213, NULL, '15602-4624613-3', '', 'GHSS Chitor', '', '', 1, 0, '0000', ''),
(21841, 'Irfan Ullah', 'Bahroz Khan', 'Male', '2006-03-25', '0348-5713115', '1900-01-01', 4214, NULL, '15602-3251389-9', '', 'GHSS Chitor', '', '', 1, 0, '0000', ''),
(21842, 'Waqas Khan', 'Asmat Ali', 'Male', '2008-02-12', '0345-0597614', '2021-07-15', 3664, 4322, '15602-2860341-3', '', 'GHSS Chitor', '11th', '', 2, 30, '2025', ''),
(22292, 'Fazal Rashid', 'Bakht Yaar', 'Male', '2007-01-01', '0344-2874944', '2022-11-07', 4276, NULL, '15602-', '15602-', 'GHSS Chitor', '', '', 1, 0, '0000', ''),
(22610, 'Rehan Shah', 'Muhammad Parvaiz', 'Male', '2011-06-19', '0344-9689724', '2022-08-16', 3685, 4518, '15602-0351662-9', '156', 'GHSS Chitor', '9th A', '', 1, 11, '0000', ''),
(22611, 'Usman Ali', 'Abdul Waheed', 'Male', '2011-04-12', '0345-6662122', '2022-08-16', 3686, 4519, '15602-7030394-7', '', 'GHSS Chitor', '9th A', '', 0, 12, '0000', ''),
(22612, 'Akhtar Hussain', 'Fazal wahid', 'Male', '2011-04-02', '0342-9845137', '2022-08-16', 3687, NULL, '15602-2677743-1', '03', 'GHSS Chitor', '8th', '', 1, 804, '0000', ''),
(22613, 'Naveed Khan', 'Sayed Jalil', 'Male', '2010-12-02', '0344-3085547', '2022-08-16', 3688, 4520, '15602-0246072-7', '15602-', 'GHSS Chitor', '9th B', '', 0, 13, '0000', ''),
(22614, 'Arbaz Khan', 'Muhammad Khan', 'Male', '2006-02-01', '0344-9770104', '2022-08-16', 3689, 4521, '15602-0516499-3', '03', 'GHSS Chitor', '9th A', '', 0, 820, '0000', ''),
(22615, 'Muhammad Waqas', 'Muhammad Ismail', 'Male', '2011-03-05', '0342-9311964', '2022-08-16', 3690, 4522, '15602-4331383-3', '156025', 'GHSS Chitor', '9th A', '', 1, 14, '0000', ''),
(22616, 'Rafiullah', 'Behram Khan', 'Male', '2009-03-01', '0349-7304235', '2022-08-16', 3691, 4523, '904010-108923-5', '15602-', 'GHSS Chitor', '9th B', '', 1, 15, '0000', ''),
(22617, 'Hidayat Ullah', 'Gul Rahman', 'Male', '2010-04-01', '0348-3437829', '2022-08-16', 3692, 4524, '15602-0216693-9', '03', 'GHSS Chitor', '9th A', '', 1, 823, '0000', 'Kokrai'),
(22618, 'Muhammad Islam', 'Shams Tabraiz', 'Male', '2009-02-03', '0347-0193717', '2022-08-16', 3693, 4525, '15602-72337619', '03', 'GHSS Chitor', '9th B', '', 1, 824, '0000', 'Kokrai'),
(22619, 'Amir Hamza', 'Amir Rahman', 'Male', '2010-03-29', '0342-2249085', '2022-08-16', 3694, 4526, '15602-0478411-7', '03', 'GHSS Chitor', '9th A', '', 1, 0, '0000', 'Tango Banr  Sheed Abad'),
(22620, 'Asad Khan', 'Sarfarz Khan', 'Male', '2011-01-01', '0342-9841375', '2022-08-16', 3695, 4527, '15602-8374975-7', '03', 'GHSS Chitor', '9th A', '', 1, 0, '0000', 'Kokrai'),
(22621, 'Rahmatullah', 'Umar Rashid', 'Male', '2010-04-14', '0346-3879998', '2022-08-16', 3696, 22621, '15101-5896784-1', '03', 'GHSS Chitor', '9th A', '', 0, 827, '0000', ''),
(22622, 'Sanaullah', 'Anwar Rashid', 'Male', '2010-04-13', '0342-1595440', '2022-08-16', 3697, 4528, '15101-8937726-9', '03', 'GHSS Chitor', '9th B', '', 0, 828, '0000', ''),
(22623, 'Muhammad Riaz', 'Gul Zamin', 'Male', '2010-03-31', '0342-8144561', '2022-08-16', 3698, 22623, '15602-0277054-9', '15602', 'GHSS Chitor', '7th', '', 1, 701, '0000', 'Maira Swat'),
(22624, 'Muhammad Usman', 'Amir Dost Khan', 'Male', '2010-04-14', '0341-5723115', '2022-08-16', 3699, NULL, '15602-9080482-1', '03', 'GHSS Chitor', '9th A', '', 0, 829, '0000', ''),
(22625, 'Muhammad Muslim Khan', 'Sardar Ali', 'Male', '2010-04-04', '0348-4404681', '2022-08-16', 3700, 4529, '15602-0396111-7', '03', 'GHSS Chitor', '9th A', '', 1, 830, '0000', 'Dherai'),
(22626, 'Nisar Ahmad', 'Itbar Gul', 'Male', '2010-04-10', '0345-5446340', '2022-08-16', 3701, 4539, '15602-4810412-7', '03', 'GHSS Chitor', '9th B', '', 0, 831, '0000', ''),
(22627, 'Muhammad Haroon', 'Sar far Ali', 'Male', '2011-04-03', '0343-9410062', '2022-08-16', 3702, NULL, '15602-1487438-3', '03', 'GHSS Chitor', '8th', '', 1, 805, '0000', ''),
(22628, 'Yasir Ali', 'Umar Zarin', 'Male', '2011-03-04', '0349-7312812', '2022-08-16', 3703, 22628, '15602-59700197', '15602', 'GHSS Chitor', '7th', '', 1, 702, '0000', 'Chitor'),
(22629, 'Muhammad Mobeen', 'Iqbal Zarin', 'Male', '2011-03-04', '0349-8321466', '2022-08-16', 3704, NULL, '15602-0351106-3', '15602-', 'GHSS Chitor', '8th', '', 1, 806, '0000', ''),
(22630, 'Maaz Ali', 'Bakht Subhan', 'Male', '2010-04-02', '0340-8282860', '2022-08-16', 3705, 4530, '15602-6485744-7', '15602-', 'GHSS Chitor', '9th B', '', 1, 0, '0000', 'Masheen Abad');
INSERT INTO `students_info` (`Roll_No`, `Name`, `FName`, `Gender`, `Dob`, `Mobile_No`, `Admission_Date`, `Admission_No`, `Admission_No_High`, `Father_Cnic`, `Student_Form_B`, `School`, `Class`, `Class_Position`, `Status`, `Class_No`, `Graduation_Year`, `Address`) VALUES
(22631, 'Kashif Rashid', 'Muhammad Ishaq', 'Male', '2011-04-04', '0342-9638859', '2022-08-16', 3706, NULL, '15602-0244886-3', '15602-', 'GHSS Chitor', '8th', '', 1, 807, '0000', ''),
(22632, 'Samiullah', 'Anwar Rashid', 'Male', '2011-04-03', '0346-3879998', '2022-08-16', 3707, 4531, '15101-5896784-1', '15602-', 'GHSS Chitor', '9th B', '', 0, 0, '0000', ''),
(22633, 'Muhammad Fayaz', 'Bakhti Gul', 'Male', '2011-08-06', '0346-2256429', '2022-08-16', 3708, NULL, '15602-82407809', '15602-', 'GHSS Chitor', '', '', 0, 37, '0000', ''),
(22634, 'Aziz Khan', 'Sher Zaman', 'Male', '2010-04-20', '0345-1507059', '2022-08-16', 3709, 22634, '15602-3010088-7', '15602-', 'GHSS Chitor', '8th', '', 0, 35, '0000', ''),
(22635, 'Aftab Alam', 'Muhammad Alam', 'Male', '2006-05-10', '0344-9097772', '2022-08-16', 3710, NULL, '15602-9424423-1', '15602-', 'GHSS Chitor', '', '', 0, 0, '0000', ''),
(22636, 'Wasil Khan', 'Umar Muhammad', 'Male', '2010-03-02', '0305-9618026', '2022-08-16', 3711, 4532, '15602-02549677', '15602-', 'GHSS Chitor', '9th A', '', 1, 0, '0000', ''),
(22637, 'Ahmad Khan', 'Bahadar Khan', 'Male', '2010-01-01', '0320-9113284', '2022-08-16', 3712, 4533, '15602-1082711-9', '15602-', 'GHSS Chitor', '9th A', '', 1, 0, '0000', ''),
(22638, 'Wahidullah', 'Abdul Hanan', 'Male', '2008-03-05', '0344-9858202', '2022-08-16', 3713, 4534, '15602-0495596-1', '15602-', 'GHSS Chitor', '9th B', '', 1, 836, '0000', 'kokrai'),
(22639, 'Abid Ur Rahman', 'Amir Zada', 'Male', '2010-05-10', '0348-1304251', '2022-08-16', 3714, 22639, '15602-7516825-3', '15602-', 'GHSS Chitor', '8th', '', 0, 42, '0000', ''),
(22640, 'Amjad Ali', 'Attaullah', 'Male', '2009-04-01', '0348-9470217', '2022-08-16', 3715, 22640, '15703-1118056-5', '15602-', 'GHSS Chitor', '8th', '', 0, 43, '0000', ''),
(22641, 'Sudias Ahmad', 'Muhammad Nawab', 'Male', '2010-04-10', '0346-9444184', '2022-08-16', 3716, 4535, '15602-0534859-7', '15602-', 'GHSS Chitor', '9th B', '', 1, 0, '0000', 'Masheen Abad'),
(22643, 'Fayaz Ahmad', 'Bahadar', 'Male', '2010-02-14', '0341-9185833', '2022-08-16', 3722, NULL, '15602-0247458-9', '15602-', 'GHSS Chitor', '', '', 0, 0, '0000', ''),
(22644, 'Habibullah', 'Tota', 'Male', '2010-03-10', '03448176820', '2022-08-16', 3725, NULL, '15602-0245515-1', '15602-', 'GHSS Chitor', '', '', 0, 0, '0000', ''),
(22645, 'Bilal Ahmad', 'Yousaf', 'Male', '2009-08-15', '0342-2864438', '2022-08-16', 3727, NULL, '15602-0246061-7', '15602-', 'GHSS Chitor', '', '', 0, 46, '0000', ''),
(22911, 'Abdul Hamid', 'Abdul Satter', 'Male', '2006-09-16', '0345-9279916', '2022-08-24', 4217, NULL, '15602-', '15602-', 'GHSS Chitor', '', '', 1, 0, '0000', ''),
(22912, 'Imdadullah', 'Sher Malik', 'Male', '2008-04-22', '0349-1117870', '2022-08-24', 4219, NULL, '15602-0350674-5', '15602-', 'GHSS Chitor', '', '', 1, 0, '0000', ''),
(22913, 'Haneefullah', 'Ikramullah', 'Male', '2008-04-15', '0349-3544385', '2022-08-24', 4220, NULL, '15602-50799759', '15602-', 'GHSS Chitor', '', '', 1, 0, '0000', ''),
(22914, 'Aziz ur Rahman', 'Bakht Zada', 'Male', '1900-01-01', '0343-7637722', '2022-08-24', 4221, NULL, '15602-0275825-5', '15602-', 'GHSS Chitor', '10th A', '', 0, 0, '0000', ''),
(22915, 'Muhammad Mehran ', 'Rahmat Ali', 'Male', '2008-04-07', '0348-6785531', '2022-08-24', 4222, NULL, '15602-1643164-3', '15602-', 'GHSS Chitor', '', '', 1, 0, '0000', ''),
(22916, 'Adnan Khan', 'Amir Zeb', 'Male', '2008-03-05', '0348-6785531', '2022-08-24', 4223, NULL, '15602-0246891-3', '15602-', 'GHSS Chitor', '', '', 1, 0, '0000', ''),
(22917, 'Mohsin Azim', 'Fazal Azim', 'Male', '2008-09-16', '0344-1925552', '2022-08-24', 4265, NULL, '15602-02770905', '15602-', 'GHSS Chitor', '', '', 1, 0, '0000', ''),
(22920, 'waqas khan', 'ahmad khan', 'Male', '2023-03-01', '03339494242', '2023-03-05', 789654, NULL, '15602-3069132-8', '15602-3069132-9', 'GHSS Chitor', '', '', 0, 0, '0000', ''),
(22921, 'Hussain Ali', 'Hayat Khan', 'Male', '2008-09-06', '0342-1964643', '2022-08-17', 4224, NULL, '15602-42671035', '15602-', 'GHSS Chitor', '', '', 1, 0, '0000', ''),
(22922, 'Shafiullah', 'Fazal Rahman', 'Male', '2007-04-03', '0348-9175972', '2022-08-17', 4225, NULL, '15602-1515519-5', '15602-', 'GHSS Chitor', '10th B', '', 0, 0, '0000', ''),
(22923, 'Saeed Khan', 'Ahmad Sultan', 'Male', '2008-03-11', '0344-9854882', '2022-08-17', 4226, NULL, '15602-', '15602-', 'GHSS Chitor', '', '', 1, 0, '0000', ''),
(22924, 'Muhammad Hassan', 'Bakht Farid Khan', 'Male', '2007-03-20', '0314-9053035', '2022-08-17', 4227, NULL, '15602-0282403-3', '15602-', 'GHSS Chitor', '', '', 1, 0, '0000', ''),
(22925, 'Khalilullah', 'Gul Khan', 'Male', '2006-04-01', '0345-5547948', '2022-08-17', 4228, NULL, '15602-7134926-9', '15602-', 'GHSS Chitor', '', '', 1, 0, '0000', ''),
(22926, 'Ahsanullah', 'Rahmani Gul', 'Male', '2008-05-10', '0343-9120812', '2022-08-17', 4229, NULL, '15602-0894998-9', '15602-', 'GHSS Chitor', '', '', 1, 0, '0000', ''),
(22927, 'Muhammad Ishaq', 'Yousaf Khan', 'Male', '2008-04-03', '0345-7779478', '2022-08-17', 4230, NULL, '15602-', '15602-', 'GHSS Chitor', '', '', 1, 0, '0000', ''),
(22928, 'Awais Khan', 'Sharaz', 'Male', '2007-12-05', '0345-3459465', '2022-08-17', 4231, NULL, '15602-9145313-7', '15602-', 'GHSS Chitor', '', '', 1, 0, '0000', ''),
(22929, 'Hamidullah', 'Awaz Khan', 'Male', '2007-03-30', '0340-9412209', '2022-08-17', 4232, NULL, '15602-1246645-1', '15602-', 'GHSS Chitor', '', '', 1, 0, '0000', ''),
(23611, 'Hazrat Ali', 'Gul Far Ali', 'Male', '2012-03-01', '0342-8687533', '2023-05-22', 3734, 23611, '15602-', '15602-', 'GHSS Chitor', '7th', '', 1, 703, '0000', 'Tango Banr'),
(23612, 'Muhammad Ismail Khan', 'Haya Khan', 'Male', '2011-09-12', '0346-9791613', '2023-05-22', 3735, 23612, '15602-1575025-9', '15602-', 'GHSS Chitor', '7th', '', 1, 704, '0000', 'Tango Banr'),
(23613, 'Muhammad Imran Khan', 'Umar Dheer', 'Male', '2011-11-06', '0344-1925550', '2023-05-22', 3736, NULL, '15607-0505804-3', '15602-', 'GHSS Chitor', '8th', '', 1, 808, '0000', ''),
(23614, 'Saqib ullah', 'Sabz Ali Khan', 'Male', '2012-05-05', '0344-962026', '2023-05-22', 3738, NULL, '15602-', '15602-', 'GHSS Chitor', '', '', 0, 4, '0000', ''),
(23615, 'Muhammad Kashif', 'Ashraf Ali', 'Male', '2011-11-02', '0347-8911996', '2023-05-22', 3739, NULL, '15602-0246695-7', '15602-', 'GHSS Chitor', '8th', '', 1, 809, '0000', ''),
(23616, 'Muhammad Asif', 'Habib Ur Rahman', 'Male', '2009-04-04', '0343-2240767', '2023-05-22', 3740, 23616, '15602-', '15602-', 'GHSS Chitor', '7th', '', 1, 705, '0000', 'Kokria'),
(23617, 'Salahuddin', 'Muhammad Naseeruddin', 'Male', '2009-08-31', '0334-9349363', '2023-05-22', 3741, 23617, '15602-', '15602-', 'GHSS Chitor', '6th A', '', 0, 13, '0000', ''),
(23618, 'Rahmat Khan', 'Gul Zarin', 'Male', '2010-03-15', '0347-5753297', '2023-05-22', 3742, 23618, '15602-', '15602-', 'GHSS Chitor', '7th', '', 1, 706, '0000', 'kokrai'),
(23619, 'Ikram Ullah', 'Umar Gul', 'Male', '2010-02-10', '0347-0955433', '2023-05-22', 3743, 23619, '15602-9172179-7', '15602-', 'GHSS Chitor', '7th', '', 1, 707, '0000', 'kokrai'),
(23621, 'Abdus Salam', 'Hamidullah', 'Male', '2010-10-26', '0334-9349207', '2023-04-27', 3767, 23621, '15602-0436840-3', '15602-', 'GHSS Chitor', '8th', '', 0, 707, '0000', ''),
(23622, 'Zakir Ullah', 'Wazir', 'Male', '2011-07-09', '0340-0093302', '2023-04-27', 3768, 23622, '15101-5616618-9', '15602-', 'GHSS Chitor', '7th', '', 1, 708, '0000', 'kokrai'),
(23623, 'Zeeshan Khan', 'Hamza Khan', 'Male', '2010-06-18', '0348-4940699', '2023-04-27', 3769, 23623, '42401-2041110-1', '15602-', 'GHSS Chitor', '8th', '', 0, 708, '0000', ''),
(23624, 'Muhammad Awais', 'Suliman', 'Male', '2012-04-27', '0324-9160016', '2023-04-27', 3770, NULL, '15602-0396329-1', '15602-', 'GHSS Chitor', '8th', '', 1, 810, '0000', ''),
(23625, 'Aftab Ali', 'Izat Muhammad', 'Male', '2011-10-30', '0342-8978561', '2023-04-27', 3771, NULL, '15602-0250620-5', '15602-', 'GHSS Chitor', '8th', '', 1, 811, '0000', ''),
(23626, 'Abbas Ahmad', 'Nazir Khan', 'Male', '2010-06-18', '0346-9412966', '2023-04-27', 3772, NULL, '15602-8609513-1', '15602-', 'GHSS Chitor', '8th', '', 1, 812, '0000', ''),
(23627, 'Muhammad Luqman', 'Bakht Baidar', 'Male', '2010-12-10', '0341-5049936', '2023-04-27', 3773, NULL, '15602-3889312-7', '15602-', 'GHSS Chitor', '8th', '', 1, 813, '0000', ''),
(23628, 'Mubeen Khan', 'Muhammad Khan', 'Male', '2012-05-18', '0344-9770104', '2023-04-27', 3774, NULL, '15602-0516499-3', '15602-', 'GHSS Chitor', '8th', '', 1, 814, '0000', ''),
(23629, 'Imad Khan', 'Rahim Shah', 'Male', '2009-12-16', '0347-0960633', '2023-04-27', 3775, 23629, '15602-0245741-1', '15602-', 'GHSS Chitor', '7th', '', 1, 709, '0000', 'kokrai'),
(23911, 'Haidar Alam', 'Nasib Khan', 'Male', '2009-02-15', '0345-0931238', '2023-05-25', 23911, 4394, '15602-', '15602-', 'GHSS Chitor', '11th', '', 1, 32, '0000', ''),
(23912, 'Sultan e Room', 'Amani Room', 'Male', '2006-01-01', '0341-1913325', '2023-05-25', 4386, 4386, '15602-', '15602-', 'GHSS Chitor', '11th', '', 1, 0, '0000', ''),
(23913, 'Abdul Aziz', 'Akbar Khan', 'Male', '2006-01-01', '0349-610559', '2023-05-24', 23913, 4341, '15602-', '15602-', 'GHSS Chitor', '11th', '', 1, 49, '0000', ''),
(23914, 'Hassan Khan', 'Bakht Alam', 'Male', '2009-04-09', '0348-4645516', '2023-05-25', 23914, 4348, '15602-', '15602-', 'GHSS Chitor', '11th', '', 2, 0, '2025', ''),
(23915, 'Muhammad Khan', 'Sabir Gul', 'Male', '2005-01-03', '0344-5850063', '2023-05-25', 23915, 4355, '15602-', '15602-', 'GHSS Chitor', '11th', '', 1, 10, '0000', ''),
(23916, 'Fazal Khan', 'Afzal Khan', 'Male', '2008-04-15', '0345-3703921', '2023-05-25', 23916, 4381, '15602-', '15602-', 'GHSS Chitor', '11th', '', 1, 0, '0000', ''),
(23917, 'Muhammad Shahab', 'Umar Gul', 'Male', '2005-01-01', '0347-9108981', '2023-05-25', 23917, 4380, '15602-', '15602-', 'GHSS Chitor', '10th A', '', 0, 27, '0000', ''),
(23918, 'Shahzad Khan', 'Umar Wahid', 'Male', '2008-04-01', '0348-9360757', '2023-05-25', 23918, 4423, '15602-', '15602-', 'GHSS Chitor', '11th', '', 2, 0, '2025', ''),
(23919, 'Muhammad Nouman', 'Wazir', 'Male', '2007-03-10', '0344-6067693', '2023-05-25', 4417, 23919, '15602-', '15602-', 'GHSS Chitor', '10th B', '', 0, 20, '0000', ''),
(23921, 'Najeeb Ullah', 'Iqbal Zaman', 'Male', '2009-03-10', '0332-9483153', '2023-05-24', 23921, 4333, '15602-', '15602-', 'GHSS Chitor', '11th', '', 2, 5, '2025', ''),
(23922, 'Jamil ullah', 'Sher Zada', 'Male', '2009-03-10', '0341-5684624', '2023-05-24', 23922, 4334, '15602-', '15602-', 'GHSS Chitor', '11th', '', 2, 0, '2025', ''),
(23923, 'Muhammad Fawad', 'Khan Sherin', 'Male', '2008-02-04', '0340-0419675', '2023-05-24', 23923, 4335, '15602-', '15602-', 'GHSS Chitor', '11th', '', 2, 0, '2025', ''),
(23924, 'Fida Hussain', 'Iqbal Hussain', 'Male', '2007-04-24', '0344-9996938', '2023-05-24', 23924, 4336, '15602-', '15602-', 'GHSS Chitor', '11th', '', 1, 50, '0000', ''),
(23925, 'Umar Hayat', 'Pasham Gul', 'Male', '2008-04-01', '0342-7936923', '2023-05-24', 4337, 4337, '15602-', '15602-', 'GHSS Chitor', '11th', '', 1, 33, '0000', ''),
(23926, 'Hassan Khan', 'Robali Khan', 'Male', '2008-04-02', '0341-9221704', '2023-05-24', 23926, 4338, '15602-', '15602-', 'GHSS Chitor', '11th', '', 2, 0, '2025', ''),
(23927, 'Muhammad Irfan', 'Khan Sherin', 'Male', '2009-04-02', '0340-9064252', '2023-05-24', 23927, 4339, '15602-', '15602-', 'GHSS Chitor', '11th', '', 2, 0, '2025', ''),
(23928, 'Fazal Ghani', 'Ismail', 'Male', '2006-04-04', '03', '2023-05-24', 23928, NULL, '15602-', '15602-', 'GHSS Chitor', '', '', 0, 31, '0000', ''),
(210729, 'Asim Khan', 'Hayat Khan', 'Male', NULL, '03', NULL, NULL, NULL, NULL, NULL, 'GHSS Chitor', '8th', '', 0, 0, '0000', ''),
(210730, 'Tawseef Khan', 'Hayat Khan', 'Male', NULL, '03', NULL, NULL, NULL, NULL, NULL, 'GHSS Chitor', '8th', '', 0, 0, '0000', ''),
(217110, 'Adnan Khan', 'Aziz Khan', 'Male', '2006-05-10', '0342-8872554', '2020-09-15', 3549, 4499, '15602-0257574-7', '', 'GHSS Chitor', '10th A', '', 0, 0, '0000', ''),
(217111, 'Sadiq Ur Rahman', 'Fazal Rahman', 'Male', '2008-04-17', '0342-2243085', '2019-10-15', 3550, 4285, '15602-8208537-5', '', 'GHSS Chitor', '11th', '', 2, 0, '2025', ''),
(217112, 'Muhsin Ali', 'Ibrahim', 'Male', '2010-03-10', '0342-9571776', '2019-10-15', 3551, 4284, '15602-0290925-1', '', 'GHSS Chitor', '11th', '', 2, 0, '2025', ''),
(217113, 'Sanaullah', 'Shah Wazir Khan', 'Male', '2009-03-03', '0340-9735645', '2019-10-15', 3552, 4287, '15602-0461743-1', '', 'GHSS Chitor', '11th', '', 2, 4, '2025', ''),
(217114, 'Muhammad Sadeeq', 'Fazal Wahid', 'Male', '2008-04-14', '0334-9318327', '2019-10-15', 3553, 4288, '15602-0250652-7', '', 'GHSS Chitor', '11th', '', 2, 0, '2025', ''),
(217115, 'Muhammad Ismail', 'Bakht Rawan', 'Male', '2005-03-10', '0342-9638859', '2019-10-15', 3554, NULL, '15602-0244886-3', '', 'GHSS Chitor', '9th B', '', 0, 0, '0000', ''),
(217116, 'Ihsan Ullah', 'Bakht Rawan', 'Male', NULL, '03', NULL, NULL, NULL, NULL, NULL, 'GHSS Chitor', '9th B', '', 0, 0, '0000', ''),
(217117, 'Sardar Hussain', 'Iqbal Hussain', 'Male', NULL, '03', NULL, NULL, NULL, NULL, NULL, 'GHSS Chitor', '8th', '', 0, 0, '0000', ''),
(217118, 'Khalil Ur Rahman', 'Said Bashar', 'Male', '2009-09-02', '0347-6787326', '2020-09-15', 3558, 4289, '15601-3129932-5', '', 'GHSS Chitor', '11th', '', 1, 15, '0000', ''),
(217119, 'Ihsan Ullah', 'Amir Gulab', 'Male', '2006-02-01', '0344-2826350', '2020-09-15', 3559, NULL, '15602-0445118-7', '', 'GHSS Chitor', '8th', '', 0, 0, '0000', ''),
(217120, 'Muhammad Mehran', 'Rahmat Ullah', 'Male', '2004-04-20', '0346-1954329', '2008-09-15', 3561, 4290, '15602-8273242-7', '', 'GHSS Chitor', '11th', '', 1, 0, '0000', ''),
(217121, 'Umar Khitab', 'Fazal Maula', 'Male', '2008-04-25', '0347-9696971', '2008-09-15', 3562, 4291, '15602-5284492-7', '', 'GHSS Chitor', '11th', '', 2, 0, '2025', ''),
(217122, 'Sher Bacha', 'Dost Muhammad Khan', 'Male', '2008-06-01', '0343-1195916', '2020-09-15', 3563, 4292, '15602-0494167-3', '', 'GHSS Chitor', '11th', '', 2, 0, '2025', ''),
(217123, 'Shakeel', 'Barkat Ali', 'Male', '2007-03-02', '0347-6731023', '2020-09-15', 3564, 4293, '15602-2520998-3', '', 'GHSS Chitor', '11th', '', 2, 2, '2025', ''),
(217124, 'Abu Bakar', 'Amin Gul', 'Male', '2009-01-01', '0343-9303005', '2020-09-15', 3565, 4294, '15602-0396137-5', '', 'GHSS Chitor', '11th', '', 1, 28, '0000', ''),
(217125, 'Hasnain Hameed', 'Hameed Ullah', 'Male', '2007-04-05', '0345-9455976', '2020-09-23', 3597, 4464, '15602-0513783-1', '', 'GHSS Chitor', '10th A', '', 1, 33, '0000', ''),
(217126, 'Farhan Ali', 'Aslam Khan', 'Male', '2007-04-10', '0346-8072566', '2020-09-28', 3601, NULL, '15602-3490690-7', '0346-8072566', 'GHSS Chitor', '8th', '', 0, 0, '0000', ''),
(217127, 'Hazrat Ullah', 'Pardul Khan', 'Male', '2004-06-02', '0315-9048282', '2020-10-02', 3605, 4316, '15602-0532813-1', '', 'GHSS Chitor', '11th', '', 1, 26, '0000', ''),
(217128, 'Shafiullah', 'Ali Rahman', 'Male', '2008-04-05', '0344-9998076', '2020-10-02', 3607, 4318, '15602', '15602', 'GHSS Chitor', '11th', '', 2, 0, '2025', ''),
(217129, 'Usman Ghani', 'Said Ali', 'Male', '2008-03-04', '0347-9684926', '2020-10-02', 3611, NULL, '15602-2496098-1', '', 'GHSS Chitor', '', '', 0, 0, '0000', ''),
(217210, 'Shoaib Akhtar', 'Khadim Shah', 'Male', '2009-12-13', '0321-9791344', '2009-12-13', 3583, 4305, '15602-5891918-7', '', 'GHSS Chitor', '11th', '', 2, 12, '2025', ''),
(217211, 'Muhammad Shoaib', 'Umar Wahab', 'Male', '2008-05-20', '0333-3477125', '2020-09-15', 3586, NULL, '15602-0246374-7', '15607-0444442-5', 'GHSS Chitor', '9th B', '', 0, 0, '0000', ''),
(217212, 'Muhammad Talha', 'Bakht Namir', 'Male', '2009-04-07', '0341-5153614', '2020-09-15', 3587, 4307, '15602-3171142-3', '', 'GHSS Chitor', '11th', '', 2, 0, '2025', ''),
(217213, 'Aziz Ullah', 'Fazal Subhan', 'Male', '2007-04-05', '0342-9827797', '0220-09-15', 3588, 4308, '15602-1644273-7', '', 'GHSS Chitor', '11th', '', 2, 41, '0000', ''),
(217214, 'Ahmad Hussain', 'Alamgir', 'Male', '2007-11-21', '0342-9567482', '2020-09-15', 3589, 4309, '15602-0246993-9', '', 'GHSS Chitor', '11th', '', 1, 42, '0000', ''),
(217215, 'Nayab Hussain', 'Jehangir Mian', 'Male', '2009-03-23', '0342-9836245', '2020-09-15', 3590, 4310, '15602-0309262-7', '', 'GHSS Chitor', '11th', '', 2, 44, '2025', ''),
(217216, 'Muhammad Hamza', 'Umar Zamin', 'Male', '2009-04-04', '0344-2338300', '2020-09-15', 3591, 4311, '15602-0280909-9', '', 'GHSS Chitor', '11th', '', 2, 0, '2025', ''),
(217217, 'Rahman Ali', 'Asim Gul', 'Male', '2009-02-02', '0342-0479525', '2020-09-15', 3593, 4312, '15602-9533411-3', '', 'GHSS Chitor', '10th A', '', 0, 30, '0000', ''),
(217218, 'Mustafa Khan', 'Fazal Shah', 'Male', '2008-09-01', '0343-1922618', '2020-09-15', 3594, 4313, '15602-0248238-3', '', 'GHSS Chitor', '11th', '', 2, 21, '2025', ''),
(217219, 'Nasar Ali', 'Aqal Zada', 'Male', '2008-04-04', '0349-9458844', '2020-09-15', 3595, 4314, '15602-0508202-9', '', 'GHSS Chitor', '11th', '', 2, 47, '2025', ''),
(217220, 'Liaqat Ali', 'Wazir', 'Male', '2008-04-06', '0342-9704264', '2020-09-19', 3596, 4465, '15602-2559996-7', '', 'GHSS Chitor', '10th A', '', 0, 34, '0000', ''),
(217221, 'Islam Ul Haq', 'Aziz Ul Haq', 'Male', '2008-12-14', '0346-1952693', '2020-09-28', 3603, NULL, '15602-0246934-7', '', 'GHSS Chitor', '9th B', '', 0, 0, '0000', ''),
(217222, 'Muhammad Asghar Khan', 'Muhammad Kamal', 'Male', '2009-01-01', '0346-2990255', '2020-09-28', 3604, 4466, '15602-0255337-1', '', 'GHSS Chitor', '10th A', '', 1, 35, '0000', ''),
(217223, 'Sabir Shah', 'Mian Syed Habib Shah', 'Male', '2008-03-07', '0349-8321235', '2020-10-02', 3610, 4319, '15602-4056361-3', '', 'GHSS Chitor', '11th', '', 2, 0, '2025', ''),
(217224, 'Hazrat Ali', 'Hazrat Rahman', 'Male', '2005-06-10', '0319-145311', '2020-10-20', 3731, 4330, '15602-0495989-3', '', 'GHSS Chitor', '11th', '', 2, 1, '2025', ''),
(217225, 'Muhammad Osama', 'Hussain Shah', 'Male', '2010-01-01', '0344-9344823', '2021-07-15', 4321, 4321, '15602-0245622-1', '', 'GHSS Chitor', '11th', '', 1, 0, '0000', ''),
(217226, 'Zakir Ullah', 'Said Aleem Shah', 'Male', '2007-04-01', '0341-9185833', '2021-07-15', 3662, 4467, '15602-0247458-9', '', 'GHSS Chitor', '10th A', '', 0, 36, '0000', ''),
(217227, 'Usman Ali', 'Sher Zameen', 'Male', '2008-09-25', '0347-9684296', '2021-08-02', 3670, 4468, '15602-0287419-1', '', 'GHSS Chitor', '9th A', '', 0, 0, '0000', ''),
(217228, 'Muhammad Ismail', 'Muhammad Ishaq', 'Male', '2007-04-10', '0342-9638859', '2020-09-15', 3566, 4295, '15602-0244886-3', '', 'GHSS Chitor', '11th', '', 2, 43, '2025', ''),
(217229, 'Muhammad Maaz', 'Khan Bahadar', 'Male', '2008-04-10', '0348-0514088', '2020-09-15', 3567, 217229, '15602-1750127-3', '', 'GHSS Chitor', '11th', '', 2, 0, '2025', ''),
(217230, 'Fawad Khan', 'Sherin Zada', 'Male', '2008-01-12', '0347-4133488', '2020-09-15', 3568, 4297, '15602-391087-7', '', 'GHSS Chitor', '11th', '', 1, 0, '0000', ''),
(217231, 'Muhammad Bilal', 'Shahzada', 'Male', '2008-04-05', '0342-8144561', '2020-09-15', 3569, 4298, '15602-0336242-3', '', 'GHSS Chitor', '11th', '', 1, 25, '0000', ''),
(217232, 'Anwar Khan', 'Rahamdad Khan', 'Male', '2009-03-02', '0349-1709534', '2020-09-15', 3570, 4299, '15602-0336242-3', '', 'GHSS Chitor', '11th', '', 1, 46, '0000', ''),
(217233, 'Muhammad Ayaz', 'Khan Bahadar', 'Male', '2008-03-01', '0347-8957429', '2021-08-02', 3676, NULL, '15602-0245928-9', '', 'GHSS Chitor', '8th', '', 0, 0, '0000', ''),
(221021, 'Muhammad Ismail', 'Saad Muhammad', 'Male', '2004-12-06', '0333-4119207', '2022-09-02', 4173, NULL, '15602-1032381-7', '15602-', 'GHSS Chitor', '', '', 1, 0, '2023', ''),
(221022, 'Muhmmad Abid', 'Sayed Yousaf Shah', 'Male', '1990-01-01', '03', '2022-09-03', 4270, NULL, '15602-', '15602-', 'GHSS Chitor', '', '', 1, 0, '2023', ''),
(229210, 'Hanifullah', 'Khan Sadbar', 'Male', '2008-04-05', '0349-9355391', '2022-08-17', 4233, NULL, '15602-0291247-5', '15602-', 'GHSS Chitor', '10th B', '', 0, 0, '0000', ''),
(229211, 'Shoukat Ali', 'Siraj-ud-din', 'Male', '2007-01-01', '0342-9169845', '2022-08-17', 4234, NULL, '15602-1651865-9', '15602-', 'GHSS Chitor', '', '', 1, 0, '0000', ''),
(229212, 'Rahimullah', 'Rozi Khan', 'Male', '2008-09-02', '0349-6101131', '2022-08-17', 4235, NULL, '15602-0452480-7', '15602-', 'GHSS Chitor', '', '', 1, 0, '0000', ''),
(229213, 'Muhammad Muddassir', 'Rozi Khan', 'Male', '2008-04-01', '0346-4765251', '2022-08-17', 4236, NULL, '15602-283511-7', '15602-', 'GHSS Chitor', '', '', 1, 0, '0000', ''),
(229214, 'Ismail Khan', 'Sher Afzal Khan', 'Male', '2007-02-01', '0348-2373577', '2022-08-17', 4237, NULL, '15602-4068527-5', '15602-', 'GHSS Chitor', '', '', 1, 0, '0000', ''),
(229215, 'Islam Khan', 'Afarin Khan', 'Male', '2007-03-20', '0343-5594770', '2022-08-17', 4238, NULL, '15602-4590018-9', '15602-', 'GHSS Chitor', '', '', 1, 0, '0000', ''),
(229216, 'Hazrat Ali', 'Taj Rahman', 'Male', '2007-04-16', '0346-8383195', '2022-08-17', 4240, NULL, '15602-4352400-3', '15602-', 'GHSS Chitor', '', '', 1, 0, '0000', ''),
(229217, 'Ali Sher', 'Alam Sher', 'Male', '2005-04-01', '0347-8908871', '2022-08-17', 4241, NULL, '15607-0676806-6', '15602-', 'GHSS Chitor', '', '', 1, 0, '0000', ''),
(229218, 'Salman Khan', 'Janat Gul', 'Male', '2007-01-01', '0344-6686070', '2022-08-17', 4242, NULL, '15602-0534948-1', '15602-', 'GHSS Chitor', '', '', 1, 0, '0000', ''),
(229219, 'Parvez Ali', 'Amir Rahman', 'Male', '2008-02-01', '0340-8970273', '2022-08-17', 4243, NULL, '15602-9003148-9', '15602-', 'GHSS Chitor', '', '', 1, 0, '0000', ''),
(229220, 'Habibullah', 'Azam Khan', 'Male', '2008-04-01', '0342-1911884', '2022-08-17', 4244, NULL, '15602-0247461-7', '15602-', 'GHSS Chitor', '', '', 1, 0, '0000', ''),
(229221, 'Bakht Alam', 'Khan Wazir', 'Male', '2007-01-05', '0345-5701032', '2022-08-17', 4245, NULL, '15602-4742518-3', '15602-', 'GHSS Chitor', '', '', 1, 0, '0000', ''),
(229222, 'Saeedullah Khan', 'Muhammad Zaman', 'Male', '2007-01-01', '0343-9133418', '2022-08-17', 4246, NULL, '15602-0247197-7', '15602-', 'GHSS Chitor', '', '', 1, 0, '0000', ''),
(229223, 'Shahid Khan', 'Khan Zada', 'Male', '2008-03-12', '0347-0458024', '2022-08-17', 4247, NULL, '15602-6631299-7', '15602-', 'GHSS Chitor', '10th B', '', 0, 0, '0000', ''),
(229224, 'Umar Hayat', 'Said Rahman', 'Male', '1900-01-01', '0343-6050919', '2022-08-17', 4248, NULL, '15602-8696926-3', '15602-', 'GHSS Chitor', '10th B', '', 0, 0, '0000', ''),
(229225, 'Muhammad Ghani', 'Wazir Zada', 'Male', '2008-04-15', '0342-3703096', '2022-08-17', 4249, NULL, '15602-0534954-7', '15602-', 'GHSS Chitor', '', '', 1, 0, '0000', ''),
(229226, 'Muhammad Ilyas', 'Amir Nawab', 'Male', '2008-01-01', '0347-9124388', '2022-08-17', 4250, NULL, '15602-8634487-3', '15602-', 'GHSS Chitor', '', '', 1, 0, '0000', ''),
(229227, 'Usman Ali', 'Shah Wali Khan', 'Male', '2006-01-01', '0341-0916012', '2022-08-17', 4251, NULL, '15602-8848672-9', '15602-', 'GHSS Chitor', '', '', 1, 0, '0000', ''),
(229228, 'Imad Ali', 'Said Rawan', 'Male', '2008-04-29', '03479124388', '2022-08-17', 4252, NULL, '15602-6769381-5', '15602-', 'GHSS Chitor', '', '', 1, 0, '0000', ''),
(229229, 'Muhammad Musa', 'Bakht Hussain', 'Male', '2008-01-01', '0346-9306829', '2022-08-17', 4253, NULL, '15602-8582506-5', '15602-', 'GHSS Chitor', '', '', 1, 0, '0000', ''),
(229230, 'Muhammad Ahmad', 'Shah Wali Khan', 'Male', '2007-03-20', '0346-9550621', '2022-08-17', 4254, NULL, '15602-7167608-3', '15602-', 'GHSS Chitor', '', '', 1, 0, '0000', ''),
(229231, 'Fazal Wahid', 'Karim', 'Male', '2007-01-01', '0346-9403197', '2022-08-17', 4255, NULL, '15101-1292078-0', '15602-', 'GHSS Chitor', '', '', 1, 0, '0000', ''),
(229232, 'Muhammad Sadiq', 'Shfrin Zada', 'Male', '2007-04-29', '0348-2441210', '2022-08-17', 4256, NULL, '15602-7023310-5', '15602-', 'GHSS Chitor', '', '', 1, 0, '0000', ''),
(229233, 'Farhan Ali', 'Fazal Ali', 'Male', '2007-08-11', '0340-2329813', '2022-08-17', 4258, NULL, '37405-2934088', '15602-', 'GHSS Chitor', '', '', 1, 0, '0000', ''),
(229234, 'Rafiullah', 'Bakht Sherawan', 'Male', '1900-01-01', '0345-1592084', '2022-08-17', 4259, NULL, '15602-', '15602-', 'GHSS Chitor', '10th B', '', 0, 0, '0000', ''),
(229235, 'Amanullah', 'Bacha Zada', 'Male', '2006-04-03', '0344-9892613', '2022-08-17', 4260, NULL, '15602-7691567-3', '15602-', 'GHSS Chitor', '', '', 1, 0, '0000', ''),
(229236, 'Junaid Khan', 'Javed Khan', 'Male', '1900-01-01', '0349-6693106', '2022-08-17', 4261, NULL, '15602-5339007-1', '15602-', 'GHSS Chitor', '10th B', '', 0, 0, '0000', ''),
(229237, 'Fazal Wadood', 'Akhtar Alam', 'Male', '2007-04-25', '0349-2177533', '2022-08-17', 4262, NULL, '15602-4565365-9', '15602-', 'GHSS Chitor', '10th B', '', 0, 0, '0000', ''),
(229238, 'Samiullah', 'Khan Sadbar', 'Male', '2006-04-01', '0349-9355391', '2022-08-17', 4263, NULL, '15602-0291247-5', '15602-', 'GHSS Chitor', '', '', 1, 0, '0000', ''),
(229239, 'Salman Khan', 'Jan Muhammad', 'Male', '1900-01-01', '0344-1190107', '2022-08-17', 4264, NULL, '15602-3697072-9', '15602-', 'GHSS Chitor', '10th B', '', 0, 0, '0000', ''),
(229240, 'Abid Ahmad', 'Fazal Subhan', 'Male', '2008-03-25', '0315-9264409', '2022-09-20', 4272, NULL, '16101-1180490-1', '15602-', 'GHSS Chitor', '10th B', '', 0, 0, '0000', ''),
(229241, 'Mehran Ali', 'Nazir Akbar', 'Male', '2007-05-02', '0348-9175889', '2022-09-24', 4271, NULL, '15602-51955975', '15602-', 'GHSS Chitor', '10th B', '', 0, 0, '0000', ''),
(229242, 'Roohullah', 'Peer Muhammad', 'Male', '2006-02-08', '03', '2022-11-07', 4273, NULL, '15602-', '15602-', 'GHSS Chitor', '10th B', '', 0, 0, '0000', ''),
(229243, 'Umar Hayat', 'Said Rahman', 'Male', '2005-01-01', '03', '2022-11-11', 4277, NULL, '15602-', '15602-', 'GHSS Chitor', '10th B', '', 0, 0, '0000', ''),
(229244, 'Hazrat Hassan', 'Khan Bahadur', 'Male', '2006-11-06', '03', '2022-11-17', 4278, NULL, '15602-', '15602-', 'GHSS Chitor', '10th B', '', 0, 0, '0000', ''),
(236110, 'Muhammad Zubair', 'Anwar Ali', 'Male', '2011-07-09', '0341-2926557', '2023-05-22', 3744, 236110, '15602-9523704-3', '15602-', 'GHSS Chitor', '7th', '', 1, 710, '0000', 'Kokrai'),
(236111, 'Junaid Khan', 'Zafar Ali', 'Male', '2011-06-13', '0348-1906209', '2023-05-22', 3745, 236111, '15602-3418378-7', '15602-', 'GHSS Chitor', '7th', '', 1, 711, '0000', 'kokrai'),
(236112, 'Waqar Khan', 'Amin Ur Rahman', 'Male', '2011-08-09', '0347-1920124', '2023-05-22', 3746, NULL, '15602-3129068-1', '15602-', 'GHSS Chitor', '8th', '', 1, 815, '0000', ''),
(236113, 'Aman Ali', 'Iqrar Ali', 'Male', '2011-08-16', '0344-3292713', '2023-05-22', 3747, NULL, '16202-8765062-7', '15602-', 'GHSS Chitor', '8th', '', 1, 816, '0000', ''),
(236114, 'Asad Ali', 'Haidar Ali', 'Male', '2011-04-01', '0349-2268337', '2023-05-22', 3748, 236114, '15602-', '15602-', 'GHSS Chitor', '7th', '', 1, 712, '0000', 'kokrai'),
(236115, 'Muhammad Shoaib', 'Zafar Ali', 'Male', '2010-10-20', '0348-1906209', '2023-05-22', 3749, NULL, '15602-3418378-7', '15602-', 'GHSS Chitor', '6th A', '', 0, 15, '0000', ''),
(236116, 'Niaz Alam', 'Khursed Alam', 'Male', '2009-06-02', '0346-9796283', '2023-05-22', 3750, 236116, '15602-33760817', '15602-', 'GHSS Chitor', '7th', '', 0, 612, '0000', ''),
(236117, 'Tawsifullah', 'Shah Wazir Khan', 'Male', '2009-05-15', '0348-9156756', '2023-05-22', 3751, 236117, '15602-3261891-7', '15602-', 'GHSS Chitor', '8th', '', 1, 817, '0000', 'kokrai'),
(236118, 'Hazratullah', 'Umar Zahir', 'Male', '2008-09-01', '0342-6144598', '2023-05-22', 3752, NULL, '15602-0229777-1', '15602-', 'GHSS Chitor', '', '', 0, 0, '0000', ''),
(236119, 'Muhammad Anas Khan', 'Fazal Subhan', 'Male', '2010-02-27', '0300-2961260', '2023-05-22', 3753, NULL, '15602-4608635-7', '15602-', 'GHSS Chitor', '8th', '', 1, 818, '0000', ''),
(236120, 'Kashif Rashid', 'Rashid Iqbal', 'Male', '2011-07-02', '0342-9566823', '2023-05-22', 3755, 236120, '15602-6438745-9', '15602-', 'GHSS Chitor', '7th', '', 0, 13, '0000', ''),
(236121, 'Ahmad Hussain', 'Muhammad Zahir Shah', 'Male', '2011-03-07', '0345-4079209', '2023-05-22', 3756, NULL, '15602-', '15602-', 'GHSS Chitor', '', '', 0, 20, '0000', ''),
(236122, 'Shafiq Rahim', 'Fazal Rahim', 'Male', '2010-07-21', '0340-6080979', '2023-05-22', 3757, NULL, '15602-8755673-9', '15602-', 'GHSS Chitor', '8th', '', 1, 819, '0000', ''),
(236123, 'Mudassir Shah', 'Shah Bahadar', 'Male', '2011-12-25', '0348-8191342', '2023-05-22', 3758, NULL, '15602-7239666-7', '15602-', 'GHSS Chitor', '8th', '', 1, 820, '0000', ''),
(236124, 'Ibrar Khan', 'Rozi Gul', 'Male', '2010-03-03', '0340-9450612', '2023-05-22', 3759, 236124, '15602-9278473-3', '15602-', 'GHSS Chitor', '7th', '', 0, 16, '0000', ''),
(236125, 'Alam Zeb Khan', 'Jehan Zeb', 'Male', '2010-02-10', '0349-3551351', '2023-05-22', 3760, 236125, '15602-', '15602-', 'GHSS Chitor', '7th', '', 1, 713, '0000', 'Tango Banr'),
(236126, 'Abdul Wahab Khan', 'Fazal Waheed', 'Male', '2011-06-22', '0342-6115615', '2023-05-22', 3761, NULL, '15602-3785788-5', '15602-', 'GHSS Chitor', '8th', '', 1, 821, '0000', ''),
(236127, 'Sanan Ali', 'Parwaish', 'Male', '2010-10-01', '0324-9162946', '2023-05-22', 3762, 236127, '15602-6935960-3', '15602-', 'GHSS Chitor', '8th', '', 1, 822, '0000', 'Tango Banr'),
(236128, 'Hassan Shah', 'Ismail Shah', 'Male', '2012-05-16', '0348-9121861', '2023-05-22', 3763, NULL, '15602-202470179', '15602-', 'GHSS Chitor', '8th', '', 1, 823, '0000', ''),
(236129, 'Muhmmmad Ismail', 'Fazal Subhan', 'Male', '2012-04-18', '0340-2806978', '2023-05-22', 3764, NULL, '15602-1242157-7', '15602-', 'GHSS Chitor', '8th', '', 1, 824, '0000', ''),
(236130, 'Fawad Ali', 'Mian Said Ghani', 'Male', '2011-03-03', '0336-9451252', '2023-05-22', 3765, NULL, '15602-0444805-3', '15602-', 'GHSS Chitor', '8th', '', 1, 825, '0000', ''),
(236131, 'Rahmat Gul', 'Nasib Gul', 'Male', '2012-04-29', '0347-9676212', '2023-05-22', 3766, 236131, '15602-6561951-7', '15602-', 'GHSS Chitor', '7th', '', 1, 714, '0000', 'Tango Banr'),
(236132, 'Majeedullah', 'Jannat Gul', 'Male', '2009-08-13', '0349-355972', '2023-05-22', 3805, NULL, '15602-', '15602-', 'GHSS Chitor', '', '', 0, 0, '0000', ''),
(236139, 'Mazhar Ali', 'Ashgar Ali', 'Male', '2012-04-07', '0343-3192245', '2023-05-22', 3754, NULL, '15602-6561951-7', '15602-', 'GHSS Chitor', '8th', '', 1, 826, '0000', ''),
(236140, 'Fazal Amin', 'Jehan Zada', 'Male', '1900-01-01', '0346-9421094', '2023-06-21', 3808, NULL, '15602-9459997', '15602-', 'GHSS Chitor', '', '', 0, 0, '0000', ''),
(236141, 'Muhammad Mubarak', 'Dawlat Khan', 'Male', '2011-07-15', '0349-3316397', '2023-06-21', 3809, NULL, '15602-1335156-7', '15602-', 'GHSS Chitor', '8th', '', 1, 827, '0000', ''),
(236142, 'Muhammad Yaseen', 'Muhammad Amin', 'Male', '2010-04-01', '0346-9421094', '2023-11-20', 3810, 236142, '15602-9459937-7', '15602-', 'GHSS Chitor', '7th', '', 0, 615, '0000', ''),
(236143, 'Adnan Khan', 'Lal Zada', 'Male', '2012-04-12', '0344-5254368', '2023-11-20', 3811, 236143, '15602-', '15602-', 'GHSS Chitor', '8th', '', 1, 828, '0000', ''),
(236210, 'Rashid Iqbal', 'Iqbal Rawan', 'Male', '2011-12-15', '0346-0974415', '2023-04-27', 3776, 236210, '15602-9687741-5', '15602-', 'GHSS Chitor', '7th', '', 1, 715, '0000', 'kokrai'),
(236211, 'Fazal Wahab', 'Akbar Ali', 'Male', '2011-09-04', '0340-9840406', '2023-04-27', 3777, NULL, '15602-0992484-3', '15602-', 'GHSS Chitor', '8th', '', 1, 829, '0000', ''),
(236212, 'Muhammad Asif', 'Fazal Ali', 'Male', '2012-09-09', '0349-2186711', '2023-04-27', 3778, 236212, '15602-6892760-5', '15602-', 'GHSS Chitor', '8th', '', 1, 830, '0000', 'Kokrai'),
(236213, 'Abdul Aziz', 'Afzal Khan', 'Male', '2013-05-10', '0343-9617656', '2023-04-27', 3779, 236213, '15602-0474504-1', '15602-', 'GHSS Chitor', '8th', '', 1, 831, '0000', ''),
(236214, 'Asif Khan', 'Sher Ali Khan', 'Male', '2012-01-10', '0324-9162395', '2023-04-27', 3780, 236214, '15602-8978031-1', '15602-', 'GHSS Chitor', '7th', '', 1, 716, '0000', 'Kokrai'),
(236215, 'Abdullah', 'Muhammad Sher', 'Male', '2010-02-16', '0346-4116089', '2023-04-27', 3781, 236215, '15602-1497554-5', '15602-', 'GHSS Chitor', '7th', '', 1, 717, '0000', 'kokrai'),
(236216, 'Rahman Ali', 'Karim Khan', 'Male', '2012-03-13', '0342-9621829', '2023-04-27', 3782, NULL, '15602-', '15602-', 'GHSS Chitor', '6th A', '', 0, 23, '0000', ''),
(236217, 'Abdullah', 'Zafar Ali', 'Male', '2012-03-13', '0342-9648968', '2023-04-27', 3783, NULL, '15602-0250867-9', '15602-', 'GHSS Chitor', '7th', '', 0, 19, '0000', ''),
(236219, 'Muhammad Shawal', 'Muhmmad Naeem', 'Male', '2010-01-10', '0344-8652120', '2023-04-27', 3785, 236219, '15602-0628114-3', '15602-', 'GHSS Chitor', '8th', '', 0, 734, '0000', ''),
(236220, 'Noor ul Amin', 'Ahmad Ali', 'Male', '2010-04-04', '0344-1925550', '2023-04-27', 3786, 236220, '15602-7630211-7', '15602-', 'GHSS Chitor', '8th', '', 0, 0, '0000', ''),
(236221, 'Rafiullah', 'Mian Jan Ghani', 'Male', '2011-04-03', '0347-9328035', '2023-04-27', 3787, NULL, '15602-1598417-7', '15602-', 'GHSS Chitor', '8th', '', 1, 832, '0000', ''),
(236222, 'Muhammad Suliman', 'Shahzada', 'Male', '2011-02-04', '0349-7312814', '2023-04-27', 3788, 236222, '15602-5981136-9', '15602-', 'GHSS Chitor', '7th', '', 1, 718, '0000', 'Maira'),
(236223, 'Ziaullah', 'Umar Zaman', 'Male', '2011-04-10', '0344-9673067', '2023-04-27', 3789, 236223, '15602-0245810-1', '15602-', 'GHSS Chitor', '7th', '', 1, 719, '0000', 'Dherai'),
(236224, 'Majeedullah', 'Azim Khan', 'Male', '2011-04-04', '0348-5223121', '2023-04-27', 3790, 236224, '15602-0239158-1', '15602-', 'GHSS Chitor', '7th', '', 0, 620, '0000', ''),
(236225, 'Abdur Rahman', 'Shtha Mand', 'Male', '2011-12-23', '0343-9500314', '2023-04-27', 3791, NULL, '15602-0335949-5', '15602-', 'GHSS Chitor', '8th', '', 1, 833, '0000', ''),
(236226, 'Fazal Nabi', 'Fazal Wahid', 'Male', '2010-04-11', '0343-0014699', '2023-04-27', 3792, 3792, '15602-0452468-9', '15602-', 'GHSS Chitor', '6th A', '', 0, 30, '0000', ''),
(236227, 'Sanaullah', 'Abdul Zahir', 'Male', '2012-04-15', '0347-4127119', '2023-04-27', 3793, NULL, '15602-8606950-7', '15602-', 'GHSS Chitor', '8th', '', 1, 834, '0000', ''),
(236228, 'Ikram Ullah', 'Shah Bahadar', 'Male', '2012-04-18', '0342-9856987', '2023-04-27', 3794, NULL, '15602-0246882-7', '15602-', 'GHSS Chitor', '8th', '', 1, 835, '0000', ''),
(236229, 'Maaz Ali Shah', 'Zarawar Shah', 'Male', '2011-02-14', '0345-1945010', '2023-04-27', 3795, 236229, '15602-0527774-5', '15602-', 'GHSS Chitor', '8th', '', 0, 740, '0000', ''),
(236230, 'Mustafa Jan', 'Muhammad Jan', 'Male', '2009-03-02', '0347-4766609', '2023-04-27', 3796, 236230, '15602-5126141-9', '15602-', 'GHSS Chitor', '7th', '', 1, 720, '0000', 'Machine abad'),
(236231, 'Muhammad Umar', 'Said Yousaf Shah', 'Male', '2011-01-11', '0324-9960646', '2023-04-27', 3797, 236231, '15602-', '15602-', 'GHSS Chitor', '8th', '', 1, 836, '0000', ''),
(236232, 'Rafiullah', 'Anwar Ali', 'Male', '2010-12-04', '0342-9825611', '2023-04-27', 3798, NULL, '15602-4402357-9', '15602-', 'GHSS Chitor', '', '', 0, 37, '0000', ''),
(236233, 'Muhammad Ishaq', 'Umar Badshah', 'Male', '2009-08-12', '0342-9827600', '2023-04-27', 3799, NULL, '15602-3711335-9', '15602-', 'GHSS Chitor', '8th', '', 1, 837, '0000', ''),
(236234, 'Muhammad Salman', 'Jehan Zada', 'Male', '2011-03-02', '0349-7312814', '2023-04-27', 3800, 236234, '15602-5981136-9', '15602-', 'GHSS Chitor', '7th', '', 1, 721, '0000', ''),
(236235, 'Mahboob Ali', 'Usman Ali', 'Male', '2011-04-04', '0340-9413302', '2023-04-27', 3801, NULL, '15602-043724-1', '15602-', 'GHSS Chitor', '8th', '', 1, 838, '0000', ''),
(236236, 'Fazal Sadiq', 'Fazal Gul', 'Male', '2012-11-24', '0342-0936694', '2023-04-27', 3802, NULL, '15602-9147959-7', '15602-', 'GHSS Chitor', '7th', '', 1, 722, '0000', ''),
(236237, 'Najeeb Ullah', 'Janat Gul', 'Male', '2007-12-27', '0349-3559672', '2023-04-27', 3804, 236237, '15602-9212845-3', '15602-', 'GHSS Chitor', '8th', '', 0, 744, '0000', ''),
(236238, 'Attur Rahman', 'Fazal Rahman', 'Male', '2011-02-07', '03', '2023-05-22', 3806, NULL, '15602-', '15602-', 'GHSS Chitor', '', '', 0, 0, '0000', ''),
(236239, 'Israr ul Haq', 'Rahman Ullah', 'Male', '2009-03-31', '0346-7834908', '2023-06-22', 3807, 236239, '15602-4898481-5', '15602-', 'GHSS Chitor', '8th', '', 0, 745, '0000', ''),
(239110, 'Luqman Alam', 'Alam Sher', 'Male', '2009-01-01', '0344-3560199', '2023-05-25', 239110, 4391, '15602-', '15602-', 'GHSS Chitor', '11th', '', 2, 31, '2025', ''),
(239111, 'Muhammad Yaseen', 'Yaad Muhammad Khan', 'Male', '2007-03-15', '0346-1192124', '2023-05-25', 239111, 4392, '15602-', '15602-', 'GHSS Chitor', '11th', '', 1, 0, '0000', ''),
(239112, 'Zohaibullah', 'Ihsanullah', 'Male', '2008-12-20', '03', '2023-05-25', 4347, NULL, '15602-', '15602-', 'GHSS Chitor', '6th', '', 0, 0, '0000', ''),
(239113, 'Muhammad Irfan', 'Khan Shereen', 'Male', '2009-04-02', '0340-9064252', '2023-05-25', 4339, 239113, '15602-', '15602-', 'GHSS Chitor', '10th B', '', 0, 21, '0000', ''),
(239114, 'Asmat Khan', 'Rahmat Khan', 'Male', '2006-03-01', '0349-7311239', '2023-05-25', 4344, 4344, '15602-', '15602-', 'GHSS Chitor', '11th', '', 1, 9, '0000', ''),
(239115, 'Jan Alam', 'Jan Ali', 'Male', '2008-04-15', '0341-9055017', '2023-05-25', 239115, 4395, '15602-', '15602-', 'GHSS Chitor', '11th', '', 1, 0, '0000', ''),
(239116, 'Hasnain Khan', 'Liaqat Ali Khan', 'Male', '2009-04-01', '0345-9523695', '2023-05-25', 4353, 4353, '15602-', '15602-', 'GHSS Chitor', '11th', '', 1, 7, '0000', ''),
(239117, 'Fazal Mabood', 'Gul Rahman', 'Male', '2007-02-01', '0346-1953642', '2023-05-25', 239117, 4418, '15602-', '15602-', 'GHSS Chitor', '11th', '', 2, 0, '2025', ''),
(239118, 'Hazrat Bilal', 'Sabir Gul', 'Male', '2007-04-05', '0344-50063', '2023-05-25', 239118, 4354, '15602-', '15602-', 'GHSS Chitor', '11th', '', 1, 34, '0000', ''),
(239119, 'Hassan Khan', 'Fazal Wahid', 'Male', '2009-04-01', '0346-8985521', '2023-05-25', 4424, 239119, '15602-', '15602-', 'GHSS Chitor', '10th B', '', 0, 27, '0000', ''),
(239120, 'Gohar Ali', 'Sadbar Ali', 'Male', '2009-06-21', '03', '2023-05-25', 4420, NULL, '15602-', '15602-', 'GHSS Chitor', '', '', 0, 30, '0000', ''),
(239121, 'Muhammad Ismail', 'Shahroom', 'Male', '2009-03-10', '0347-6678088', '2023-05-25', 239121, 4414, '15602-', '15602-', 'GHSS Chitor', '10th B', '', 0, 44, '0000', ''),
(239122, 'Rafiullah', 'Yahya Khan', 'Male', '2008-03-03', '0345-9453391', '2023-05-25', 239122, 4342, '15602-', '15602-', 'GHSS Chitor', '10th A', '', 0, 33, '0000', ''),
(239123, 'Rahimullah', 'Rahim Khan', 'Male', '1900-01-01', '03', '2023-05-25', 4357, NULL, '15602-', '15602-', 'GHSS Chitor', '', '', 0, 33, '0000', ''),
(239124, 'Bilal Khan', 'Amir Dost Khan', 'Male', '2009-01-01', '0341-2990880', '2023-05-24', 239124, 4345, '15602-', '15602-', 'GHSS Chitor', '11th', '', 2, 0, '2025', ''),
(239125, 'Dawood Khan', 'Zewar Ali', 'Male', '2004-04-07', '0348-5450876', '2023-05-26', 4352, 239125, '15602-', '15602-', 'GHSS Chitor', '10th B', '', 0, 29, '0000', ''),
(239126, 'Fazal Ghani', 'Ismail', 'Male', '2006-04-04', '03', '2023-05-26', 4340, NULL, '15602-', '15602-', 'GHSS Chitor', '', '', 0, 35, '0000', ''),
(239127, 'Muhammad Yaseen', 'Sarfaraz Khan', 'Male', '2007-03-01', '0346-1192124', '2023-05-26', 4422, 239127, '15602-', '15602-', 'GHSS Chitor', '10th B', '', 0, 32, '0000', ''),
(239128, 'Sajjad Khan', 'Gul Bashar', 'Male', '1900-01-01', '03', '2023-05-26', 239128, NULL, '15602-', '15602-', 'GHSS Chitor', '', '', 0, 37, '0000', ''),
(239129, 'Abid Ullah', 'Mujahid', 'Male', '2009-07-01', '0345-9459609', '2023-05-26', 239129, 4363, '15602-', '15602-', 'GHSS Chitor', '11th', '', 2, 22, '2025', ''),
(239130, 'Naveedullah', 'Rahimzada', 'Male', '2007-01-03', '03', '2023-05-26', 4362, NULL, '15602-', '15602-', 'GHSS Chitor', '6th', '', 0, 39, '0000', ''),
(239131, 'Aizaz Ullah', 'Aziz ur Rahman', 'Male', '2008-05-20', '0348-908439', '2023-05-26', 239131, 4360, '15602-', '15602-', 'GHSS Chitor', '11th', '', 2, 29, '2025', ''),
(239132, 'Said Ullah', 'Taza Gul', 'Male', '2009-03-04', '0341-1234910', '2023-05-26', 239132, 4364, '15602-', '15602-', 'GHSS Chitor', '11th', '', 2, 0, '2025', ''),
(239133, 'Amanullah', 'Umar Qayoom', 'Male', '1900-01-01', '03', '2023-05-26', 239133, NULL, '15602-', '15602-', 'GHSS Chitor', '', '', 0, 0, '0000', ''),
(239134, 'Abu Bakar Khan', 'Yousaf Khan', 'Male', '2009-04-08', '0342-6922972', '2023-05-26', 239134, 4388, '15602-', '15602-', 'GHSS Chitor', '11th', '', 1, 37, '0000', ''),
(239135, 'Matiullah', 'Abdur Razaq', 'Male', '2009-09-10', '0346-9418026', '2023-05-26', 239135, 4372, '15602-', '15602-', 'GHSS Chitor', '11th', '', 1, 0, '0000', ''),
(239136, 'Hazrat Ullah', 'Alam Khan', 'Male', '2008-02-12', '0343-1259912', '2023-05-26', 239136, 4425, '15602-', '15602-', 'GHSS Chitor', '11th', '', 2, 0, '2025', ''),
(239137, 'Ikramullah', 'Umar Rahman', 'Male', '2009-03-13', '0342-9666929', '2023-05-26', 239137, 4411, '15602-', '15602-', 'GHSS Chitor', '11th', '', 1, 0, '0000', ''),
(239138, 'Muhammad Maaz Khan', 'Amir Rahman', 'Male', '2008-03-25', '0346-1540775', '2023-05-26', 239138, 4382, '15602-', '15602-', 'GHSS Chitor', '11th', '', 2, 24, '2025', ''),
(239139, 'Ihsanullah', 'Ibrahim', 'Male', '2008-10-15', '0342-9657469', '2023-05-26', 239139, 4371, '15602-', '15602-', 'GHSS Chitor', '11th', '', 1, 0, '0000', ''),
(239140, 'Habib Ullah', 'Wahid Zada', 'Male', '2007-01-01', '0342-9868031', '2023-05-26', 239140, 4384, '15602-', '15602-', 'GHSS Chitor', '11th', '', 2, 0, '2025', ''),
(239141, 'Muhammad Abbass', 'Umar Ghani', 'Male', '2005-03-03', '0314-9703233', '2023-05-26', 239141, 4410, '15602-', '15602-', 'GHSS Chitor', '11th', '', 2, 16, '2025', ''),
(239142, 'Fazalullah', 'Khurshid Ali', 'Male', '1900-01-01', '03', '2023-05-26', 239142, NULL, '15602-', '15602-', 'GHSS Chitor', '', '', 0, 50, '0000', ''),
(239143, 'Khanullah', 'b', 'Male', '1900-01-01', '03', '2023-05-26', 239143, NULL, '15602-', '15602-', 'GHSS Chitor', '', '', 0, 51, '0000', ''),
(239144, 'Shaukat Ali', 'Luqman Ali', 'Male', '2008-03-20', '0318-9950395', '2023-05-26', 239144, 4346, '15602-', '15602-', 'GHSS Chitor', '11th', '', 1, 0, '2025', ''),
(239145, 'Sajid Ali', 'Nisar Ali', 'Male', '1900-01-01', '03', '2023-05-26', 239145, NULL, '15602-', '15602-', 'GHSS Chitor', '', '', 0, 53, '0000', ''),
(239146, 'Muhammad Idress', 'Muhammad Zaman', 'Male', '2008-09-15', '0349-5766916', '2023-05-26', 239146, 4385, '15602-', '15602-', 'GHSS Chitor', '11th', '', 1, 19, '0000', ''),
(239147, 'Fawad Ali', 'Mumtaz Khan', 'Male', '2007-04-24', '0347-0272201', '2023-05-26', 239147, 4389, '15602-', '15602-', 'GHSS Chitor', '11th', '', 2, 18, '2025', ''),
(239148, 'Hameedullah', 'Shad Muhammad', 'Male', '2007-04-08', '0325-1725266', '2023-05-26', 239148, 4390, '15602-', '15602-', 'GHSS Chitor', '10th A', '', 0, 57, '0000', ''),
(239149, 'Haneef Ahmad', 'Nisar Ahmad', 'Male', '2008-04-10', '0346-9849169', '2023-05-26', 239149, 4383, '15602-', '15602-', 'GHSS Chitor', '11th', '', 1, 53, '0000', ''),
(239150, 'Muhammad Abdullah', 'Iqbal Muhammad', 'Male', '2007-01-14', '0349-7335171', '2023-05-26', 239150, 4358, '15602-', '15602-', 'GHSS Chitor', '11th', '', 2, 27, '2025', ''),
(239151, 'Faridoon Khan', 'Mohabbat Khan', 'Male', '2007-04-01', '03', '2023-05-26', 4396, NULL, '15602-', '15602-', 'GHSS Chitor', '', '', 0, 59, '0000', ''),
(239152, 'Muhammad Shoaib', 'Umar Wahab', 'Male', '2008-05-22', '0333-3477125', '2023-05-26', 239152, 4306, '15602-', '15602-', 'GHSS Chitor', '11th', '', 1, 54, '0000', ''),
(239153, 'Shafiullah', 'Ali Rahman', 'Male', '2008-04-05', '0340-9480987', '2023-05-26', 239153, 239153, '15602-', '15602-', 'GHSS Chitor', '10th B', '', 0, 51, '0000', ''),
(239154, 'Islam ul haq', 'Aziz ul Haq', 'Male', '2008-12-14', '0346-1952693', '2023-05-26', 239154, 4315, '15602-', '15602-', 'GHSS Chitor', '11th', '', 1, 20, '0000', ''),
(239155, 'Sadiq Zada', 'Nawab Zada', 'Male', '2007-03-20', '03', '2023-05-26', 4407, NULL, '15602-', '15602-', 'GHSS Chitor', '', '', 0, 63, '0000', ''),
(239156, 'Anwar Hussain', 'Rahmanullah', 'Male', '2007-04-10', '0340-7834908', '2023-05-26', 239156, 4408, '15602-', '15602-', 'GHSS Chitor', '11th', '', 1, 55, '0000', ''),
(239157, 'Sadam Khan', 'Barkat Ali', 'Male', '2005-02-02', '0340-0093353', '2023-06-22', 4393, 239157, '15602-', '15602-', 'GHSS Chitor', '10th B', '', 0, 99, '0000', ''),
(239158, 'Ubaidullah', 'Muhammad Noor', 'Male', '2006-05-07', '0344-9891248', '2023-06-22', 239158, 4412, '15602-', '15602-', 'GHSS Chitor', '11th', '', 2, 23, '2025', ''),
(239159, 'Irfan Ali', 'Yaqoob Khan', 'Male', '2008-01-01', '03', '2023-06-22', 4416, NULL, '15602-', '15602-', 'GHSS Chitor', '', '', 0, 67, '0000', ''),
(239210, 'Muhammad Osama', 'Bahadar Khan', 'Male', '2009-03-07', '0345-9344823', '2023-05-24', 239210, 4343, '15602-', '15602-', 'GHSS Chitor', '11th', '', 1, 35, '0000', ''),
(239211, 'Rafiullah', 'Yahya Khan', 'Male', '2008-03-03', '03', '2023-05-24', 23930, 23930, '15602-', '15602-', 'GHSS Chitor', '9th B', '', 0, 0, '0000', ''),
(239212, 'Asmat Khan', 'Rahmat Khan', 'Male', '2006-03-03', '03', '2023-05-24', 239212, NULL, '15602-', '15602-', 'GHSS Chitor', '', '', 0, 0, '0000', ''),
(239214, 'Shah Fahad', 'Wahid Zaman', 'Male', '2009-03-10', '0342-6038399', '2023-06-26', 239214, 4350, '15602-', '15602-', 'GHSS Chitor', '11th', '', 2, 16, '2025', ''),
(239215, 'Muhammad Musa Khan', 'Haya Khan', 'Male', '2009-05-10', '0343-919152', '2023-06-26', 239215, 4379, '15602-', '15602-', 'GHSS Chitor', '11th', '', 1, 6, '0000', ''),
(239216, 'Zubairullah', 'Umar Hayat', 'Male', '2009-02-15', '0344-0184920', '2023-06-26', 4415, 239216, '15602-', '15602-', 'GHSS Chitor', '10th B', '', 0, 36, '0000', ''),
(239217, 'Ikram Hussain', 'Momin Khan', 'Male', '2007-03-10', '0346-4706894', '2023-06-26', 239217, 4377, '15602-', '15602-', 'GHSS Chitor', '11th', '', 2, 17, '2025', ''),
(239218, 'Ali Rahman', 'Abdur Rahman', 'Male', '2006-05-10', '0311-0907856', '2023-06-26', 239218, 4419, '15602-', '15602-', 'GHSS Chitor', '10th B', '', 0, 19, '0000', ''),
(239219, 'Usman Ali', 'Amir Zaman', 'Male', '2009-02-02', '0346-9684950', '2023-06-26', 239219, 4387, '15602-', '15602-', 'GHSS Chitor', '10th A', '', 0, 29, '0000', ''),
(239220, 'Iqbal Hussain', 'Rozi Khan', 'Male', '2007-03-22', '0346-4708766', '2023-06-26', 239220, 4378, '15602-', '15602-', 'GHSS Chitor', '11th', '', 2, 21, '2025', ''),
(239221, 'Bilal Khan', 'Mian Said Alam', 'Male', '2009-04-09', '0344-2448024', '2023-06-26', 239221, 4349, '15602-', '15602-', 'GHSS Chitor', '11th', '', 2, 11, '2025', ''),
(239222, 'Shah Faisal', 'Aamir Hamza', 'Male', '2008-01-01', '0347-0522137', '2023-06-26', 239222, 4421, '15602-', '15602-', 'GHSS Chitor', '11th', '', 1, 51, '0000', ''),
(239223, 'Zakir Ullah', 'Bakht Alam', 'Male', '2010-10-09', '0340-9134270', '2023-06-26', 239223, 4375, '15602-', '15602-', 'GHSS Chitor', '11th', '', 2, 39, '2025', ''),
(239224, 'Aziz ur Rahman', 'Gul Rahman', 'Male', '2008-09-01', '0349-5608244', '2023-06-26', 239224, 4359, '15602-', '15602-', 'GHSS Chitor', '11th', '', 1, 23, '0000', ''),
(239225, 'Kashif Ali', 'Muhammad Nabi', 'Male', '2007-04-04', '0349-8322785', '2023-06-26', 239225, 4368, '15602-', '15602-', 'GHSS Chitor', '11th', '', 1, 8, '0000', ''),
(239226, 'Afsar Ali', 'Parveez', 'Male', '2009-04-01', '0348-0502571', '2023-06-26', 239226, 4376, '15602-', '15602-', 'GHSS Chitor', '11th', '', 1, 24, '0000', ''),
(239227, 'Zahid Hussain', 'Umar Khan', 'Male', '2008-05-05', '0343-9407920', '2023-06-26', 239227, 4367, '15602-', '15602-', 'GHSS Chitor', '11th', '', 2, 14, '2025', ''),
(239228, 'Ubaidullah', 'Afzal Khan', 'Male', '2006-04-22', '0347-2223800', '2023-06-26', 239228, 4370, '15602-', '15602-', 'GHSS Chitor', '11th', '', 1, 25, '0000', ''),
(239229, 'Abdullah Khan', 'Farman Ullah', 'Male', '2009-04-20', '0349-9056345', '2023-06-26', 239229, 4369, '15602-', '15602-', 'GHSS Chitor', '11th', '', 1, 13, '0000', ''),
(239230, 'Muheeb Ur Rahman', 'Ubaid Ur Rahman', 'Male', '2008-09-04', '0348-9089911', '2023-06-26', 239230, 4365, '15602-', '15602-', 'GHSS Chitor', '11th', '', 2, 26, '2025', ''),
(239231, 'Azizullah', 'Ismail Khan', 'Male', '2009-03-07', '03', '2023-06-26', 436100, NULL, '15602-', '15602-', 'GHSS Chitor', '', '', 0, 0, '0000', ''),
(239232, 'Hazrat Ali', 'Bakht Sher', 'Male', '2008-04-12', '0344-9891248', '2023-06-26', 239232, 4413, '15602-', '15602-', 'GHSS Chitor', '11th', '', 1, 27, '0000', ''),
(239233, 'Uzman Ali', 'Dost Muhammad Khan', 'Male', '2006-02-13', '0340-5504223', '2023-06-26', 239233, 4366, '15602-', '15602-', 'GHSS Chitor', '11th', '', 2, 3, '2025', ''),
(239234, 'Zahid Ahmad', 'Dawa Khan', 'Male', '2008-04-01', '0345-9229834', '2023-06-26', 239234, 4374, '15602-', '15602-', 'GHSS Chitor', '11th', '', 1, 28, '0000', ''),
(239235, 'Abubakar', 'Yousaf', 'Male', '1900-01-01', '0342-9622472', '2023-06-26', 239235, 239235, '15602-', '15602-', 'GHSS Chitor', '10th B', '', 0, 0, '0000', ''),
(239236, 'Abdur Rahman', 'Bakht Baidar', 'Male', '2007-05-01', '0348-1767907', '2023-06-26', 239236, 4302, '15602-', '15602-', 'GHSS Chitor', '11th', '', 1, 29, '0000', ''),
(239237, 'Uzair ullah', 'Ismail Khan', 'Male', '2009-03-07', '0340-4015541', '2023-06-27', 239237, 4361, '15602-', '15602-', 'GHSS Chitor', '11th', '', 2, 36, '2025', ''),
(241001, 'Muhammad Hamza', 'Noor Ul Bashar', 'Male', '2009-01-15', '0336-9450410', '2024-06-10', 231001, 231001, '15602-0266075-3', '15602-', 'GHSS Chitor', '11th', '', 1, 51, '0000', ''),
(246101, 'Zain Khan', 'Mian Rustam Shah', 'Male', '2014-04-02', '0342-8942992', '2024-03-15', 3818, 246101, '15602-', '15602-', 'GHSS Chitor', '7th', '', 1, 723, '0000', ''),
(246102, 'Shoaib Khan', 'Sher Ali Khan', 'Male', '2011-04-10', '0344-1534570', '2024-05-06', 3855, 246102, '15602-', '15602-', 'GHSS Chitor', '7th', '', 1, 724, '0000', ''),
(246103, 'Jawad Khan', 'Jannat Gul', 'Male', '2013-02-26', '03', '2024-04-09', 3857, 246103, '15602-', '15602-', 'GHSS Chitor', '6th A', '', 0, 28, '0000', ''),
(246104, 'Abid Ullah', 'Gul Shahzada', 'Male', '2010-03-05', '0341-0938440', '2024-05-06', 3858, 246104, '15602-4454263-1', '15602-', 'GHSS Chitor', '7th', '', 1, 725, '0000', ''),
(246105, 'Shoukat Ali', 'Fazal Hakim', 'Male', '1900-01-01', '0344-2297436', '2024-06-20', 3859, 246105, '15602-', '15602-', 'GHSS Chitor', '6th A', '', 0, 246105, '0000', '');
INSERT INTO `students_info` (`Roll_No`, `Name`, `FName`, `Gender`, `Dob`, `Mobile_No`, `Admission_Date`, `Admission_No`, `Admission_No_High`, `Father_Cnic`, `Student_Form_B`, `School`, `Class`, `Class_Position`, `Status`, `Class_No`, `Graduation_Year`, `Address`) VALUES
(246106, 'Ali Hassan', 'Aurang Zeb Khan', 'Male', '2014-02-16', '0302-6308073', '2024-09-03', 3862, 246106, '42301-7903823-5', '15602-', 'GHSS Chitor', '7th', '', 1, 726, '0000', ''),
(246201, 'Muhammad Hassan', 'Gul Zarin', 'Male', '2013-10-10', '0344-9752407', '2024-03-15', 3814, 246201, '15602-884789-9', '15602-', 'GHSS Chitor', '7th', '', 1, 727, '0000', ''),
(246202, 'Muhammad Saeed', 'Muhammad Ali Shah', 'Male', '2013-01-01', '0340-9477954', '2024-03-15', 3815, 246202, '15602-7278424-7', '15602-', 'GHSS Chitor', '7th', '', 1, 728, '0000', ''),
(246203, 'Jawad Khan', 'Rahimdad Khan', 'Male', '2012-08-01', '0347-9531857', '2024-03-15', 3816, 246203, '15602-0258315-5', '15602-', 'GHSS Chitor', '7th', '', 1, 729, '0000', ''),
(246204, 'Mian Towkal Shah', 'Mian Saleem Shah', 'Male', '2014-03-03', '0342-8942992', '2024-05-04', 3817, 246204, '15602-05246833', '15602-', 'GHSS Chitor', '7th', '', 1, 730, '0000', ''),
(246205, 'Gauhar Khan', 'Asghar Khan', 'Male', '2013-04-20', '0343-3192245', '2024-05-04', 3819, 246205, '15602-', '15602-', 'GHSS Chitor', '7th', '', 1, 731, '0000', ''),
(246206, 'Naveed Ahmad', 'Muhammad Jan', 'Male', '2013-04-10', '0345-8081179', '2024-03-15', 3820, 246206, '15602-1243081-7', '15602-', 'GHSS Chitor', '7th', '', 1, 732, '0000', ''),
(246207, 'Muhammad Bilal', 'Naseeb Zada', 'Male', '2012-04-15', '0349-7312812', '2024-03-15', 3821, 246207, '15602-', '15602-', 'GHSS Chitor', '7th', '', 1, 733, '0000', ''),
(246208, 'Owais Khan', 'Shah Hussain', 'Male', '2013-05-19', '0342-2257022', '2024-05-04', 3822, 246208, '15602-3301082-9', '15602-', 'GHSS Chitor', '7th', '', 1, 734, '0000', ''),
(246209, 'Muhammad Tahir Khan', 'Aqal Dar', 'Male', '2012-09-06', '03421969818', '2024-03-15', 3823, 246209, '15602-0314495-7', '15602-', 'GHSS Chitor', '7th', '', 1, 735, '0000', ''),
(246210, 'Muhammad Haroon', 'Ismail', 'Male', '2013-02-26', '0343-7264043', '2024-03-15', 3824, 246210, '15602-6889080-1', '15602-', 'GHSS Chitor', '7th', '', 1, 736, '0000', ''),
(246211, 'Muhammad Mehran', 'Bakht Zada', 'Male', '2013-04-30', '0346-9474129', '2024-03-15', 3825, 246211, '15602-', '15602-', 'GHSS Chitor', '7th', '', 1, 737, '0000', ''),
(246212, 'Muhammad Anees', 'Nasib Zada', 'Male', '2013-05-28', '0343-5297620', '2024-03-15', 3826, 246212, '15602-8208537-5', '15602-', 'GHSS Chitor', '7th', '', 1, 738, '0000', ''),
(246213, 'Rahmat Ullah', 'Fazal Rahman', 'Male', '2013-09-02', '0342-2224908', '2024-03-15', 3827, 246213, '15602-22249085', '15602-', 'GHSS Chitor', '7th', '', 1, 739, '0000', ''),
(246214, 'Muhammad Awais', 'Shah Hussain', 'Male', '2013-04-20', '0343-9585348', '2024-03-15', 3828, 246214, '15602-', '15602-', 'GHSS Chitor', '7th', '', 1, 740, '0000', ''),
(246215, 'Muhammad Rehan', 'Fazal Rahman', 'Male', '2012-01-10', '0342-2249085', '2024-03-15', 3829, 246215, '15602-8208537-5', '15602-', 'GHSS Chitor', '7th', '', 1, 741, '0000', ''),
(246216, 'Muhammad Sajjad', 'Qadar Gul', 'Male', '2012-06-06', '0342-8554298', '2024-03-15', 3830, 246216, '15602-', '15602-', 'GHSS Chitor', '7th', '', 1, 742, '0000', ''),
(246217, 'Imdadullah', 'Jameel Muhammad Khan', 'Male', '2012-04-05', '0345-1575751', '2024-05-04', 3831, 246217, '1570112320303', '15602-', 'GHSS Chitor', '7th', '', 0, 646, '0000', ''),
(246218, 'Hamza', 'Akbar Jan', 'Male', '2012-09-23', '0341-9123272', '2024-03-15', 3833, 246218, '15602-7954125-3', '15602-', 'GHSS Chitor', '7th', '', 1, 743, '0000', ''),
(246219, 'Ubaid Ullah', 'Umar Zada', 'Male', '2011-05-01', '0340-9631742', '2024-03-15', 3834, 246219, '15602-', '15602-', 'GHSS Chitor', '6th A', '', 1, 601, '0000', 'Kokrai'),
(246220, 'Adnan Khan', 'Shehzad Ali Khan', 'Male', '2012-09-13', '0343-1738255', '2024-03-15', 3835, 246220, '15607-0600718-9', '15602-', 'GHSS Chitor', '6th A', '', 1, 602, '0000', 'Kokrai'),
(246221, 'Ebad Hussain', 'Sher Alam Khan', 'Male', '2010-06-03', '0342-9606904', '2024-05-04', 3836, 246221, '15607-0388194-9', '15602-', 'GHSS Chitor', '7th', '', 1, 744, '0000', 'Kokrai'),
(246222, 'Muhammad Owais', 'Ibrar Ali', 'Male', '2013-04-15', '0342-2257022', '2024-03-15', 3838, 246222, '15602-', '15602-', 'GHSS Chitor', '7th', '', 1, 745, '0000', ''),
(246224, 'Zeeshan', 'Muhammad Zahir', 'Male', '2013-04-04', '0324-9917277', '2024-03-15', 3840, 246224, '15607-0380810-9', '15602-', 'GHSS Chitor', '7th', '', 1, 746, '0000', ''),
(246225, 'Muhammad Yasir', 'Habib Ullah', 'Male', '2012-04-17', '0345-1575751', '2024-05-04', 3842, 246225, '156701-1232030-', '15602-', 'GHSS Chitor', '7th', '', 1, 747, '0000', ''),
(246226, 'Sheraz Khan', 'Ayaz', 'Male', '2011-12-14', '0347-1777214', '2024-03-15', 3843, 246226, '15602-0351383-7', '15602-', 'GHSS Chitor', '7th', '', 1, 748, '0000', ''),
(246227, 'Wali Akbar', 'Fazal Wahid', 'Male', '2010-10-10', '0345-5643186', '2024-03-15', 3844, 246227, '15602-', '15602-', 'GHSS Chitor', '7th', '', 1, 749, '0000', ''),
(246228, 'Hamid ur rahman', 'Gul Rahman', 'Male', '2012-04-25', '0344-9237583', '2024-05-04', 3846, 246228, '15602-', '15602-', 'GHSS Chitor', '6th A', '', 0, 3, '0000', ''),
(246229, 'Amir Hamza', 'Rahmat Ali', 'Male', '2011-04-14', '0347-5454225', '2024-05-04', 3847, 246229, '15602-', '15602-', 'GHSS Chitor', '7th', '', 1, 750, '0000', ''),
(246230, 'Zakarya', 'Umar Rabi', 'Male', '2011-08-25', '0341-8098915', '2024-05-04', 3848, 246230, '15602-0238009-2', '15602-', 'GHSS Chitor', '7th', '', 1, 751, '0000', ''),
(246231, 'Mudassir Khan', 'Bakht Amin', 'Male', '2011-04-25', '0344-9963174', '2024-05-04', 3849, 246231, '15602-7777939-1', '15602-', 'GHSS Chitor', '6th A', '', 1, 603, '0000', ''),
(246232, 'Muhammad Quraish', 'Shamul Tabriz', 'Male', '2010-09-08', '0347-0193717', '2024-03-15', 3856, 246232, '15602-72337612-', '15602-', 'GHSS Chitor', '7th', '', 1, 752, '0000', ''),
(246233, 'Hamza Ahmad', 'Mian Gul Said Bacha', 'Male', '2012-02-02', '0347-9184059', '2024-09-12', 3863, 246233, '15602-9881373-5', '15602-', 'GHSS Chitor', '7th', '', 1, 753, '0000', ''),
(246234, 'Asad Ali', 'Muhammad Bacha', 'Male', '2013-04-04', '0345-1577569', '2024-09-27', 3867, 246234, '15602-', '15602-', 'GHSS Chitor', '6th A', '', 1, 604, '0000', 'gul bandaai'),
(246235, 'Ikramullah', 'Javed Zaman', 'Male', '2013-05-09', '0345-8005365', '2024-03-15', 3839, 246235, '15602-', '15602-', 'GHSS Chitor', '6th A', '', 0, 663, '0000', ''),
(247101, 'Ubaidullah', 'Habib un Nabi', 'Male', '2012-01-05', '0340-0919640', '2024-05-07', 3837, 247101, '15602-', '15602-', 'GHSS Chitor', '8th', '', 1, 839, '0000', ''),
(247102, 'Abdullah', 'Bacha Khan', 'Male', '2010-02-06', '0327-5579073', '2024-05-07', 3841, 247102, '15602-', '15602-', 'GHSS Chitor', '8th', '', 0, 0, '0000', ''),
(247103, 'Muhammad Abu Zar', 'Shawkat Ali', 'Male', '2009-05-13', '0341-1581543', '2024-05-07', 3851, 247103, '15602-', '15602-', 'GHSS Chitor', '7th', '', 1, 754, '0000', ''),
(247104, 'Shafiq Hassan', 'Nasar Ali', 'Male', '2011-08-30', '0349-4321415', '2024-05-07', 3852, 247104, '15602-', '15602-', 'GHSS Chitor', '7th', '', 1, 755, '0000', 'Sapal Bandai Swat'),
(247105, 'Hubab Ghani', 'Usman Ghani', 'Male', '2011-12-25', '0344-8556031', '2024-05-07', 3854, 247105, '15602-', '15602-', 'GHSS Chitor', '7th', '', 0, 52, '0000', ''),
(247106, 'Muhammad Awais', 'Umar Ghani', 'Male', '2011-01-04', '03', '2024-10-01', 3866, 247106, '15602-', '15602-', 'GHSS Chitor', '7th', '', 1, 756, '0000', 'Gul Bandai'),
(248101, 'Muhammad Hassan', 'Shah Parvez', 'Male', '2009-07-01', '0342-9496082', '2024-05-09', 3832, 4537, '15602-', '15602-', 'GHSS Chitor', '9th A', '', 1, 839, '0000', 'Sheed abad'),
(248102, 'Muhammad Hamas', 'Aqal Wahid', 'Male', '2011-05-01', '0342-9433934', '2024-05-09', 3850, 4538, '15602-6612107-5', '15602-', 'GHSS Chitor', '9th B', '', 1, 840, '0000', 'Gul Bandai'),
(248103, 'Sohail Khan', 'Akbar Khan', 'Male', '2010-03-05', '0345-5938008', '2024-10-01', 3865, 4541, '15602-', '15602-', 'GHSS Chitor', '9th B', '', 1, 841, '0000', 'Gujar tangay'),
(248104, 'Muhammad Junaid', 'Zia ur Rahman Siddique', 'Male', '2009-02-23', '0340-5848058', '2024-11-28', 248104, 4540, '15602-', '15602-', 'GHSS Chitor', '9th A', '', 1, 842, '0000', 'Margazar'),
(249101, 'Saifullah', 'Zoortalab Khan', 'Male', '2009-04-02', '0344-9680903', '2024-03-15', 4473, 4473, '15602-4333672-9', '15602-', 'GHSS Chitor', '10th A', '', 1, 38, '0000', ''),
(249102, 'Muhammad Ilyas', 'Aqal Wahid', 'Male', '2009-03-30', '0342-9433934', '2024-03-15', 4474, 4474, '15602-6612107=5', '15602-', 'GHSS Chitor', '10th A', '', 1, 39, '0000', ''),
(249103, 'Muhammad Anas', 'Umar Ghani', 'Male', '2010-02-05', '0314-9703233', '2024-03-15', 4475, 4475, '15602-02455177', '15602-', 'GHSS Chitor', '10th A', '', 1, 40, '0000', ''),
(249104, 'Aminullah', 'Hazrat Shah', 'Male', '2009-12-07', '03', '2024-03-15', 249104, 4476, '15602-', '15602-', 'GHSS Chitor', '10th A', '', 1, 41, '0000', ''),
(249105, 'Sanaullah', 'Asil Zada', 'Male', '2009-07-19', '0341-7511864', '2024-03-15', 249105, 4477, '15602-0246794-1', '15602-', 'GHSS Chitor', '10th A', '', 1, 42, '0000', ''),
(249106, 'Muhammad Idress', 'Abdur Rahim', 'Male', '2008-12-11', '0348-9121043', '2024-03-15', 249106, 4478, '15602-4834746-3', '15602-', 'GHSS Chitor', '10th A', '', 1, 43, '0000', ''),
(249107, 'Sadeeq Ahmad', 'Khaista Mand', 'Male', '2010-09-29', '0340-3541815', '2024-03-15', 249107, 4479, '15602-67261927-', '15602-', 'GHSS Chitor', '10th A', '', 1, 44, '0000', ''),
(249108, 'Inamullah', 'Shah Bali Jan', 'Male', '2009-05-02', '0345-9514194', '2024-03-15', 249108, 4480, '15602-0265005-9', '15602-', 'GHSS Chitor', '10th A', '', 1, 45, '0000', ''),
(249109, 'Muhammad Mudassir', 'Shamsher Ali', 'Male', '2010-03-15', '0334-8934050', '2024-03-15', 249109, 4481, '15602-02508625', '15602-', 'GHSS Chitor', '10th A', '', 1, 46, '0000', ''),
(249110, 'Muhammad Ayaz', 'Aqal Zeb', 'Male', '2010-04-06', '0341-4728028', '2024-03-15', 249110, 4482, '15602-', '15602-', 'GHSS Chitor', '10th A', '', 1, 47, '0000', ''),
(249111, 'Muhammad Mubeen', 'Ali Zaman', 'Male', '2010-01-01', '0342-5251733', '2024-03-15', 249111, 4483, '15602-10392896-', '15602-', 'GHSS Chitor', '10th A', '', 1, 48, '0000', ''),
(249112, 'Noor Hassan', 'Yousaf Khan', 'Male', '2010-04-01', '0345-7779478', '2024-03-15', 249112, 4484, '15602-9145313-7', '15602-', 'GHSS Chitor', '10th A', '', 1, 49, '0000', ''),
(249113, 'Muhammad Awais', 'Aqal Mand', 'Male', '2010-03-10', '0348-5045133', '2024-03-15', 249113, 4485, '15602-5257679-1', '15602-', 'GHSS Chitor', '10th A', '', 1, 50, '0000', ''),
(249114, 'Aminullah', 'Shamsul Arafeen', 'Male', '2010-09-27', '0323-9558396', '2024-03-15', 249114, 4486, '15602-3582203-3', '15602-', 'GHSS Chitor', '10th A', '', 1, 51, '0000', ''),
(249115, 'Sahil Khan', 'Amin Khan', 'Male', '2010-04-11', '0344-3403039', '2024-03-15', 249115, 4487, '15602-0320640-3', '15602-', 'GHSS Chitor', '10th A', '', 1, 52, '0000', ''),
(249116, 'Obais Khan', 'Khair Zada', 'Male', '2010-08-23', '0345-0593206', '2024-03-15', 249116, 4489, '15602-7241077-9', '15602-', 'GHSS Chitor', '10th A', '', 1, 53, '0000', ''),
(249117, 'Noor Ullah', 'Zamin Khan', 'Male', '2010-05-06', '0342-5344187', '2024-03-16', 249117, 4490, '15602-7640934-1', '15602-', 'GHSS Chitor', '10th A', '', 1, 54, '0000', ''),
(249118, 'Asad Ullah', 'Alam Khan', 'Male', '2009-02-03', '0343-1259912', '2024-03-15', 249118, 4491, '15602-3015495-5', '15602-', 'GHSS Chitor', '10th A', '', 1, 0, '0000', ''),
(249119, 'Hamza Ali', 'Hafiz Muhammad Khan', 'Male', '2008-04-14', '0349-3778629', '2024-05-14', 249119, 4492, '15602-5737639-3', '15602-', 'GHSS Chitor', '9th A', '', 0, 0, '0000', ''),
(249120, 'Talha Ghani', 'Usman Ghani', 'Male', '2008-12-22', '0344-8556031', '2024-05-14', 249120, 4493, '15602-3193615-5', '15602-', 'GHSS Chitor', '9th A', '', 0, 0, '0000', ''),
(249121, 'Waqas Ali', 'Abdul Kabir', 'Male', '2009-03-10', '0340-9010723', '2024-03-15', 249121, 4494, '15602-0444667-9', '15602-', 'GHSS Chitor', '10th A', '', 1, 56, '0000', ''),
(249122, 'Zaid Khan', 'Farooq', 'Male', '2009-01-01', '0315-9277475', '2024-05-14', 249122, 4495, '15602-1117072-7', '15602-', 'GHSS Chitor', '10th A', '', 0, 57, '0000', ''),
(249123, 'Salman Khan', 'Muhammad Rashad', 'Male', '2007-04-18', '0342-9620361', '2024-03-15', 249123, 4496, '15602-4406941-1', '15602-', 'GHSS Chitor', '10th A', '', 1, 58, '0000', ''),
(249124, 'Zahir Rahman', 'Noor Rahman', 'Male', '2007-04-18', '03', '2024-03-15', 249124, 4497, '15602-', '15602-', 'GHSS Chitor', '9th A', '', 0, 0, '0000', ''),
(249125, 'Ihsanullah', 'Bakht Zameen', 'Male', '2009-02-07', '03', '2024-05-14', 249125, 4498, '15602-', '15602-', 'GHSS Chitor', '9th A', '', 0, 0, '0000', ''),
(249126, 'Muhammad Hassan', 'Ismail', 'Male', '2008-01-01', '0347-0668038', '2024-03-15', 249126, 4500, '15602-0373625-9', '15602-', 'GHSS Chitor', '10th A', '', 0, 59, '0000', ''),
(249127, 'Niaz Ali', 'Bahroz Khan', 'Male', '2009-01-01', '0344-8377542', '2024-03-15', 249127, 4501, '15602-191837-5', '15602-', 'GHSS Chitor', '9th A', '', 0, 0, '0000', ''),
(249128, 'Muhammad Suliman', 'Wazir Zada', 'Male', '2010-08-01', '03', '2024-06-26', 249128, 4503, '15602-4189969-2', '15602-', 'GHSS Chitor', '10th A', '', 0, 0, '0000', ''),
(249129, 'Saeedullah Khan', 'Sano Ullah', 'Male', '2010-03-03', '03', '2010-03-03', 249129, 249129, '15602-', '15602-', 'GHSS Chitor', '9th A', '', 0, 249129, '0000', ''),
(252122, 'Khan Muhammad', 'Said Muhammad', 'Male', '2013-04-10', '0345-2578064', '2025-03-10', 3888, 252122, '15602-', '15602-', 'GHSS Chitor', '6th A', '', 1, 605, '0000', ''),
(256101, 'Tausif Khan', 'Painda Mand', 'Male', '2013-12-10', '0324-9860945', '2025-03-10', 3869, 256101, '15602-', '15602-', 'GHSS Chitor', '6th A', '', 1, 606, '0000', 'Tango Banr'),
(256102, 'Muhammad Yasir Khan', 'Anwar Ali', 'Male', '2012-04-01', '0333-9501884', '2025-03-10', 3890, 256102, '15602-', '15602-', 'GHSS Chitor', '6th A', '', 1, 607, '0000', 'Kokrai'),
(256103, 'Abdul Salam', 'Sher Bacha', 'Male', '2013-10-02', '0342-9605747', '2025-03-10', 3870, 256103, '15602-', '15602-', 'GHSS Chitor', '6th A', '', 1, 608, '0000', 'kokrai'),
(256104, 'Muhammad Musa', 'Umar Bacha', 'Male', '2013-07-10', '0346-1507197', '2025-03-10', 256104, 256104, '15602-', '15602-', 'GHSS Chitor', '6th A', '', 1, 609, '0000', ''),
(256105, 'Muhammad Anees', 'Shah Hussain', 'Male', '2015-03-20', '0343-9585348', '2025-03-10', 3871, 256105, '15602-', '15602-', 'GHSS Chitor', '6th A', '', 1, 610, '0000', ''),
(256106, 'Essa Khan', 'Fazal Badshah', 'Male', '2013-04-15', '0343-6668176', '2025-03-10', 3872, 256106, '15602-', '15602-', 'GHSS Chitor', '6th A', '', 1, 611, '0000', ''),
(256107, 'Afzal Shah', 'Hadi Khan', 'Male', '2014-02-10', '0346-5524822', '2025-03-10', 3873, 256107, '15602-', '15602-', 'GHSS Chitor', '6th A', '', 1, 612, '0000', 'kokrai'),
(256108, 'Muhammad Hilal', 'Rahim Shah', 'Male', '2012-10-01', '0324-9917933', '2025-03-10', 3874, 256108, '15602-', '15602-', 'GHSS Chitor', '6th A', '', 1, 613, '0000', ''),
(256109, 'Umar Farooq', 'Yaqub Khan', 'Male', '1900-01-01', '0346-5846271', '2025-03-10', 3928, 256109, '15602-', '15602-', 'GHSS Chitor', '6th A', '', 1, 614, '0000', ''),
(256110, 'Rizwanullah', 'Karim Khan', 'Male', '2011-09-26', '0342-9621829', '2025-03-10', 3875, 256110, '15602-', '15602-', 'GHSS Chitor', '6th A', '', 1, 615, '0000', ''),
(256111, 'Muhammad Haroon', 'Muhammad Iqbal', 'Male', '2014-01-12', '0342-9613652', '2025-05-14', 3926, 256111, '15602-', '15602-', 'GHSS Chitor', '6th A', '', 1, 616, '0000', 'Gul Bandai'),
(256112, 'Akbar Ali', 'Anwar Ali', 'Male', '2013-05-10', '0341-8985187', '2025-03-10', 3876, 256112, '15602-', '15602-', 'GHSS Chitor', '6th A', '', 1, 617, '0000', 'Chitor'),
(256113, 'Muhammad Yasin', 'Nasib Gul', 'Male', '2012-12-05', '0324-9310601', '2025-03-10', 3877, 246112, '15602-', '15602-', 'GHSS Chitor', '6th A', '', 1, 618, '0000', 'Kokrai'),
(256114, 'Shayan Khan', 'Shah Rahman', 'Male', '2012-05-27', '0345-9527906', '2025-03-10', 3879, 256114, '15602-', '15602-', 'GHSS Chitor', '6th A', '', 1, 619, '0000', ''),
(256115, 'Noor Islam', 'Muhammad Afzal', 'Male', '2013-02-06', '0348-109351', '2025-03-10', 3880, 246115, '15602-', '15602-', 'GHSS Chitor', '6th A', '', 1, 620, '0000', ''),
(256116, 'Ikram Ullah', 'Gul Bar', 'Male', '2014-04-10', '0340-9478317', '2025-03-10', 3882, 246116, '15602-', '15602-', 'GHSS Chitor', '6th A', '', 1, 621, '0000', ''),
(256117, 'Muhammad Talha', 'Umar Wahid', 'Male', '2009-07-27', '0342-6115615', '2025-03-10', 3883, 256117, '15602-', '15602-', 'GHSS Chitor', '6th A', '', 1, 622, '0000', ''),
(256118, 'Muhammad Kamran Khan', 'Muhammad Kamal', 'Male', '2011-07-22', '0346-2990255', '2025-03-10', 3884, 256118, '15602-', '15602-', 'GHSS Chitor', '6th A', '', 1, 623, '0000', ''),
(256119, 'Nadeem Khan', 'Janfar Ali', 'Male', '2013-03-03', '0345-3365631', '2025-03-10', 3885, 256119, '15602-', '15602-', 'GHSS Chitor', '6th A', '', 1, 624, '0000', ''),
(256120, 'Mehran Khan', 'Fazal Khan', 'Male', '2013-06-30', '0314-9717117', '2025-03-10', 3886, 256120, '15602-', '15602-', 'GHSS Chitor', '6th A', '', 1, 625, '0000', ''),
(256121, 'Kamran', 'Javeed', 'Male', '2013-02-03', '0344-1005172', '2025-03-10', 3887, 256121, '15602-', '15602-', 'GHSS Chitor', '6th A', '', 1, 626, '0000', ''),
(256122, 'Rahimullah', 'Said Muhammad', 'Male', '2012-04-22', '0341-9030360', '2025-03-10', 3889, 256122, '15602-', '15602-', 'GHSS Chitor', '6th A', '', 1, 627, '0000', ''),
(256124, 'Atta Ullah', 'Ibrahim', 'Male', '2011-07-17', '03', '2025-03-10', 3892, 256124, '15602-', '15602-', 'GHSS Chitor', '6th A', '', 0, 0, '0000', ''),
(256126, 'Asmat Ullah Khan', 'Bahadar Khan', 'Male', '2011-01-01', '0341-6276133', '2025-03-10', 3894, 256126, '15602-', '15602-', 'GHSS Chitor', '6th B', '', 1, 631, '0000', ''),
(256134, 'Muhammad Hussain', 'Gul Zarin', 'Male', '2013-10-10', '03', '2025-03-10', 3902, 256134, '15602-', '15602-', 'GHSS Chitor', '6th B', '', 1, 632, '0000', ''),
(256138, 'Muhammad Shahid Khalid', 'Habibullah', 'Male', '2014-04-17', '0345-1575751', '2025-05-19', 3923, 256138, '15602-', '15602-', 'GHSS Chitor', '6th A', '', 1, 628, '0000', ''),
(256139, 'Muhammad Musa', 'Umar Bacha', 'Male', '2013-07-10', '0346-1507197', '2025-03-10', 3925, 256139, '15602-', '15602-', 'GHSS Chitor', '6th A', '', 0, 29, '0000', ''),
(256140, 'Farhan Khan', 'Umar Zeb', 'Male', '2015-05-15', '0347-9008652', '2025-03-10', 3881, 256140, '15602-', '15602-', 'GHSS Chitor', '6th A', '', 1, 629, '0000', ''),
(256201, 'Abdullah', 'Umar Zarin', 'Male', '2012-04-20', '0349-7312812', '2025-03-10', 3891, 256123, '15602-', '15602-', 'GHSS Chitor', '6th B', '', 1, 633, '0000', ''),
(256202, 'asmat ullah', 'Bahadar Khan', 'Male', '1900-01-01', '03', '2025-04-09', 256202, 256202, '15602-', '15602-', 'GHSS Chitor', '6th B', '', 0, 256202, '0000', ''),
(256203, 'Azmat Ullah', 'Rahmat Ali', 'Male', '2014-01-07', '0343-9400624', '2025-03-10', 3893, 256125, '15602-', '15602-', 'GHSS Chitor', '6th B', '', 1, 634, '0000', ''),
(256205, 'Inamullah', 'Bakht Akbar', 'Male', '2011-03-04', '0342-6425919', '2025-03-10', 3895, 256127, '15602-', '15602-', 'GHSS Chitor', '6th B', '', 1, 635, '0000', ''),
(256206, 'Inamullah', 'Umar Ghani', 'Male', '2015-03-11', '0342-9241603', '2025-03-10', 3896, 256128, '15602-', '15602-', 'GHSS Chitor', '6th B', '', 1, 636, '0000', ''),
(256207, 'Samiullah', 'Umar Gul', 'Male', '2014-03-04', '03', '2025-03-10', 3897, 256129, '15602-', '15602-', 'GHSS Chitor', '6th B', '', 1, 637, '0000', ''),
(256208, 'Sanaullah', 'Fazal Muhammad', 'Male', '2013-09-13', '0340-3472898', '2025-05-19', 3898, 256130, '15602-', '15602-', 'GHSS Chitor', '6th B', '', 1, 638, '0000', ''),
(256209, 'Shahiullah', 'Shahi Muhammad', 'Male', '2012-03-03', '03', '2025-03-10', 3899, 256131, '15602-', '15602-', 'GHSS Chitor', '6th B', '', 1, 639, '0000', ''),
(256210, 'Ubaidullah Khan', 'Jehan Zeb', 'Male', '2014-12-13', '0342-1995282', '2025-03-10', 3900, 256132, '15602-', '15602-', 'GHSS Chitor', '6th B', '', 1, 640, '0000', ''),
(256211, 'Muhammad Abubakar', 'Palash Khan', 'Male', '2014-04-10', '03', '2025-03-10', 3901, 256133, '15602-', '15602-', 'GHSS Chitor', '6th B', '', 1, 641, '0000', ''),
(256213, 'Muhammad Haseeb Ullah', 'Fazal Muhammad', 'Male', '2014-07-26', '03', '2025-03-10', 3903, 256135, '15602-', '15602-', 'GHSS Chitor', '6th B', '', 1, 642, '0000', ''),
(256214, 'Muhammad Siraj', 'Muhammad Ali Shah', 'Male', '2024-08-14', '03', '2025-03-10', 3904, 256136, '15602-', '15602-', 'GHSS Chitor', '6th B', '', 1, 643, '0000', ''),
(256215, 'Muhammad Sanan', 'Said Alam Shah', 'Male', '2014-02-01', '03', '2025-03-10', 3905, 92, '15602-', '15602-', 'GHSS Chitor', '6th B', '', 1, 644, '0000', ''),
(256216, 'Muhammad Ibrar', 'Aziz Ur Rahman', 'Male', '2014-04-10', '03', '2025-03-10', 3906, 256216, '15602-', '15602-', 'GHSS Chitor', '6th B', '', 1, 645, '0000', ''),
(256217, 'Muhammad Sudais', 'Bahadar Sher Khan', 'Male', '2013-06-06', '03', '2025-03-10', 3907, 256137, '15602-', '15602-', 'GHSS Chitor', '6th A', '', 0, 31, '0000', ''),
(256218, 'Muhammad Asif', 'Sherdad Khan', 'Male', '2009-11-17', '03', '2025-03-10', 3908, 256218, '15602-', '15602-', 'GHSS Chitor', '6th B', '', 1, 646, '0000', ''),
(256219, 'Abu bakar Sadeeq', 'Farid Jan', 'Male', '2012-05-07', '03', '2025-03-10', 3909, 83, '15602-', '15602-', 'GHSS Chitor', '6th B', '', 1, 647, '0000', ''),
(256220, 'Umar Sadiq', 'Nazir Gul', 'Male', '2012-12-20', '03', '2025-03-10', 3910, 256220, '15602-', '15602-', 'GHSS Chitor', '6th B', '', 1, 648, '0000', ''),
(256221, 'Shoaib Khan', 'Inayat U Rahman', 'Male', '2014-02-25', '03', '2025-03-10', 3911, 11, '15602-', '15602-', 'GHSS Chitor', '6th B', '', 1, 649, '0000', ''),
(256222, 'Sanaullah', 'Umar Rahman', 'Male', '2014-11-01', '03', '2025-03-10', 3912, 256222, '15602-', '15602-', 'GHSS Chitor', '6th B', '', 1, 650, '0000', ''),
(256223, 'Inam Ullah', 'Bakht Bahadar', 'Male', '2014-04-14', '03', '2025-03-10', 3913, 256223, '15602-', '15602-', 'GHSS Chitor', '6th B', '', 1, 651, '0000', ''),
(256224, 'Niaz Muhammad', 'Amir Afzal Khan', 'Male', '2010-11-06', '03', '2025-03-10', 3914, 256224, '15602-', '15602-', 'GHSS Chitor', '6th B', '', 1, 652, '0000', ''),
(256225, 'Umar Hassan', 'Aurang Zeb', 'Male', '2015-01-15', '03', '2025-03-10', 3918, 256225, '15602-', '15602-', 'GHSS Chitor', '6th B', '', 1, 653, '0000', ''),
(256226, 'Muhammad Ayaz', 'Alam Khan', 'Male', '2009-04-05', '03', '2025-05-20', 3920, 256226, '15602-', '15602-', 'GHSS Chitor', '6th B', '', 1, 654, '0000', ''),
(256227, 'Azmatullah', 'Umar Zada', 'Male', '2013-07-16', '03', '2025-03-10', 3921, 256227, '15602-', '15602-', 'GHSS Chitor', '6th B', '', 1, 655, '0000', ''),
(256228, 'Bakht Amin', 'Ahmad Ali', 'Male', '2012-04-20', '03', '2025-03-10', 3922, 256228, '15602-', '15602-', 'GHSS Chitor', '6th B', '', 1, 656, '0000', ''),
(256229, 'Ubaid Ullah', 'Gulber', 'Male', '2014-01-22', '03', '2025-03-22', 3924, 256229, '15602-', '15602-', 'GHSS Chitor', '6th B', '', 1, 657, '0000', ''),
(256230, 'Ikram Ullah', 'Azmat Shah', 'Male', '2010-12-17', '03', '2025-03-10', 3927, 256230, '15602-', '15602-', 'GHSS Chitor', '6th B', '', 1, 658, '0000', ''),
(256231, 'Zaid Khan', 'Asmat Ali', 'Male', '2012-03-20', '03', '2025-05-29', 3930, 256231, '15602-', '15602-', 'GHSS Chitor', '6th B', '', 1, 659, '0000', ''),
(256232, 'Muhammad Imad Rahim', 'Rahim Ullah', 'Male', '2013-04-20', '03', '2025-05-29', 3931, 256232, '15602-', '15602-', 'GHSS Chitor', '6th B', '', 1, 660, '0000', ''),
(258101, 'Muhammad Haris', 'Nisar Ali', 'Male', '2012-02-04', '0341-9151225', '2025-05-13', 3916, 258101, '15602-', '15602-', 'GHSS Chitor', '8th', '', 1, 840, '0000', 'Kokrai'),
(258102, 'Muhammad Israr', 'Muhammad Shah', 'Male', '2011-12-06', '0343-1974586', '2025-05-13', 3917, 258102, '15602-', '15602-', 'GHSS Chitor', '8th', '', 1, 841, '0000', 'Kokrai'),
(258103, 'Muhammad Sohail', 'Khurshid Ali', 'Male', '2010-04-04', '0343-1896009', '2025-05-13', 3919, 258103, '15602-', '15602-', 'GHSS Chitor', '8th', '', 1, 842, '0000', 'Islampur'),
(258104, 'Noman Shah', 'Deyaar Badshah', 'Male', '2012-09-01', '0344-9621672', '2025-05-24', 3929, 258104, '15602-', '15602-', 'GHSS Chitor', '8th', '', 1, 843, '0000', 'Kokrai'),
(258105, 'Inamullah', 'Suliman Shah', 'Male', '1900-01-01', '0344-9621673', '2025-05-24', 258105, 258105, '15602-', '15602-', 'GHSS Chitor', '8th', '', 1, 844, '0000', 'Gujar Tangay'),
(258106, 'Rehan Khan', 'Arshad Ali', 'Male', '2011-04-14', '03', '2025-05-27', 258106, 258106, '15602-', '15602-', 'GHSS Chitor', '8th', '', 0, 258106, '0000', ''),
(258107, 'Moeez Haidar', 'Rahman Haidar', 'Male', '2011-12-25', '0347-0192470', '2023-04-27', 3784, 258107, '15602-0262034-1', '15602-', 'GHSS Chitor', '8th', '', 1, 845, '0000', ''),
(259101, 'Sana Ullah', 'Raza Khan', 'Male', '2010-01-05', '0340-6795749', '2025-05-20', 4542, 4542, '15602-9902150-5', '15602-', 'GHSS Chitor', '9th B', '', 1, 16, '0000', ''),
(259102, 'Muhammad Bilal', 'Samiullah', 'Male', '2009-08-28', '0340-5840050', '2025-03-10', 259102, 4543, '15602-5156613-4', '15602-', 'GHSS Chitor', '9th A', '', 1, 17, '0000', ''),
(259103, 'Asadullah', 'Taj Rahman', 'Male', '2009-07-01', '0346-2552696', '2025-03-10', 259103, 4544, '15602-0238855-6', '15602-', 'GHSS Chitor', '9th B', '', 1, 18, '0000', 'Gul Bandai'),
(259104, 'Rahim Ullah', 'Bakht Baidar', 'Male', '2010-02-01', '0340-5016438', '2025-03-10', 259104, 4545, '15602-0276769-5', '15602-', 'GHSS Chitor', '9th A', '', 1, 19, '0000', ''),
(259105, 'Faisal Rashid', 'Aziz ur Rashid', 'Male', '2010-05-05', '0345-9250564', '2025-03-10', 259105, 4546, '15602-9915144-5', '15602-', 'GHSS Chitor', '9th B', '', 1, 20, '0000', ''),
(259106, 'Shahid Nawaz', 'Bacha Zada', 'Male', '2009-04-10', '0345-9513896', '2025-03-10', 259106, 4547, '15602-3225343-7', '15602-', 'GHSS Chitor', '9th A', '', 1, 21, '0000', ''),
(259107, 'Nizam Uddin', 'Rahmat Ali', 'Male', '2008-04-20', '03', '2025-03-10', 259107, 4548, '15602-', '15602-', 'GHSS Chitor', '9th A', '', 0, 22, '0000', ''),
(259108, 'Akhtar Zeb', 'Dawlat Khan', 'Male', '2008-04-16', '0341-5569369', '2025-03-10', 259108, 4549, '15602-0265071-3', '15602-', 'GHSS Chitor', '9th B', '', 1, 23, '0000', ''),
(259109, 'Nouman Khan', 'Lal Zada', 'Male', '2008-09-10', '0322-8210104', '2025-05-20', 4550, 4550, '15602-8924284-5', '15602-', 'GHSS Chitor', '9th B', '', 1, 24, '0000', ''),
(259110, 'Zakir Ullah', 'Aqal Zada', 'Male', '2009-02-05', '0345-4369153', '2025-03-10', 259110, 4551, '15602-0246531-7', '15602-', 'GHSS Chitor', '9th A', '', 1, 25, '0000', ''),
(259111, 'Muhammad Salman Khan', 'Sarfaraz Khan', 'Male', '2011-03-01', '0340-9279488', '2025-03-11', 259111, 4561, '15602-7608494-7', '15602-', 'GHSS Chitor', '9th B', '', 1, 26, '0000', ''),
(259112, 'Muhammad Essa Khan', 'Haya Khan', 'Male', '2011-04-10', '0343-0919152', '2025-03-11', 259112, 4562, '15602-9713925-9', '15602-', 'GHSS Chitor', '9th B', '', 1, 27, '0000', ''),
(259113, 'Hazrat Hussain', 'Sabir Gul', 'Male', '2010-04-01', '0349-9854467', '2025-03-11', 259113, 4563, '15602-0301450-3', '15602-', 'GHSS Chitor', '9th B', '', 1, 28, '0000', ''),
(259114, 'Anwar Zaman', 'Khan Zaman', 'Male', '2011-03-10', '0347-5564794', '2025-03-11', 259114, 4564, '15602-7382201-9', '15602-', 'GHSS Chitor', '9th B', '', 1, 29, '0000', ''),
(259115, 'Arshad Hussain', 'Momin Khan', 'Male', '2010-03-20', '0340-9550195', '2025-03-11', 259115, 4565, '15602-4028447-7', '15602-', 'GHSS Chitor', '9th A', '', 1, 30, '0000', ''),
(259116, 'Muhammad Sudais', 'Ahad Gul', 'Male', '2011-09-01', '0340-9341869', '2025-03-11', 259116, 4566, '15602-6245997-3', '15602-', 'GHSS Chitor', '9th A', '', 1, 31, '0000', ''),
(259117, 'Sultan Ali', 'Luqman Ali', 'Male', '2010-05-06', '0317-8544815', '2025-03-11', 259117, 4567, '15602-4024330-7', '15602-', 'GHSS Chitor', '9th B', '', 1, 32, '0000', ''),
(259118, 'Muhammad Rehan', 'Alif Zada', 'Male', '2011-01-07', '0346-9692281', '2025-03-11', 259118, 4568, '15602-0495237-5', '15602-', 'GHSS Chitor', '9th B', '', 1, 33, '0000', ''),
(259119, 'Muhammad Imad', 'Fazal Ihsan', 'Male', '2011-04-02', '0346-9120766', '2025-03-10', 259119, 4569, '15602-3671172-9', '15602-', 'GHSS Chitor', '9th A', '', 1, 34, '0000', ''),
(259120, 'Shah Fahad', 'Khan Pariz', 'Male', '2010-12-20', '0342-7699238', '2025-03-11', 259120, 4570, '15602-0474412-1', '15602-', 'GHSS Chitor', '9th A', '', 1, 35, '0000', ''),
(259121, 'Umar Khitab', 'Muhammad Kamal', 'Male', '2011-05-01', '0341-8650659', '2025-03-11', 259121, 4571, '15602-0246466-7', '15602-', 'GHSS Chitor', '9th A', '', 1, 36, '0000', 'Sapal Bandai'),
(259122, 'Rahim Zada', 'Sahib Zada', 'Male', '2011-02-15', '0345-0617334', '2025-03-11', 259122, 4572, '15602-0495238-1', '15602-', 'GHSS Chitor', '9th B', '', 1, 37, '0000', ''),
(259123, 'Muhammad Asif', 'Gul Sher', 'Male', '2010-04-01', '0343-8994150', '2025-03-11', 259123, 4573, '15602-7717156-5', '15602-', 'GHSS Chitor', '9th B', '', 1, 38, '0000', ''),
(259124, 'Sudais Khan', 'Sher Wali Khan', 'Male', '2008-04-05', '0341-9156852', '2025-03-11', 259124, 4587, '15602-0272221-5', '15602-', 'GHSS Chitor', '9th A', '', 1, 39, '0000', ''),
(259125, 'Abid Ali', 'Khan Muhammad', 'Male', '2010-09-02', '0347-2886904', '2025-03-10', 259125, 4591, '15602-1589676-9', '15602-', 'GHSS Chitor', '9th B', '', 1, 40, '0000', ''),
(259126, 'Safi Ullah', 'Ihsan Ali', 'Male', '2010-12-23', '0343-9591488', '2025-03-10', 259126, 4589, '15602-0724849-3', '15602-', 'GHSS Chitor', '9th A', '', 1, 41, '0000', 'Sapal Bandai'),
(259127, 'Muhammad Azan', 'Taj Muhammad', 'Male', '2010-04-06', '0348-5370671', '2025-03-11', 259127, 4594, '15602-4839921-5', '15602-', 'GHSS Chitor', '9th A', '', 0, 42, '0000', ''),
(259128, 'Maaz Khan', 'Umar Khan', 'Male', '2010-06-27', '0345-0384644', '2025-03-10', 259128, 4596, '15602-0254003-1', '15602-', 'GHSS Chitor', '9th A', '', 1, 43, '0000', ''),
(259129, 'Sanaullah', 'Karimullah', 'Male', '2010-03-10', '0346-9305414', '2025-03-10', 259129, 4598, '15602-7781415-1', '15602-', 'GHSS Chitor', '9th A', '', 1, 44, '0000', ''),
(259130, 'Muhammad Talha', 'Umar Bacha', 'Male', '2009-07-17', '0343-9404681', '2025-05-20', 4600, 4600, '15602-7342231-9', '15602-', 'GHSS Chitor', '9th A', '', 1, 45, '0000', ''),
(259131, 'Ubaid Ur Rahman', 'Muhammad Rahim', 'Male', '2010-01-20', '0347-9696158', '2025-05-20', 4592, 4592, '15602-0282559-7', '15602-', 'GHSS Chitor', '9th A', '', 1, 46, '0000', ''),
(259132, 'Muhammad Sufyan', 'Sher Zaman', 'Male', '2010-09-10', '0349-6148609', '2025-03-10', 259132, 4604, '15602-0285309-5', '15602-', 'GHSS Chitor', '9th A', '', 1, 47, '0000', ''),
(259133, 'Roshan Ali', 'Noor Zada', 'Male', '2011-06-10', '0343-5297620', '2022-08-16', 259133, 4536, '15602-0320234-6', '15602-', 'GHSS Chitor', '9th A', '', 1, 48, '0000', ''),
(259134, 'Mohsin ullah', 'Umara Khan', 'Male', '2009-07-03', '0344-9686250', '2025-03-10', 259134, 4603, '15602-0246576-3', '15602-', 'GHSS Chitor', '9th A', '', 0, 49, '0000', ''),
(259135, 'Hussan Zeb', 'Gul Khan', 'Male', '2010-04-10', '0341-9458124', '2025-05-20', 259135, 4605, '15602-1327062-7', '15602-', 'GHSS Chitor', '9th A', '', 1, 50, '0000', ''),
(259136, 'Hizbullah', 'Qamar Zada', 'Male', '2009-03-10', '0345-4369153', '2025-03-10', 4607, 4608, '15602-5975362-2', '15602-', 'GHSS Chitor', '9th B', '', 1, 51, '0000', ''),
(259201, 'Muhammad Maooz', 'Shah Rasool Khan', 'Male', '2011-01-02', '0342-9667720', '2025-03-11', 259201, 4552, '15602-', '15602-', 'GHSS Chitor', '9th B', '', 1, 920, '0000', 'Sapal Bandai'),
(259202, 'Muhammad Ilyas', 'Muhammad Naseem', 'Male', '2010-11-23', '0345-9515906', '2025-03-10', 259202, 4553, '15602-', '15602-', 'GHSS Chitor', '9th B', '', 1, 0, '0000', 'Marghazar'),
(259203, 'Aqib Ullah', 'Ewaz Khan', 'Male', '2010-04-10', '0340-9412209', '2025-03-11', 259203, 4554, '15602-', '15602-', 'GHSS Chitor', '9th A', '', 1, 0, '0000', 'Sapal Bandai'),
(259204, 'Ajmal Khan', 'Rahmani Jan', 'Male', '2008-04-04', '0302-8063498', '2025-03-10', 259204, 4555, '15602-', '15602-', 'GHSS Chitor', '9th B', '', 1, 0, '0000', 'Gul Bandai'),
(259205, 'Muhammad Ayaz', 'Amir Zeb', 'Male', '2009-03-01', '0341-9052244', '2025-03-10', 259205, 4556, '15602-', '15602-', 'GHSS Chitor', '9th B', '', 1, 0, '0000', 'Marghazar'),
(259206, 'Muhammad Owais', 'Noor Zamin Khan', 'Male', '2009-09-26', '03488375668', '2025-03-10', 259206, 4557, '15602-', '15602-', 'GHSS Chitor', '9th A', '', 1, 0, '0000', 'Marghazar'),
(259207, 'Rafiullah', 'Ibrahim', 'Male', '2009-10-01', '0342-9657469', '2025-03-10', 259207, 4558, '15602-', '15602-', 'GHSS Chitor', '9th B', '', 1, 34, '0000', 'Sapal Bandai'),
(259208, 'Najeeb Ullah', 'Amjad Ali', 'Male', '2005-08-06', '0348-9413905', '2025-03-10', 259208, 4559, '15602-', '15602-', 'GHSS Chitor', '9th A', '', 1, 0, '0000', 'Marghazar'),
(259209, 'Luqman Zada', 'Fazal Rahman', 'Male', '2011-03-18', '0346-2110916', '2025-03-10', 259209, 4560, '15602-', '15602-', 'GHSS Chitor', '9th A', '', 1, 0, '0000', 'Marghazar'),
(259210, 'Nabi Ullah', 'Rahmat Khan', 'Male', '2010-04-06', '0341-5352564', '2025-03-11', 259210, 4574, '15602-', '15602-', 'GHSS Chitor', '9th B', '', 1, 0, '0000', 'Sapal Bandai'),
(259211, 'Muhammad Murtaza', 'Ali Rahman', 'Male', '2011-04-05', '0341-9420544', '2025-03-11', 259211, 4575, '15602-', '15602-', 'GHSS Chitor', '9th A', '', 1, 915, '0000', 'Sapal Bandai'),
(259212, 'Abdullah', 'Rahim Khan', 'Male', '2010-08-27', '0340-9243374', '2025-03-11', 259212, 4576, '15602-', '15602-', 'GHSS Chitor', '9th A', '', 1, 0, '0000', 'Sapal Bandai'),
(259213, 'Muhammad Yaseen', 'Bakht Zada', 'Male', '2009-06-14', '0342-8978760', '2025-03-11', 259213, 4577, '15602-', '15602-', 'GHSS Chitor', '9th A', '', 1, 0, '0000', 'Sapal Bandai'),
(259214, 'Hassan Muhammad', 'Rahim', 'Male', '2011-01-27', '0347-8885404', '2025-03-11', 259214, 4578, '15602-', '15602-', 'GHSS Chitor', '9th B', '', 1, 0, '0000', 'Sapal Bandai'),
(259215, 'Haidar Ali', 'Bakht Sher', 'Male', '2011-02-05', '0342-5653306', '2025-03-11', 259215, 4579, '15602-', '15602-', 'GHSS Chitor', '9th B', '', 1, 0, '0000', 'Sapal Bandai'),
(259216, 'Muhammad Khan', 'Taj Muhammad', 'Male', '2008-10-10', '0348-5370671', '2025-03-11', 259216, 4580, '15602-', '15602-', 'GHSS Chitor', '9th B', '', 1, 907, '0000', 'Sapal Bandai'),
(259217, 'Muhammad Shehzad', 'Khair Ali Khan', 'Male', '2009-07-31', '0342-3108970', '2025-03-11', 259217, 4581, '15602-', '15602-', 'GHSS Chitor', '9th B', '', 1, 0, '0000', 'Sapal Bandai'),
(259218, 'Ahmad Ali', 'Itbar Ali', 'Male', '2009-05-20', '0333-7946307', '2025-03-11', 259218, 4582, '15602-', '15602-', 'GHSS Chitor', '9th B', '', 1, 0, '0000', 'Sapal Bandai'),
(259219, 'Ahmad Zada', 'Jehan Zada', 'Male', '2010-04-24', '0340-9274935', '2025-03-11', 259219, 4583, '15602-', '15602-', 'GHSS Chitor', '9th B', '', 1, 0, '0000', 'Sapal Bandai'),
(259220, 'Muhammad Ilyas', 'Gul Khan', 'Male', '2010-03-13', '0343-9465842', '2025-03-11', 259220, 4584, '15602-', '15602-', 'GHSS Chitor', '9th A', '', 1, 0, '0000', 'Sapal Bandai'),
(259221, 'Islam Zada', 'Naseeb Zada', 'Male', '2010-02-10', '0340-9274915', '2025-03-11', 259221, 4585, '15602-', '15602-', 'GHSS Chitor', '9th B', '', 1, 0, '0000', 'Sapal Bandai'),
(259222, 'Kalim Ullah', 'Hidayat Ullah', 'Male', '2007-05-14', '0344-9657380', '2025-03-10', 259222, 4586, '15602-', '15602-', 'GHSS Chitor', '9th A', '', 1, 0, '0000', 'Marghazar'),
(259223, 'Abdullah', 'Gul Zaman', 'Male', '2010-03-06', '0344-5186914', '2025-03-11', 259223, 4588, '15602-', '15602-', 'GHSS Chitor', '9th A', '', 1, 0, '0000', 'Gul Bandai'),
(259225, 'Ihsan Ali', 'Hussain Ali', 'Male', '2011-08-05', '0340-7779829', '2025-03-11', 259225, 4590, '15602-', '15602-', 'GHSS Chitor', '9th B', '', 1, 0, '0000', 'Sapal Bandai'),
(259226, 'Abdul Samad', 'Abdul Sattar', 'Male', '2010-01-01', '0323-9557184', '2025-03-10', 259226, 4593, '15602-', '15602-', 'GHSS Chitor', '9th B', '', 1, 0, '0000', 'Marghazar'),
(259227, 'Muhammad Anas', 'Liaqat Ali', 'Male', '2010-04-19', '0344-1099473', '2025-03-10', 259227, 4595, '15602-', '15602-', 'GHSS Chitor', '9th A', '', 1, 0, '0000', 'Marghazar'),
(259228, 'Zia Ullah', 'Bacha Khan', 'Male', '2007-04-08', '0348-8008627', '2025-03-10', 259228, 4597, '15602-', '15602-', 'GHSS Chitor', '9th B', '', 1, 0, '0000', 'Marghazar'),
(259229, 'Fawad Ali', 'Habib Khan', 'Male', '2008-03-04', '0344-9728164', '2025-03-10', 259229, 4599, '15602-', '15602-', 'GHSS Chitor', '9th B', '', 1, 0, '0000', ''),
(259230, 'Shafiullah', 'Gul Bar', 'Male', '2012-03-01', '0348-9813309', '2025-05-13', 259230, 4606, '15602-', '15602-', 'GHSS Chitor', '9th A', '', 1, 259230, '0000', 'Chitor'),
(259231, 'Abu bakar Saddiq', 'Rahim Wahid', 'Male', '2010-02-24', '0347-9678166', '2025-03-10', 259231, 4602, '15602-', '15602-', 'GHSS Chitor', '9th A', '', 1, 0, '0000', 'Marghazar'),
(259232, 'Hamza Khan', 'Alam Khan', 'Male', '2009-03-05', '0345-2056503', '2025-05-13', 259232, 4609, '15602-', '15602-', 'GHSS Chitor', '9th B', '', 0, 259232, '0000', 'Marghazar'),
(259233, 'Muhammad Waqar Khan', 'Aslam Khan', 'Male', '2009-06-08', '0346-6135093', '2025-05-13', 259233, 4610, '15602-', '15602-', 'GHSS Chitor', '9th B', '', 0, 259233, '0000', 'Marghazar'),
(259234, 'Israr Ahmad', 'Nazir Ahmad', 'Male', '2011-03-10', '0340-5100439', '2025-03-16', 259234, 4611, '15602-', '15602-', 'GHSS Chitor', '9th B', '', 1, 6, '0000', 'Sher atraf'),
(259235, 'Muhammad Jamal', 'Bakht Nazar', 'Male', '1900-01-01', '0342-9118209', '2025-05-20', 259235, 259235, '15602-', '15602-', 'GHSS Chitor', '9th A', '', 1, 0, '0000', 'Per Baba'),
(2109101, 'Zeeshan Khan', 'Gul Zada', 'Male', '2006-05-01', '0334-9311856', '2021-07-01', 3350, NULL, '15602-1976010-3', '', 'GHSS Chitor', '', '', 1, 0, '0000', ''),
(2109102, 'Hassan Khan', 'Sarzamin', 'Male', '2007-03-03', '0333-9471047', '2021-07-01', 3442, NULL, '15602-0532305-5', '', 'GHSS Chitor', '', '', 1, 0, '0000', ''),
(2109103, 'Irfan Ullah', 'Farid Jan', 'Male', '2005-01-05', '0341-4419807', '2021-07-01', 3449, NULL, '15602-5168017-9', '', 'GHSS Chitor', '', '', 1, 0, '0000', ''),
(2109104, 'Kamran Khan', 'Biladar', 'Male', '2004-04-10', '0340-9010535', '1900-01-01', 3454, NULL, '15602-7305946-5', '', 'GHSS Chitor', '', '', 1, 0, '0000', ''),
(2109105, 'Sanaullah', 'Muhammad Alam', 'Male', '2006-03-01', '0340-9250986', '1900-01-01', 3467, NULL, '15602-0417474-3', '', 'GHSS Chitor', '', '', 1, 0, '0000', ''),
(2109106, 'Abbas Khan', 'Said Muhammad Khan', 'Male', '2007-04-15', '0346-9444197', '1900-01-01', 3473, NULL, '15602-0245809-5', '', 'GHSS Chitor', '', '', 1, 0, '0000', ''),
(2109107, 'Rokhan', 'Muhammad Ameen', 'Male', '2005-06-03', '0346-9421094', '1900-01-01', 3322, NULL, '15602-9459937-7', '', 'GHSS Chitor', '', '', 1, 0, '0000', ''),
(2109108, 'Najeeb Ullah', 'Dawlat Khan', 'Male', '2006-03-01', '0342-5924520', NULL, NULL, NULL, NULL, NULL, 'GHSS Chitor', '10th A', '', 2, 0, '0000', ''),
(2109109, 'Jawad Ali', 'Naseeb Zada', 'Male', '2007-05-18', '0342-5271376', '1900-01-01', 3537, NULL, '15602-0254034-9', '', 'GHSS Chitor', '', '', 1, 0, '0000', ''),
(2109110, 'Maaz Khan', 'Sarzamin', 'Male', '2006-03-10', '0345-9009869', '1900-01-01', 3377, NULL, '15602-0250736-7', '', 'GHSS Chitor', '', '', 1, 0, '0000', ''),
(2109111, 'Israr Ali', 'Fazal Shah', 'Male', NULL, '0340-9310362', NULL, NULL, NULL, NULL, NULL, 'GHSS Chitor', '', '', 1, 0, '0000', ''),
(2109112, 'Shahid Ullah Bacha', 'Umar Badshah', 'Male', '2007-04-08', '0344-9673028', '1900-01-01', 3390, NULL, '15602-0247062-5', '', 'GHSS Chitor', '', '', 1, 0, '0000', ''),
(2109113, 'Hassan Khan', 'Hussain Shah', 'Male', '2007-01-01', '0340-0991049', '2007-01-01', 3484, NULL, '15602-0245622-1', '', 'GHSS Chitor', '', '', 1, 0, '0000', ''),
(2109114, 'Fayaz Khan', 'Ayaz', 'Male', '2006-05-25', '0347-1777214', '1900-01-01', 3420, NULL, '15602-5598604-5', '', 'GHSS Chitor', '10th A', '', 2, 0, '0000', ''),
(2109115, 'Samiullah', 'Umar Zada', 'Male', '2006-06-25', '0340-5854948', NULL, NULL, NULL, NULL, NULL, 'GHSS Chitor', '10th A', '', 2, 0, '0000', ''),
(2109116, 'Shahid Khan', 'Sherin Buhar', 'Male', '2005-02-12', '0343-5882432', NULL, NULL, NULL, NULL, NULL, 'GHSS Chitor', '10th A', '', 2, 0, '0000', ''),
(2109117, 'Rahmat Ali', 'Umar Gul', 'Male', '2006-05-10', '0323-9243734', '1900-01-01', 3429, NULL, '15602-0193352-1', '', 'GHSS Chitor', '', '', 1, 0, '0000', ''),
(2109118, 'Muhammad Ibrahim', 'Amir Rahim', 'Male', '2005-03-20', '0345-9307150', '1900-01-01', 3434, NULL, '15602-5879158-9', '', 'GHSS Chitor', '', '', 1, 0, '0000', ''),
(2109119, 'Said Rahman', 'Jehan Zeb', 'Male', '2006-05-02', '0341-9221083', '1900-01-01', 3436, NULL, '', '', 'GHSS Chitor', '', '', 1, 0, '0000', ''),
(2109120, 'Mustafa Khan', 'Biladar', 'Male', '2006-11-12', '0342-1188024', '1900-01-01', 3465, NULL, '', '', 'GHSS Chitor', '', '', 1, 0, '0000', ''),
(2109121, 'Jawad Ali', 'Dawa Khan', 'Male', '2006-04-01', '0345-9229834', '1900-01-01', 3535, NULL, '15602-0246917-5', '', 'GHSS Chitor', '', '', 1, 0, '0000', ''),
(2109122, 'Hazrat Bilal', 'Hamid Gul', 'Male', '2004-05-15', '0344-1982095', '1900-01-01', 3538, NULL, '15602-5757210-7', '', 'GHSS Chitor', '', '', 1, 0, '0000', ''),
(2109123, 'Anwar Said', 'Itbar Gul', 'Male', '2005-05-20', '03', '1900-01-01', 3612, NULL, '15602-4810412-7', '', 'GHSS Chitor', '', '', 1, 0, '0000', ''),
(2109124, 'Muhammad Ismail', 'Aziz Ur Rahman', 'Male', '2006-04-27', '0342-1935421', NULL, NULL, NULL, NULL, NULL, 'GHSS Chitor', '10th A', '', 2, 0, '0000', ''),
(2109125, 'Najeebullah', 'Lal Gul', 'Male', '2005-04-15', '0348-9121364', '1900-01-01', 4069, NULL, '15602-0480365-3', '', 'GHSS Chitor', '10th A', '', 2, 0, '0000', ''),
(2109126, 'Anas Khan', 'Fazal Wahid', 'Male', '2006-03-01', '0346-8985521', '2006-03-01', 4071, NULL, '15602-1553576-7', '', 'GHSS Chitor', '', '', 1, 0, '0000', ''),
(2109127, 'Hamza Khan', 'Bakat Rahman', 'Male', '2007-04-10', '0348-9306052', '1900-01-01', 4073, NULL, '15602-2186430-9', '', 'GHSS Chitor', '', '', 1, 0, '0000', ''),
(2109128, 'Ibrahim Khan', 'Muhammad Said Khan', 'Male', '2007-03-15', '0342-9142718', '1900-01-01', 4075, NULL, '15602-2186430-9', '', 'GHSS Chitor', '', '', 1, 0, '0000', ''),
(2109129, 'Muhammad Maaz Khan', 'Shah Rasool Khan', 'Male', '2007-03-30', '0342-9667720', '1900-01-01', 4077, NULL, '15602-8804083-5', '', 'GHSS Chitor', '', '', 1, 0, '0000', ''),
(2109130, 'Muhammad Mustafa', 'Ali Rahman', 'Male', '2007-03-20', '0341-9490344', '1900-01-01', 4079, NULL, '15602-0244798-9', '', 'GHSS Chitor', '', '', 1, 0, '0000', ''),
(2109131, 'Samiullah', 'Bacha Khan', 'Male', '2006-01-01', '0344-8217515', '1900-01-01', 4081, NULL, '15602-4008303-9', '', 'GHSS Chitor', '', '', 1, 0, '0000', ''),
(2109132, 'Umar Rahman', 'Bakht Rahman', 'Male', '2006-01-01', '0349-5608239', '1900-01-01', 4083, NULL, '15602-7777527-5', '', 'GHSS Chitor', '', '', 1, 0, '0000', ''),
(2109133, 'Shafiullah', 'Shaikh', 'Male', '2006-01-01', '0344-8217515', NULL, NULL, NULL, NULL, NULL, 'GHSS Chitor', '10th A', '', 2, 0, '0000', ''),
(2109134, 'Habib Ullah', 'Jehan Zar', 'Male', '2002-08-01', '0346-9994132', '1900-01-01', 4091, NULL, '15602-4644585-1', '', 'GHSS Chitor', '', '', 1, 0, '0000', ''),
(2109135, 'Asmat Ullah', 'Hazir Gul', 'Male', NULL, '0346-9341275', NULL, NULL, NULL, NULL, NULL, 'GHSS Chitor', '10th A', '', 2, 0, '0000', ''),
(2109136, 'Muhammad Kamran', 'Amin Khan', 'Male', '2005-04-10', '0346-9994123', NULL, NULL, NULL, NULL, NULL, 'GHSS Chitor', '10th A', '', 2, 0, '0000', ''),
(2109137, 'Rafiq Hassan', 'Nasar Ali', 'Male', '2006-04-10', '0340-9012206', '1900-01-01', 4099, NULL, '15602-8899200-1', '', 'GHSS Chitor', '', '', 1, 0, '0000', ''),
(2109138, 'Murtaza Khan', 'Khaista Rahman', 'Male', '2006-02-01', '0346-3009330', '1900-01-01', 4101, NULL, '15602-5955546-1', '', 'GHSS Chitor', '', '', 1, 0, '0000', ''),
(2109139, 'Alam Zeb', 'Said Rahman', 'Male', '2006-02-01', '0343-6058919', '1900-01-01', 4103, NULL, '', '', 'GHSS Chitor', '10th A', '', 2, 0, '0000', ''),
(2109140, 'Rahman Ullah', 'Azim Khan', 'Male', '2007-01-02', '03', '1900-01-01', 4105, NULL, '15602-5955546-1', '', 'GHSS Chitor', '', '', 1, 0, '0000', ''),
(2109141, 'Aftab Alam', 'Fazal Subhan', 'Male', '2007-01-01', '03', '1900-01-01', 4107, NULL, '1560-0247695-9', '', 'GHSS Chitor', '', '', 1, 0, '0000', ''),
(2109142, 'Waheedullah', 'Rahamdad Khan', 'Male', '2007-03-25', '03', '1900-01-01', 4109, NULL, '15602-0361352-3', '', 'GHSS Chitor', '', '', 1, 0, '0000', ''),
(2109143, 'Muhammad Islam', 'Sargand', 'Male', NULL, '03', NULL, NULL, NULL, NULL, NULL, 'GHSS Chitor', '10th A', '', 2, 0, '0000', ''),
(2109144, 'Tahir Khan', 'Bakht Zada', 'Male', '2006-03-15', '03', '1900-01-01', 4113, NULL, '15602-0362919-3', '', 'GHSS Chitor', '', '', 1, 0, '0000', ''),
(2109145, 'Rahmat Ullah', 'Alam Zeb', 'Male', '2006-02-04', '0341-5684624', '1900-01-01', 4115, NULL, '15602-0130906-1', '', 'GHSS Chitor', '', '', 1, 0, '0000', ''),
(2109146, 'Midrarullah', 'Rahmat Ali', 'Male', '2005-04-01', '03', NULL, NULL, NULL, NULL, NULL, 'GHSS Chitor', '10th A', '', 2, 0, '0000', ''),
(2109147, 'Rooh Ullah', 'Pir Muhammad', 'Male', '2006-02-08', '0343-9590272', NULL, NULL, NULL, NULL, NULL, 'GHSS Chitor', '10th A', '', 2, 0, '0000', ''),
(2109148, 'Anwar Shah', 'Muhammad Alam', 'Male', '2006-02-02', '0344-5961509', NULL, NULL, NULL, NULL, NULL, 'GHSS Chitor', '10th A', '', 2, 0, '0000', ''),
(2109149, 'Hasnain Khan', 'Niaz Muhammad', 'Male', '2005-01-10', '0340-2670455', NULL, NULL, NULL, NULL, NULL, 'GHSS Chitor', '10th A', '', 2, 0, '0000', ''),
(2109150, 'Jawad Ali', 'Habib Khan', 'Male', '2005-02-15', '0344-9728164', NULL, NULL, NULL, NULL, NULL, 'GHSS Chitor', '10th A', '', 2, 0, '0000', ''),
(2109151, 'Irfan Ullah', 'Muhammad Ali', 'Male', '2007-04-10', '0340-2110916', '1900-01-01', 4126, NULL, '15602-0279437-9', '', 'GHSS Chitor', '', '', 1, 0, '0000', ''),
(2109152, 'Umar Raziq', 'Fazal Rahman', 'Male', '2004-03-15', '0346-8273822', '1900-01-01', 4274, NULL, '', '', 'GHSS Chitor', '10th B', '', 0, 0, '0000', ''),
(2109153, 'Muhammad Zeeshan', 'Amir Zeb', 'Male', '2007-01-10', '0341-0910384', NULL, NULL, NULL, NULL, NULL, 'GHSS Chitor', '10th A', '', 2, 0, '0000', ''),
(2109154, 'Attaullah', 'Mujahid', 'Male', '2007-01-05', '0345-9459609', '1900-01-01', 4135, NULL, '15602-0265019-5', '', 'GHSS Chitor', '', '', 1, 0, '0000', ''),
(2109155, 'Kashif Khan', 'Ahmad Zeb', 'Male', '2004-02-12', '0348-5351147', NULL, NULL, NULL, NULL, NULL, 'GHSS Chitor', '10th A', '', 2, 0, '0000', ''),
(2109156, 'Muhammad Hussain', 'Shah Faisal', 'Male', '2005-02-11', '0340-2670358', NULL, NULL, NULL, '', NULL, 'GHSS Chitor', '10th A', '', 2, 0, '0000', ''),
(2109157, 'Adnan Khan', 'Umar Sherin', 'Male', '2007-04-07', '0342-2557768', '1900-01-01', 4141, NULL, '', '', 'GHSS Chitor', '', '', 1, 0, '0000', ''),
(2109158, 'Asadullah Khan', 'Said Muhammad', 'Male', '2004-04-08', '0345-9452714', NULL, NULL, NULL, NULL, NULL, 'GHSS Chitor', '10th A', '', 2, 0, '0000', ''),
(2109159, 'Muhammad Hazrat Bilal', 'Fazal Subhan', 'Male', NULL, '03', NULL, NULL, NULL, NULL, NULL, 'GHSS Chitor', '10th A', '', 2, 0, '0000', ''),
(2109160, 'Irfan Ullah', 'Azim Khan', 'Male', '2005-03-01', '0344-9124714', '1900-01-01', 4147, NULL, '15602-5955546-1', '', 'GHSS Chitor', '', '', 1, 0, '0000', ''),
(2109161, 'Muhammad Uzaib', 'Bakht Zaman', 'Male', '2007-01-01', '0343-2569460', '1900-01-01', 4149, NULL, '15602-1387226-7', '', 'GHSS Chitor', '', '', 1, 0, '0000', ''),
(2109162, 'Alam Khan', 'Khalid', 'Male', '2001-05-25', '0340-9554369', NULL, NULL, NULL, NULL, NULL, 'GHSS Chitor', '10th A', '', 2, 0, '0000', ''),
(2109163, 'Muhammad Yaseen', 'Mian Khaliq Jan', 'Male', '2007-01-15', '0342-6328567', '1900-01-01', 4155, NULL, '15602-0249233-9', '', 'GHSS Chitor', '', '', 1, 0, '0000', ''),
(2109164, 'Salman Khan', 'Taleimand', 'Male', '2005-01-08', '0340-7425566', '1900-01-01', 4157, NULL, '15602-3949115-9', '', 'GHSS Chitor', '10th A', '', 2, 0, '0000', ''),
(2109165, 'Rahimullah', 'Gul Nausher', 'Male', '2005-02-01', '0340-9011902', NULL, NULL, NULL, NULL, NULL, 'GHSS Chitor', '10th A', '', 2, 0, '0000', ''),
(2109166, 'Zahid Hussain', 'Fida Hussain', 'Male', '2007-01-01', '0347-1098297', '1900-01-01', 4158, NULL, '15602-8485327-5', '', 'GHSS Chitor', '', '', 1, 0, '0000', ''),
(2109167, 'Ikram Khan', 'Sher Afzal Khan', 'Male', '2003-05-10', '0341-0252003', '1900-01-01', 4161, NULL, '15602-0508100-3', '', 'GHSS Chitor', '', '', 1, 0, '0000', ''),
(2109168, 'Mushtaq Haidar', 'Shah Bahadar', 'Male', '2003-03-03', '0340-2869217', '1900-01-01', 3481, NULL, '15602-7239666-7', '', 'GHSS Chitor', '', '', 1, 0, '0000', ''),
(2109169, 'Rahmat Ali', 'Akhtar Ali', 'Male', '2005-01-12', '0344-3551391', '1900-01-01', 4153, NULL, '15602-2078221-3', '', 'GHSS Chitor', '10th A', '', 2, 0, '0000', ''),
(2109170, 'Khalid Zada', 'Khaperai', 'Male', '2007-04-04', '0346-4632400', '1900-01-01', 4165, NULL, '15602-8528072-7', '', 'GHSS Chitor', '', '', 1, 0, '0000', ''),
(2109171, 'Muhammad Ibrahim', 'Muhammad Amal', 'Male', '2007-04-02', '0348-4209249', NULL, NULL, NULL, NULL, NULL, 'GHSS Chitor', '10th A', '', 2, 0, '0000', ''),
(2109172, 'Hayat Khan', 'Muhabbat Khan', 'Male', '2004-01-01', '0348-9466799', NULL, NULL, NULL, NULL, NULL, 'GHSS Chitor', '10th A', '', 2, 0, '0000', ''),
(2109173, 'Fazal Rashid ', 'Bakhtyar', 'Male', NULL, '0344-2874944', NULL, NULL, NULL, NULL, NULL, 'GHSS Chitor', '10th A', '', 2, 0, '0000', ''),
(2109201, 'Muhammad Yaseen', 'Khan Bahadur', 'Male', '2004-04-07', '0347-8957429', NULL, NULL, NULL, NULL, NULL, 'GHSS Chitor', '10th B', '', 2, 0, '0000', ''),
(2109202, 'Inamullah', 'Amir Afzal', 'Male', '2005-01-01', '0341-8358398', '1900-01-01', 4043, NULL, '15602-0257385-1', '', 'GHSS Chitor', '', '', 1, 0, '0000', ''),
(2109203, 'Mubeen Mian', 'Umar Jehan', 'Male', '2006-04-10', '0348-8975560', '1900-01-01', 4044, NULL, '', '', 'GHSS Chitor', '', '', 1, 0, '0000', ''),
(2109204, 'Mian Said Khalil Ullah', 'Karim Dad', 'Male', '2007-04-05', '0321-9768048', '1900-01-01', 4045, NULL, '15601-6048509-1', '', 'GHSS Chitor', '', '', 1, 0, '0000', ''),
(2109205, 'Rahmat Ali', 'Ezat Muhammad', 'Male', '2004-04-10', '0342-8978561', '1900-01-01', 4046, NULL, '15602-0250620-5', '', 'GHSS Chitor', '', '', 1, 0, '0000', '');
INSERT INTO `students_info` (`Roll_No`, `Name`, `FName`, `Gender`, `Dob`, `Mobile_No`, `Admission_Date`, `Admission_No`, `Admission_No_High`, `Father_Cnic`, `Student_Form_B`, `School`, `Class`, `Class_Position`, `Status`, `Class_No`, `Graduation_Year`, `Address`) VALUES
(2109206, 'Zahidullah', 'Muhammad Nawab', 'Male', '2007-03-20', '0346-9444184', '1900-01-01', 4047, NULL, '15602-0534859-7', '', 'GHSS Chitor', '', '', 1, 0, '0000', ''),
(2109207, 'Muhammad Suliman', 'Umar Rashid', 'Male', '2006-02-26', '0346-3879998', '1900-01-01', 4048, NULL, '15101-5896784-1', '', 'GHSS Chitor', '', '', 1, 0, '0000', ''),
(2109208, 'Abdur Rahman', 'Habib Ur Rahman', 'Male', '2005-04-04', '0340-9276791', '1900-01-01', 4049, NULL, '15602-0407958-5', '', 'GHSS Chitor', '', '', 1, 0, '0000', ''),
(2109209, 'Abdullah', 'Bakht Rawan', 'Male', '2005-04-05', '0348-8068958', '1900-01-01', 4066, NULL, '15602-9902150-5', '', 'GHSS Chitor', '', '', 1, 0, '0000', ''),
(2109210, 'Zia Hussain', 'Alamgir', 'Male', '2005-05-07', '0342-9567482', '1900-01-01', 4051, NULL, '15602-0246993-9', '', 'GHSS Chitor', '', '', 1, 0, '0000', ''),
(2109211, 'Shafiullah', 'Khan Zarin', 'Male', '2007-06-01', '0346-8910601', '1900-01-01', 4052, NULL, '15602-0245615-7', '', 'GHSS Chitor', '', '', 1, 0, '0000', ''),
(2109212, 'Faisal Khan', 'Umar Muhammad', 'Male', '2006-03-11', '0305-9618026', '1900-01-01', 4053, NULL, '15602-0254967-7', '', 'GHSS Chitor', '', '', 1, 0, '0000', ''),
(2109213, 'Muhammad Abdullah', 'Bakht Zada', 'Male', '2006-06-22', '0347-8803996', NULL, NULL, NULL, NULL, NULL, 'GHSS Chitor', '10th B', '', 2, 0, '0000', ''),
(2109214, 'Shah Fahad', 'Rahimullah', 'Male', '2003-11-11', '0348-5319968', '1900-01-01', 4055, NULL, '15602-0496254-9', '', 'GHSS Chitor', '', '', 1, 0, '0000', ''),
(2109215, 'Sultan Zarin', 'Gul Zarin', 'Male', '2003-06-10', '0348-1959293', '1900-01-01', 4056, NULL, '15602-0262064-7', '', 'GHSS Chitor', '', '', 1, 0, '0000', ''),
(2109216, 'Sajawat Khan', 'Muhammad Zada', 'Male', NULL, '0348-3064423', NULL, NULL, NULL, NULL, NULL, 'GHSS Chitor', '10th B', '', 2, 0, '0000', ''),
(2109217, 'Abdur Rahman', 'Shah Wazir Khan', 'Male', '2005-03-10', '0340-9735645', '1900-01-01', 4057, NULL, '15602-0461743-1', '', 'GHSS Chitor', '', '', 1, 0, '0000', ''),
(2109218, 'Abdullah', 'Ayub Khan', 'Male', '2005-04-20', '0340-9552216', '1900-01-01', 4058, NULL, '15602-0245776-9', '', 'GHSS Chitor', '', '', 1, 0, '0000', ''),
(2109219, 'Ihtisham ul Haq', 'Wali Rahman', 'Male', '2006-03-25', '0348-7427862', '1900-01-01', 4059, NULL, '15602-6314627-3', '', 'GHSS Chitor', '', '', 1, 0, '0000', ''),
(2109220, 'Muhammad Mustafa', 'Rahim Dad', 'Male', '2005-01-24', '0347-6254928', '1900-01-01', 4060, NULL, '', '', 'GHSS Chitor', '', '', 1, 0, '0000', ''),
(2109221, 'Mohsin Haider', 'Rahman Haider', 'Male', '2007-01-10', '0347-0192470', '1900-01-01', 4061, NULL, '15602-0262034-1', '', 'GHSS CHITOR', '', '', 1, 0, '0000', ''),
(2109222, 'Husan Wahab', 'Fazal Hadi', 'Male', '2007-11-03', '0342-0911700', '1900-01-01', 4062, NULL, '15602-0254029-1', '', 'GHSS Chitor', '', '', 1, 0, '0000', ''),
(2109223, 'Najeeb Ullah', 'Raza Khan', 'Male', '2006-03-01', '0340-6795749', '1900-01-01', 4063, NULL, '15602-3783096-3', '', 'GHSS Chitor', '', '', 1, 0, '0000', ''),
(2109224, 'Riaz Ahmad', 'Bakht Sharif', 'Male', '2004-04-01', '0348-9034861', '1900-01-01', 4064, NULL, '15602-0265080-9', '', 'GHSS Chitor', '', '', 1, 0, '0000', ''),
(2109225, 'Sanaullah', 'Amir Nowshad', 'Male', '2004-04-01', '0348-0514052', '1900-01-01', 4065, NULL, '15602-3454774-9', '', 'GHSS Chitor', '', '', 1, 0, '0000', ''),
(2109226, 'Muhammad Mubeen', 'Fida Ali Khan', 'Male', '2006-04-05', '0348-9121170', '1900-01-01', 4072, NULL, '15602-6482513-1', '', 'GHSS Chitor', '', '', 1, 0, '0000', ''),
(2109227, 'Sadiq Zada', 'Nawab Zada', 'Male', NULL, '0344-8053315', NULL, NULL, NULL, NULL, NULL, 'GHSS Chitor', '10th B', '', 2, 0, '0000', ''),
(2109228, 'Fazal Khan', 'Payo Khan', 'Male', '2007-03-15', '0345-0598271', '1900-01-01', 4076, NULL, '15602-3078007-3', '', 'GHSS Chitor', '', '', 1, 0, '0000', ''),
(2109229, 'Muhammad Faizan', 'Aftab Hussain', 'Male', '2007-03-30', '0346-8004818', '1900-01-01', 4078, NULL, '15602-4063778-7', '', 'GHSS Chitor', '', '', 1, 0, '0000', ''),
(2109230, 'Shafiq Khan', 'Ziarat Gul', 'Male', '2004-02-02', '0347-5663938', NULL, NULL, NULL, NULL, NULL, 'GHSS Chitor', '10th B', '', 2, 0, '0000', ''),
(2109231, 'Hamidur Rahman', 'Taj Amin Khan', 'Male', '2006-01-01', '0344-2543224', '1900-01-01', 4082, NULL, '15602-8906586-5', '', 'GHSS Chitor', '', '', 1, 0, '0000', ''),
(2109232, 'Usman Ali', 'Khan Badshah', 'Male', '2006-05-04', '0340-5853992', '1900-01-01', 4084, NULL, '15602-6940214-5', '', 'GHSS Chitor', '', '', 1, 0, '0000', ''),
(2109233, 'Anwar Khan', 'Gul Khan', 'Male', '2005-01-01', '0344-8187217', '1900-01-01', 4086, NULL, '15602-784969-3', '', 'GHSS Chitor', '', '', 1, 0, '0000', ''),
(2109234, 'Farooq Hassan', 'Zafar Ali', 'Male', '2006-03-30', '0340-9012306', '1900-01-01', 4088, NULL, '15602-4830457-5', '', 'GHSS Chitor', '', '', 1, 0, '0000', ''),
(2109235, 'Ziaullah Khan', 'Raid Ali Khan', 'Male', '2006-04-10', '0342-3068243', '1900-01-01', 4090, NULL, '15602-0504395-1', '', 'GHSS Chitor', '', '', 1, 0, '0000', ''),
(2109236, 'Imran Khan', 'Amir Afzal', 'Male', '2005-04-01', '03', NULL, NULL, NULL, NULL, NULL, 'GHSS Chitor', '10th B', '', 2, 0, '0000', ''),
(2109237, 'Amir Alam Khan', 'Alam Sher', 'Male', '2006-01-01', '0344-3560199', '1900-01-01', 4094, NULL, '15602-4327042-7', '', 'GHSS Chitor', '', '', 1, 0, '0000', ''),
(2109238, 'Abdullah', 'Habib Gul', 'Male', NULL, '0340-6506653', NULL, NULL, NULL, NULL, NULL, 'GHSS Chitor', '10th B', '', 2, 0, '0000', ''),
(2109239, 'Faisal Khan', 'Muhammad Khan', 'Male', NULL, '0345-0947463', NULL, NULL, NULL, NULL, NULL, 'GHSS Chitor', '10th B', '', 2, 0, '0000', ''),
(2109240, 'Misal Khan', 'Sherin Zada', 'Male', '2005-01-01', '0344-2884707', '1900-01-01', 4100, NULL, '', '', 'GHSS Chitor', '', '', 1, 0, '0000', ''),
(2109241, 'Najeeb Ullah', 'Qasim Jan', 'Male', '2005-04-01', '0344-3284908', '1900-01-01', 4102, NULL, '1562-3783696-3', '', 'GHSS Chitor', '', '', 1, 0, '0000', ''),
(2109242, 'Abu Bakar Sadiq', 'Sher Baz Khan', 'Male', '2007-01-01', '0347-9437868', '1900-01-01', 4104, NULL, '15602-6454653-5', '', 'GHSS Chitor', '', '', 1, 0, '0000', ''),
(2109243, 'Afzal Inam', 'Bakht Afsar', 'Male', '2007-01-03', '0344-2648087', '1900-01-01', 4106, NULL, '1562-0787949-9', '', 'GHSS Chitor', '', '', 1, 0, '0000', ''),
(2109244, 'Inam Ullah', 'Bakht Zada', 'Male', '2007-01-01', '0344-9606272', '1900-01-01', 4108, NULL, '15602-0285286-3', '', 'GHSS Chitor', '', '', 1, 0, '0000', ''),
(2109245, 'Inamullah', 'Sher Muhammad', 'Male', '2007-03-15', '0345-9515023', '1900-01-01', 4110, NULL, '', '', 'GHSS Chitor', '', '', 1, 0, '0000', ''),
(2109246, 'Abdullah', 'Qayoom Khan', 'Male', '1900-01-01', '03', '1900-01-01', 999999, NULL, '', '', 'GHSS Chitor', '', '', 1, 0, '0000', ''),
(2109247, 'Yar Hussain', 'Sher Zada', 'Male', '1900-01-01', '0341-3787629', '1900-01-01', 4114, NULL, '15602-5505446-9', '', 'GHSS Chitor', '10th B', '', 2, 0, '0000', ''),
(2109248, 'Abu Bakar Sadiq', 'Alam Gul', 'Male', '2006-04-10', '0341-3787629', '1900-01-01', 4116, NULL, '15602-0926159-9', '', 'GHSS Chitor', '', '', 1, 0, '0000', ''),
(2109249, 'Umar Hayat', 'Umar Wahid', 'Male', '2006-01-09', '0341-8943348', NULL, NULL, NULL, NULL, NULL, 'GHSS Chitor', '10th B', '', 2, 0, '0000', ''),
(2109250, 'Ikramullah', 'Aqal Zada', 'Male', '2005-03-15', '0345-4369153', '2011-07-12', 4120, NULL, '', '', 'GHSS Chitor', '', '', 1, 0, '0000', ''),
(2109251, 'Ubaid Ullah', 'Hakim Khan', 'Male', '2005-02-15', '0340-9486231', NULL, NULL, NULL, NULL, NULL, 'GHSS Chitor', '10th B', '', 2, 0, '0000', ''),
(2109252, 'Muhammad Sohail', 'Khurshid', 'Male', '2006-04-07', '0321-9065266', '1900-01-01', 4124, NULL, '15602-0246321-9', '', 'GHSS Chitor', '', '', 1, 0, '0000', ''),
(2109253, 'Gawhar Khan', 'Abdur Rauf', 'Male', '2005-02-02', '0340-9486315', '1900-01-01', 4127, NULL, '15602-0280222-9', '', 'GHSS Chitor', '', '', 1, 0, '0000', ''),
(2109254, 'Muhammad Noman', 'Bakht Amin', 'Male', '2004-04-10', '0342-9835740', NULL, NULL, NULL, NULL, NULL, 'GHSS Chitor', '10th B', '', 2, 0, '0000', ''),
(2109255, 'Muhammad Adnan', 'Yousaf Khan', 'Male', '2005-03-20', '0343-4854872', '1900-01-01', 4130, NULL, '', '', 'GHSS Chitor', '', '', 1, 0, '0000', ''),
(2109256, 'Muhammad Muzamil ', 'Shamsher Ali', 'Male', '2006-01-01', '0334-8993405', '1900-01-01', 4134, NULL, '', '', 'GHSS Chitor', '10th B', '', 2, 0, '0000', ''),
(2109257, 'Aleem ullah', 'Ismail', 'Male', NULL, '0344-3777293', NULL, NULL, NULL, NULL, NULL, 'GHSS Chitor', '10th B', '', 2, 0, '0000', ''),
(2109258, 'Zeeshan Ali', 'Akhtar Ali', 'Male', '2005-07-01', '0344-9665765', '1900-01-01', 4138, NULL, '15602-5635301-7', '', 'GHSS Chitor', '', '', 1, 0, '0000', ''),
(2109259, 'Umar Rahim', 'Gul Rahsd', 'Male', '2005-02-10', '0393522398', NULL, NULL, NULL, NULL, NULL, 'GHSS Chitor', '10th B', '', 2, 0, '0000', ''),
(2109260, 'Yasir Ullah', 'Mani Rahim', 'Male', '2005-03-12', '0344-9823860', NULL, NULL, NULL, NULL, NULL, 'GHSS Chitor', '10th B', '', 2, 0, '0000', ''),
(2109261, 'Razaullah', 'Hazrat Sher', 'Male', '2008-02-03', '0302-2486736', NULL, NULL, NULL, NULL, NULL, 'GHSS Chitor', '10th B', '', 2, 0, '0000', ''),
(2109262, 'Hamid Ullah', 'Umar Zeb', 'Male', NULL, '0346-6490612', NULL, NULL, NULL, NULL, NULL, 'GHSS Chitor', '10th B', '', 2, 0, '0000', ''),
(2109263, 'Muhammad Waqas', 'Dawood Khan', 'Male', NULL, '0345-0817371', NULL, NULL, NULL, NULL, NULL, 'GHSS Chitor', '10th B', '', 2, 0, '0000', ''),
(2109264, 'Nisar Ali', 'Alam Khan', 'Male', '2007-01-01', '0348-9120977', '1900-01-01', 4150, NULL, '15602-0285154-7', '', 'GHSS Chitor', '', '', 1, 0, '0000', ''),
(2109265, 'Akbar Ali', 'Anwar Ali', 'Male', '2005-01-01', '0345-9191811', '1900-01-01', 4152, NULL, '15602-6370301-1', '', 'GHSS Chitor', '', '', 1, 0, '0000', ''),
(2109266, 'Sar Said', 'Farooq', 'Male', NULL, '0349-3522390', NULL, NULL, NULL, NULL, NULL, 'GHSS Chitor', '10th B', '', 2, 0, '0000', ''),
(2109267, 'Qasim Ullah', 'Samiullah', 'Male', NULL, '0340-8866002', NULL, NULL, NULL, NULL, NULL, 'GHSS Chitor', '10th B', '', 2, 0, '0000', ''),
(2109268, 'Muhammad Mobeen', 'Nadar Khan', 'Male', '2007-01-11', '0340-9885009', '1900-01-01', 4159, NULL, '15602-0253098-1', '', 'GHSS Chitor', '', '', 1, 0, '0000', ''),
(2109269, 'Hazrat Ullah', 'Akhtar Ali', 'Male', '2007-01-04', '0345-9514905', '1900-01-01', 4164, NULL, '15602-0392905-9', '', 'GHSS Chitor', '', '', 1, 0, '0000', ''),
(2109270, 'Anwar Ali', 'Qadar Gul', 'Male', NULL, '0345-3209305', NULL, NULL, NULL, NULL, NULL, 'GHSS Chitor', '10th B', '', 2, 0, '0000', ''),
(2109271, 'Jehan Zeb Khan', 'Bahroz Khan', 'Male', '2005-01-01', '0348-4645377', '1900-01-01', 4169, NULL, '15602-0534945-3', '', 'GHSS Chitor', '', '', 1, 0, '0000', ''),
(2109272, 'AmIn Ullah', 'Said Jalal', 'Male', '2007-01-01', '0340-2670265', '1900-01-01', 4170, NULL, '15602-0513839-5', '', 'GHSS Chitor', '', '', 1, 0, '0000', ''),
(2109273, 'Bakht AmIn', 'Ali Haidar', 'Male', '2007-01-01', '0341-4245441', '1900-01-01', 4172, NULL, '15602-1049319-1', '', 'GHSS Chitor', '', '', 1, 0, '0000', ''),
(2110102, 'Habib Ullah', ' Azim Khan\r\n', 'Male', NULL, '0348-9409419', NULL, NULL, NULL, NULL, NULL, 'GHSS Chitor', '', '', 1, 0, '0000', ''),
(2110103, 'Abid Ali', ' Ali Khan', 'Male', NULL, '0342-9664718', NULL, NULL, NULL, NULL, NULL, 'GHSS Chitor', '', '', 1, 0, '0000', ''),
(2110104, 'Muhammad Khan', 'Sher Muhammad Khan', 'Male', NULL, '0345-9378028', NULL, NULL, NULL, NULL, NULL, 'GHSS Chitor', '', '', 1, 0, '0000', ''),
(2110105, 'Ahmad Khan', 'Muhammad Rashad', 'Male', NULL, '0342-9607049', NULL, NULL, NULL, NULL, NULL, 'GHSS Chitor', '', '', 1, 0, '0000', ''),
(2110106, 'Ihsan Ullah', ' Umar Zaman', 'Male', NULL, '0340-3299249', NULL, NULL, NULL, NULL, NULL, 'GHSS Chitor', '', '', 1, 0, '0000', ''),
(2110107, 'Qaisar Khan', 'Amir Hamza', 'Male', NULL, '0347-1739026', NULL, NULL, NULL, NULL, NULL, 'GHSS Chitor', '', '', 1, 0, '0000', ''),
(2110108, 'Shoaib Khan', 'Gul Khan', 'Male', NULL, '0342-0981443', NULL, NULL, NULL, NULL, NULL, 'GHSS Chitor', '', '', 1, 0, '0000', ''),
(2110109, 'Ihsan Ullah', ' Khan Gul', 'Male', NULL, '0343-0279785', NULL, NULL, NULL, NULL, NULL, 'GHSS Chitor', '', '', 1, 0, '0000', ''),
(2110110, 'Hassan Khan', ' Asaf Khan \r\n', 'Male', NULL, '0343-4025849', NULL, NULL, NULL, NULL, NULL, 'GHSS Chitor', '', '', 1, 0, '0000', ''),
(2110111, 'Rahim Khan', ' Amir Dost Khan\r\n', 'Male', NULL, '0313-0972390', NULL, NULL, NULL, NULL, NULL, 'GHSS Chitor', '', '', 1, 0, '0000', ''),
(2110112, 'Ihsan Ali Khan', ' Amir Nawab', 'Male', NULL, '0347-9124388', NULL, NULL, NULL, NULL, NULL, 'GHSS Chitor', '', '', 1, 0, '0000', ''),
(2110113, 'Shehzad Khan', ' Said Rahim\r\n', 'Male', NULL, '0340-5908866', NULL, NULL, NULL, NULL, NULL, 'GHSS Chitor', '', '', 1, 0, '0000', ''),
(2110114, 'Ijaz Ahmad', ' Farid Khan\r\n', 'Male', NULL, '0346-9550826', NULL, NULL, NULL, NULL, NULL, 'GHSS Chitor', '', '', 1, 0, '0000', ''),
(2110115, 'Rahim Ullah', ' Taj Muhammad Khan\r\n', 'Male', NULL, '0342-1188794', NULL, NULL, NULL, NULL, NULL, 'GHSS Chitor', '', '', 1, 0, '0000', ''),
(2110116, 'Muhammad Ilyas', ' Rahmat Ali\r\n', 'Male', NULL, '0341-2054439', NULL, NULL, NULL, NULL, NULL, 'GHSS Chitor', '', '', 1, 0, '0000', ''),
(2110117, 'Latif Shah ', ' Imtiaz Khan\r\n', 'Male', NULL, '0348-7435422', NULL, NULL, NULL, NULL, NULL, 'GHSS Chitor', '', '', 1, 0, '0000', ''),
(2110118, 'Muhammad Zeb', ' Sherin Zada\r\n', 'Male', NULL, '0343-9306915', NULL, NULL, NULL, NULL, NULL, 'GHSS Chitor', '', '', 1, 0, '0000', ''),
(2110119, 'Muhammad Waqas', ' Aslam Khan\r\n', 'Male', NULL, '0341-9090491', NULL, NULL, NULL, NULL, NULL, 'GHSS Chitor', '', '', 1, 0, '0000', ''),
(2110120, 'Muhammad Hussain', ' Fazal Qayum\r\n', 'Male', NULL, '0347-2615746', NULL, NULL, NULL, NULL, NULL, 'GHSS Chitor', '', '', 1, 0, '0000', ''),
(2110121, 'Ikram Ullah', ' Zafar Ali\r\n', 'Male', NULL, '0342-9648968', NULL, NULL, NULL, NULL, NULL, 'GHSS Chitor', '', '', 1, 0, '0000', ''),
(2110122, 'Ihsan Ullah', ' Bahram Khan', 'Male', NULL, '0349-7304235', NULL, NULL, NULL, NULL, NULL, 'GHSS Chitor', '', '', 1, 0, '0000', ''),
(2110123, 'Attaullah Shah', ' Jamil Muhammad Khan\r\n', 'Male', NULL, '0348-5353293', NULL, NULL, NULL, NULL, NULL, 'GHSS Chitor', '', '', 1, 0, '0000', ''),
(2110124, 'Abdullah', ' Sherzada\r\n', 'Male', NULL, '0348-9360766', NULL, NULL, NULL, NULL, NULL, 'GHSS Chitor', '', '', 1, 0, '0000', ''),
(2110125, 'Rahid Khan', ' Bakht Farid Khan', 'Male', NULL, '0344-5187324', NULL, NULL, NULL, NULL, NULL, 'GHSS Chitor', '', '', 1, 0, '0000', ''),
(2110126, 'Muhammad Idress', ' Abdur Rahman\r\n', 'Male', NULL, '0347-6731604', NULL, NULL, NULL, NULL, NULL, 'GHSS Chitor', '', '', 1, 0, '0000', ''),
(2110127, 'Kashif Ahmad', ' Fazal Maula\r\n', 'Male', NULL, '0346-5435796', NULL, NULL, NULL, NULL, NULL, 'GHSS Chitor', '', '', 1, 0, '0000', ''),
(2110128, 'Muhammad Anees', 'Muhammad Younas', 'Male', NULL, '0344-9662527', NULL, NULL, NULL, NULL, NULL, 'GHSS Chitor', '', '', 1, 0, '0000', ''),
(2110129, 'Muhammad Rawan', 'Aqal Mand', 'Male', NULL, '0341-1462194', NULL, NULL, NULL, NULL, NULL, 'GHSS Chitor', '', '', 1, 0, '0000', ''),
(2110130, 'Nisar Ali', ' Asil Zada\r\n', 'Male', NULL, '0344-9609337', NULL, NULL, NULL, NULL, NULL, 'GHSS Chitor', '', '', 1, 0, '0000', ''),
(2110131, 'Abu Bakar', ' Amir Rahman\r\n', 'Male', NULL, '0312-9284566', NULL, NULL, NULL, NULL, NULL, 'GHSS Chitor', '', '', 1, 0, '0000', ''),
(2110132, 'Asad Ali', ' Mian Said Ghani\r\n', 'Male', NULL, '0343-9069479', NULL, NULL, NULL, NULL, NULL, 'GHSS Chitor', '', '', 1, 0, '0000', ''),
(2110133, 'Ainan Hussain', ' Muhammad Ali Shah\r\n', 'Male', NULL, '0340-9477954', NULL, NULL, NULL, NULL, NULL, 'GHSS Chitor', '', '', 1, 0, '0000', ''),
(2110134, 'Syed Mansoor Shah', ' Sayed Wali Shah\r\n', 'Male', NULL, '0341-5357914', NULL, NULL, NULL, NULL, NULL, 'GHSS Chitor', '', '', 1, 0, '0000', ''),
(2110135, 'Zahir Khan', ' Ayub Khan\r\n', 'Male', NULL, '0342-9605966', NULL, NULL, NULL, NULL, NULL, 'GHSS Chitor', '', '', 1, 0, '0000', ''),
(2110136, 'Seyab Hussain', ' Jehangir Mian\r\n', 'Male', NULL, '0345-983645', NULL, NULL, NULL, NULL, NULL, 'GHSS Chitor', '', '', 1, 0, '0000', ''),
(2110137, 'Hamza Bacha', ' Fazal Badshah\r\n', 'Male', NULL, '0344-8961663', NULL, NULL, NULL, NULL, NULL, 'GHSS Chitor', '', '', 1, 0, '0000', ''),
(2110138, 'Hamza Khan', ' Bahadar Khan', 'Male', NULL, '0346-8866073', NULL, NULL, NULL, NULL, NULL, 'GHSS Chitor', '', '', 1, 0, '0000', ''),
(2110139, 'Azmat Ali', ' Sher Rahman\r\n', 'Male', NULL, '0346-7428814', NULL, NULL, NULL, NULL, NULL, 'GHSS Chitor', '', '', 1, 0, '0000', ''),
(2110140, 'Tahir Zada', ' Mohin zada\r\n', 'Male', NULL, '0340-9890773', NULL, NULL, NULL, NULL, NULL, 'GHSS Chitor', '', '', 1, 0, '0000', ''),
(2110141, 'Ubaid Ullah', ' Bakhti gul\r\n', 'Male', NULL, '0342-5398811', NULL, NULL, NULL, NULL, NULL, 'GHSS Chitor', '', '', 1, 0, '0000', ''),
(2110142, 'Dawood Khan', ' Shahi Rahman\r\n', 'Male', NULL, '0348-9612340', NULL, NULL, NULL, NULL, NULL, 'GHSS Chitor', '', '', 1, 0, '0000', ''),
(2110143, 'Muhib Ul Haq', ' Aziz Ul Haq', 'Male', NULL, '0346-1952693', NULL, NULL, NULL, NULL, NULL, 'GHSS Chitor', '', '', 1, 0, '0000', ''),
(2110144, 'Fazal Mahboob', ' Fazal Rahman', 'Male', NULL, '0341-8040588', NULL, NULL, NULL, NULL, NULL, 'GHSS Chitor', '', '', 1, 0, '0000', ''),
(2110145, 'Muhammad Usama', ' Shah Faisal\r\n', 'Male', NULL, '0349-9458798', NULL, NULL, NULL, NULL, NULL, 'GHSS Chitor', '', '', 1, 0, '0000', ''),
(2110201, 'Muslim Khan', 'Sher Zaman', 'Male', NULL, '03', NULL, NULL, NULL, NULL, NULL, 'GHSS Chitor', '', '', 1, 0, '0000', ''),
(2110202, 'Sabair Shah', 'Momin', 'Male', NULL, '03', NULL, NULL, NULL, NULL, NULL, 'GHSS Chitor', '', '', 1, 0, '0000', ''),
(2110203, 'Ikram Khan', 'Fazal Raziq', 'Male', NULL, '03', NULL, NULL, NULL, NULL, NULL, 'GHSS Chitor', '', '', 1, 0, '0000', ''),
(2110204, 'Ihsan Ullah', 'Gul Ali', 'Male', NULL, '03', NULL, NULL, NULL, NULL, NULL, 'GHSS Chitor', '', '', 1, 0, '0000', ''),
(2110205, 'Muhammad Kaleem', 'Muhammad Salim', 'Male', NULL, '03', NULL, NULL, NULL, NULL, NULL, 'GHSS Chitor', '', '', 1, 0, '0000', ''),
(2110206, 'Sheraz Khan', 'Mishal Khan', 'Male', NULL, '03', NULL, NULL, NULL, NULL, NULL, 'GHSS Chitor', '', '', 1, 0, '0000', ''),
(2110207, 'Afsar Ali', 'Akbar Khan', 'Male', NULL, '03', NULL, NULL, NULL, NULL, NULL, 'GHSS Chitor', '', '', 1, 0, '0000', ''),
(2110208, 'Saeed Ullah', 'Raham dad Khan', 'Male', NULL, '03', NULL, NULL, NULL, NULL, NULL, 'GHSS Chitor', '', '', 1, 0, '0000', ''),
(2110209, 'Muhammad Salim', 'Muhammad Karim', 'Male', NULL, '03', NULL, NULL, NULL, NULL, NULL, 'GHSS Chitor', '', '', 1, 0, '0000', ''),
(2110210, 'Inamullah', 'Muhammad Ali Shah', 'Male', NULL, '03', NULL, NULL, NULL, NULL, NULL, 'GHSS Chitor', '', '', 1, 0, '0000', ''),
(2110211, 'Umar Rahman', 'Fazal Rahman', 'Male', NULL, '03', NULL, NULL, NULL, NULL, NULL, 'GHSS Chitor', '', '', 1, 0, '0000', ''),
(2110212, 'Niaz Alam', 'Muhammad Iqbal', 'Male', NULL, '03', NULL, NULL, NULL, NULL, NULL, 'GHSS Chitor', '', '', 1, 0, '0000', ''),
(2110213, 'Rahim Ullah', 'Umar Qayum', 'Male', NULL, '03', NULL, NULL, NULL, NULL, NULL, 'GHSS Chitor', '', '', 1, 0, '0000', ''),
(2110214, 'Abu Bakar Khan', 'Wazir Zada', 'Male', NULL, '03', NULL, NULL, NULL, NULL, NULL, 'GHSS Chitor', '', '', 1, 0, '0000', ''),
(2110215, 'Muhammad Yaseen', 'Amir Khan', 'Male', NULL, '03', NULL, NULL, NULL, NULL, NULL, 'GHSS Chitor', '', '', 1, 0, '0000', ''),
(2110216, 'Salman Khan', 'Shahzad', 'Male', NULL, '03', NULL, NULL, NULL, NULL, NULL, 'GHSS Chitor', '', '', 1, 0, '0000', ''),
(2110217, 'Muhammad Abbas', 'Fazal Rabi', 'Male', NULL, '03', NULL, NULL, NULL, NULL, NULL, 'GHSS Chitor', '', '', 1, 0, '0000', ''),
(2110218, 'Muhammad Sadiq', 'Khan Zada', 'Male', NULL, '03', NULL, NULL, NULL, NULL, NULL, 'GHSS Chitor', '', '', 1, 0, '0000', ''),
(2110219, 'Muhammad Ismail', 'Anwar Zaman', 'Male', NULL, '03', NULL, NULL, NULL, NULL, NULL, 'GHSS Chitor', '', '', 1, 0, '0000', ''),
(2110220, 'Salman Ali', 'Afzal Khan', 'Male', NULL, '03', NULL, NULL, NULL, NULL, NULL, 'GHSS Chitor', '', '', 1, 0, '0000', ''),
(2110221, 'Muhammad Abu Bakar', 'Fazal Rahman', 'Male', NULL, '03', NULL, NULL, NULL, NULL, NULL, 'GHSS Chitor', '', '', 1, 0, '0000', ''),
(2110222, 'Syed Mian Bacha', 'Mian Karim Dad', 'Male', NULL, '03', NULL, NULL, NULL, NULL, NULL, 'GHSS Chitor', '', '', 1, 0, '0000', ''),
(2110223, 'Najeeb Ullah', 'Muhammad Zada', 'Male', NULL, '03', NULL, NULL, NULL, NULL, NULL, 'GHSS Chitor', '', '', 1, 0, '0000', ''),
(2110224, 'Abdullah', 'Naimat Gul', 'Male', NULL, '03', NULL, NULL, NULL, NULL, NULL, 'GHSS Chitor', '', '', 1, 0, '0000', ''),
(2110225, 'Luqman Khan', 'Taj Muhammad Khan', 'Male', NULL, '03', NULL, NULL, NULL, NULL, NULL, 'GHSS Chitor', '', '', 1, 0, '0000', ''),
(2110226, 'Ubaid Ullah', 'Umar Rahman', 'Male', NULL, '03', NULL, NULL, NULL, NULL, NULL, 'GHSS Chitor', '', '', 1, 0, '0000', ''),
(2110227, 'Ihsan Ullah', 'Akbar Khan', 'Male', NULL, '03', NULL, NULL, NULL, NULL, NULL, 'GHSS Chitor', '', '', 1, 0, '0000', ''),
(2110228, 'Mudasir Khan', 'Bahadar Sher Khan', 'Male', NULL, '03', NULL, NULL, NULL, NULL, NULL, 'GHSS Chitor', '', '', 1, 0, '0000', ''),
(2110229, 'Haseen Zada', 'Khan Zada', 'Male', NULL, '03', NULL, NULL, NULL, NULL, NULL, 'GHSS Chitor', '', '', 1, 0, '0000', ''),
(2110230, 'Usman Ali', 'Itbar Khan', 'Male', NULL, '03', NULL, NULL, NULL, NULL, NULL, 'GHSS Chitor', '', '', 1, 0, '0000', ''),
(2110231, 'Rohil Amin', 'Muhammad Akbar', 'Male', NULL, '03', NULL, NULL, NULL, NULL, NULL, 'GHSS Chitor', '', '', 1, 0, '0000', ''),
(2110232, 'Maaz Ahmad', 'Jehan Mulk', 'Male', NULL, '03', NULL, NULL, NULL, NULL, NULL, 'GHSS Chitor', '', '', 1, 0, '0000', ''),
(2110233, 'Tahir Khan', 'Javid', 'Male', NULL, '03', NULL, NULL, NULL, NULL, NULL, 'GHSS Chitor', '', '', 1, 0, '0000', ''),
(2110234, 'Mohsin Badsha', 'Muhammad Rahman', 'Male', NULL, '03', NULL, NULL, NULL, NULL, NULL, 'GHSS Chitor', '', '', 1, 0, '0000', ''),
(2110235, 'Syed Noor Ahmad Shah', 'Syed Wali Shah', 'Male', NULL, '03', NULL, NULL, NULL, NULL, NULL, 'GHSS Chitor', '', '', 1, 0, '0000', ''),
(2110236, 'Muhammad Anees Khan', 'Aqal Zeb', 'Male', NULL, '03', NULL, NULL, NULL, NULL, NULL, 'GHSS Chitor', '', '', 1, 0, '0000', ''),
(2110237, 'Hamza Khan', 'Palash Khan', 'Male', NULL, '03', NULL, NULL, NULL, NULL, NULL, 'GHSS Chitor', '', '', 1, 0, '0000', ''),
(2110238, 'Muhammad Ishaq Bacha', 'Sabj Ali Khan', 'Male', NULL, '03', NULL, NULL, NULL, NULL, NULL, 'GHSS Chitor', '', '', 1, 0, '0000', ''),
(2110239, 'Razaq Haider', 'Amir Haider', 'Male', NULL, '03', NULL, NULL, NULL, NULL, NULL, 'GHSS Chitor', '', '', 1, 0, '0000', ''),
(2110240, 'Yasir Ullah', 'Sultan', 'Male', NULL, '03', NULL, NULL, NULL, NULL, NULL, 'GHSS Chitor', '', '', 1, 0, '0000', ''),
(2110241, 'Wali Khan', 'Khan', 'Male', NULL, '03', NULL, NULL, NULL, NULL, NULL, 'GHSS Chitor', '', '', 1, 0, '0000', ''),
(2110242, 'Niaz Muhammad', 'Yousaf Khan', 'Male', NULL, '03', NULL, NULL, NULL, NULL, NULL, 'GHSS Chitor', '', '', 1, 0, '0000', ''),
(2110243, 'Azizullah', 'Wazir', 'Male', NULL, '03', NULL, NULL, NULL, NULL, NULL, 'GHSS Chitor', '', '', 1, 0, '0000', ''),
(2110244, 'Abdullah', 'Fazal Akbar', 'Male', NULL, '03', NULL, NULL, NULL, NULL, NULL, 'GHSS Chitor', '', '', 1, 0, '0000', ''),
(2110245, 'Roman Ali', 'Muhammad Bacha', 'Male', NULL, '03', NULL, NULL, NULL, NULL, NULL, 'GHSS Chitor', '', '', 1, 0, '0000', ''),
(2110246, 'Aqal Khan', 'Afzal Khan', 'Male', NULL, '03', NULL, NULL, NULL, NULL, NULL, 'GHSS Chitor', '', '', 1, 0, '0000', ''),
(2110247, 'Muhammad Abrar', 'Muzafar Khan', 'Male', NULL, '03', NULL, NULL, NULL, NULL, NULL, 'GHSS Chitor', '', '', 1, 0, '0000', ''),
(2110248, 'Kamil Khan', 'Alam Khan', 'Male', NULL, '03', NULL, NULL, NULL, NULL, NULL, 'GHSS Chitor', '', '', 1, 0, '0000', ''),
(2110249, 'Azaz Hussain', 'Bakht Hussain', 'Male', NULL, '03', NULL, NULL, NULL, NULL, NULL, 'GHSS Chitor', '', '', 1, 0, '0000', ''),
(2110250, 'Asad Ullah', 'Sherin Buhar', 'Male', NULL, '03', NULL, NULL, NULL, NULL, NULL, 'GHSS Chitor', '', '', 1, 0, '0000', ''),
(2110251, 'Razi Khan', 'Dost Muhammad Khan', 'Male', NULL, '03', NULL, NULL, NULL, NULL, NULL, 'GHSS Chitor', '', '', 1, 0, '0000', ''),
(2110252, 'Sajjad Ali', 'Amin Khan', 'Male', NULL, '03', NULL, NULL, NULL, NULL, NULL, 'GHSS Chitor', '', '', 1, 0, '0000', '');

-- --------------------------------------------------------

--
-- Table structure for table `subjects`
--

CREATE TABLE `subjects` (
  `Id` int(11) NOT NULL,
  `Name` varchar(30) NOT NULL,
  `Status` tinyint(4) NOT NULL DEFAULT 1
) ENGINE=InnoDB DEFAULT CHARSET=latin1 COLLATE=latin1_swedish_ci;

--
-- Dumping data for table `subjects`
--

INSERT INTO `subjects` (`Id`, `Name`, `Status`) VALUES
(1, 'English', 1),
(2, 'Urdu', 1),
(3, 'Maths', 1),
(4, 'Islamyat', 1),
(5, 'Pak Study', 1),
(6, 'Physics', 1),
(7, 'Chemistry', 1),
(8, 'Biology', 1),
(9, 'Computer Science', 1),
(10, 'Social Study', 1),
(11, 'General Science', 1),
(12, 'Pashto', 1),
(13, 'History And Geography', 1),
(14, 'Mutalia Quran', 1),
(15, 'Hpe', 1),
(16, 'Drawing', 1),
(17, 'Arabic', 1),
(18, 'History', 1),
(19, 'Geography', 1);

-- --------------------------------------------------------

--
-- Table structure for table `subject_teacher`
--

CREATE TABLE `subject_teacher` (
  `Id` int(11) NOT NULL,
  `Class_Subject_Id` int(11) NOT NULL,
  `Teacher_Id` int(11) NOT NULL,
  `Status` int(1) NOT NULL DEFAULT 1
) ENGINE=InnoDB DEFAULT CHARSET=utf8mb4 COLLATE=utf8mb4_general_ci;

--
-- Dumping data for table `subject_teacher`
--

INSERT INTO `subject_teacher` (`Id`, `Class_Subject_Id`, `Teacher_Id`, `Status`) VALUES
(1, 65, 7, 1),
(2, 66, 7, 1),
(3, 51, 27, 1),
(4, 9, 9, 1),
(7, 26, 12, 1),
(8, 32, 12, 1),
(9, 41, 5, 1),
(10, 2, 18, 1),
(11, 15, 10, 1),
(12, 19, 17, 1),
(13, 14, 12, 1),
(14, 3, 10, 1),
(16, 1, 22, 1),
(17, 21, 9, 1),
(18, 74, 5, 1),
(19, 88, 5, 1),
(20, 37, 6, 1),
(21, 28, 19, 1),
(22, 7, 17, 1),
(24, 25, 22, 1),
(25, 38, 14, 1),
(26, 5, 2, 1),
(27, 17, 2, 1),
(30, 33, 16, 1),
(31, 43, 9, 1),
(33, 8, 27, 1),
(36, 10, 16, 1),
(37, 16, 16, 1),
(38, 22, 16, 1),
(39, 20, 27, 1),
(40, 13, 22, 1),
(41, 24, 24, 1),
(42, 12, 24, 1),
(43, 27, 10, 1),
(44, 31, 18, 1),
(45, 29, 2, 1),
(46, 30, 17, 1),
(47, 36, 18, 1),
(48, 44, 19, 1),
(49, 42, 19, 1),
(50, 46, 24, 1),
(51, 39, 19, 1),
(52, 83, 14, 1),
(53, 82, 28, 1),
(54, 52, 28, 1),
(55, 89, 5, 1),
(56, 54, 5, 1),
(57, 35, 24, 1),
(58, 53, 25, 1),
(59, 40, 2, 1),
(60, 84, 25, 1),
(61, 85, 25, 1),
(62, 48, 6, 1),
(63, 94, 19, 1),
(64, 81, 27, 1),
(65, 90, 23, 1),
(66, 78, 24, 1),
(67, 4, 24, 1),
(68, 170, 19, 1);

-- --------------------------------------------------------

--
-- Table structure for table `tab_index`
--

CREATE TABLE `tab_index` (
  `Tab_index_id` int(11) NOT NULL,
  `English` int(11) NOT NULL,
  `Urdu` int(11) NOT NULL,
  `Maths` int(11) NOT NULL,
  `Hpe` int(11) NOT NULL,
  `Nazira` int(11) NOT NULL,
  `Science` int(11) NOT NULL,
  `Arabic` int(11) NOT NULL,
  `Islamyat` int(11) NOT NULL,
  `History` int(11) NOT NULL,
  `Computer` int(11) NOT NULL,
  `Mutalia` int(11) NOT NULL,
  `Qirat` int(11) NOT NULL,
  `Drawing` int(11) NOT NULL,
  `Social` int(2) NOT NULL DEFAULT 0,
  `Pashto` int(2) NOT NULL DEFAULT 0,
  `Biology` int(2) NOT NULL,
  `Chemistry` int(2) NOT NULL,
  `Physics` int(2) NOT NULL,
  `Geography` int(2) NOT NULL
) ENGINE=MyISAM DEFAULT CHARSET=latin1 COLLATE=latin1_swedish_ci;

--
-- Dumping data for table `tab_index`
--

INSERT INTO `tab_index` (`Tab_index_id`, `English`, `Urdu`, `Maths`, `Hpe`, `Nazira`, `Science`, `Arabic`, `Islamyat`, `History`, `Computer`, `Mutalia`, `Qirat`, `Drawing`, `Social`, `Pashto`, `Biology`, `Chemistry`, `Physics`, `Geography`) VALUES
(1, 1, 2, 3, 0, 0, 0, 0, 4, 0, 0, 9, 0, 0, 5, 0, 8, 7, 6, 0);

--
-- Indexes for dumped tables
--

--
-- Indexes for table `class_subjects`
--
ALTER TABLE `class_subjects`
  ADD PRIMARY KEY (`Id`),
  ADD UNIQUE KEY `uqSchool_Class_Subject` (`School_Id`,`Class_Id`,`Subject_Id`),
  ADD KEY `class_id_reference` (`Class_Id`),
  ADD KEY `subject_id_reference` (`Subject_Id`);

--
-- Indexes for table `employees`
--
ALTER TABLE `employees`
  ADD PRIMARY KEY (`Id`);

--
-- Indexes for table `exam_committee`
--
ALTER TABLE `exam_committee`
  ADD PRIMARY KEY (`Id`),
  ADD UNIQUE KEY `unique` (`Member_Id`);

--
-- Indexes for table `header_msgs`
--
ALTER TABLE `header_msgs`
  ADD PRIMARY KEY (`Id`);

--
-- Indexes for table `login`
--
ALTER TABLE `login`
  ADD PRIMARY KEY (`Id`),
  ADD UNIQUE KEY `username` (`User_Name`),
  ADD KEY `Employee_Id` (`Employee_Id`);

--
-- Indexes for table `marks`
--
ALTER TABLE `marks`
  ADD PRIMARY KEY (`Serial_No`),
  ADD UNIQUE KEY `forign` (`Roll_No`);

--
-- Indexes for table `mobile_nos`
--
ALTER TABLE `mobile_nos`
  ADD PRIMARY KEY (`Id`),
  ADD KEY `Roll_No` (`Roll_No`);

--
-- Indexes for table `position`
--
ALTER TABLE `position`
  ADD PRIMARY KEY (`Serial_No`),
  ADD UNIQUE KEY `po` (`Roll_No`);

--
-- Indexes for table `schools`
--
ALTER TABLE `schools`
  ADD PRIMARY KEY (`Id`);

--
-- Indexes for table `school_classes`
--
ALTER TABLE `school_classes`
  ADD PRIMARY KEY (`Id`),
  ADD UNIQUE KEY `unique_index` (`Name`,`School_Id`),
  ADD KEY `school_id` (`School_Id`);

--
-- Indexes for table `setting`
--
ALTER TABLE `setting`
  ADD PRIMARY KEY (`User_Id`),
  ADD KEY `selected_school` (`Selected_School_Id`),
  ADD KEY `selected_class` (`Selected_Class_Id`);

--
-- Indexes for table `students_info`
--
ALTER TABLE `students_info`
  ADD PRIMARY KEY (`Roll_No`),
  ADD UNIQUE KEY `uniqe_adm` (`Admission_No`),
  ADD UNIQUE KEY `High_Admission_No` (`Admission_No_High`);

--
-- Indexes for table `subjects`
--
ALTER TABLE `subjects`
  ADD PRIMARY KEY (`Id`);

--
-- Indexes for table `subject_teacher`
--
ALTER TABLE `subject_teacher`
  ADD PRIMARY KEY (`Id`),
  ADD UNIQUE KEY `Class_Subject_Id` (`Class_Subject_Id`),
  ADD KEY `class_subject` (`Class_Subject_Id`),
  ADD KEY `subject_teacher` (`Teacher_Id`);

--
-- Indexes for table `tab_index`
--
ALTER TABLE `tab_index`
  ADD PRIMARY KEY (`Tab_index_id`);

--
-- AUTO_INCREMENT for dumped tables
--

--
-- AUTO_INCREMENT for table `class_subjects`
--
ALTER TABLE `class_subjects`
  MODIFY `Id` int(11) NOT NULL AUTO_INCREMENT, AUTO_INCREMENT=193;

--
-- AUTO_INCREMENT for table `employees`
--
ALTER TABLE `employees`
  MODIFY `Id` int(2) NOT NULL AUTO_INCREMENT, AUTO_INCREMENT=29;

--
-- AUTO_INCREMENT for table `header_msgs`
--
ALTER TABLE `header_msgs`
  MODIFY `Id` int(11) NOT NULL AUTO_INCREMENT, AUTO_INCREMENT=9;

--
-- AUTO_INCREMENT for table `login`
--
ALTER TABLE `login`
  MODIFY `Id` int(11) NOT NULL AUTO_INCREMENT, AUTO_INCREMENT=29;

--
-- AUTO_INCREMENT for table `marks`
--
ALTER TABLE `marks`
  MODIFY `Serial_No` int(11) NOT NULL AUTO_INCREMENT, AUTO_INCREMENT=771;

--
-- AUTO_INCREMENT for table `mobile_nos`
--
ALTER TABLE `mobile_nos`
  MODIFY `Id` int(11) NOT NULL AUTO_INCREMENT, AUTO_INCREMENT=3;

--
-- AUTO_INCREMENT for table `position`
--
ALTER TABLE `position`
  MODIFY `Serial_No` int(11) NOT NULL AUTO_INCREMENT;

--
-- AUTO_INCREMENT for table `schools`
--
ALTER TABLE `schools`
  MODIFY `Id` int(11) NOT NULL AUTO_INCREMENT, AUTO_INCREMENT=8;

--
-- AUTO_INCREMENT for table `school_classes`
--
ALTER TABLE `school_classes`
  MODIFY `Id` int(11) NOT NULL AUTO_INCREMENT, AUTO_INCREMENT=32;

--
-- AUTO_INCREMENT for table `subjects`
--
ALTER TABLE `subjects`
  MODIFY `Id` int(11) NOT NULL AUTO_INCREMENT, AUTO_INCREMENT=20;

--
-- AUTO_INCREMENT for table `subject_teacher`
--
ALTER TABLE `subject_teacher`
  MODIFY `Id` int(11) NOT NULL AUTO_INCREMENT, AUTO_INCREMENT=69;

--
-- AUTO_INCREMENT for table `tab_index`
--
ALTER TABLE `tab_index`
  MODIFY `Tab_index_id` int(11) NOT NULL AUTO_INCREMENT, AUTO_INCREMENT=2;

--
-- Constraints for dumped tables
--

--
-- Constraints for table `class_subjects`
--
ALTER TABLE `class_subjects`
  ADD CONSTRAINT `class_id` FOREIGN KEY (`Class_Id`) REFERENCES `school_classes` (`Id`),
  ADD CONSTRAINT `class_subjects_ibfk_1` FOREIGN KEY (`School_Id`) REFERENCES `schools` (`Id`),
  ADD CONSTRAINT `subject_id` FOREIGN KEY (`Subject_Id`) REFERENCES `subjects` (`Id`);

--
-- Constraints for table `exam_committee`
--
ALTER TABLE `exam_committee`
  ADD CONSTRAINT `member_id` FOREIGN KEY (`Member_Id`) REFERENCES `employees` (`Id`);

--
-- Constraints for table `login`
--
ALTER TABLE `login`
  ADD CONSTRAINT `emp_id` FOREIGN KEY (`Employee_Id`) REFERENCES `employees` (`Id`);

--
-- Constraints for table `marks`
--
ALTER TABLE `marks`
  ADD CONSTRAINT `forkey` FOREIGN KEY (`Roll_No`) REFERENCES `students_info` (`Roll_No`) ON UPDATE CASCADE;

--
-- Constraints for table `mobile_nos`
--
ALTER TABLE `mobile_nos`
  ADD CONSTRAINT `mobile_nos_ibfk_1` FOREIGN KEY (`Roll_No`) REFERENCES `students_info` (`Roll_No`) ON DELETE CASCADE ON UPDATE CASCADE;

--
-- Constraints for table `school_classes`
--
ALTER TABLE `school_classes`
  ADD CONSTRAINT `school_id` FOREIGN KEY (`School_Id`) REFERENCES `schools` (`Id`);

--
-- Constraints for table `setting`
--
ALTER TABLE `setting`
  ADD CONSTRAINT `selected_class` FOREIGN KEY (`Selected_Class_Id`) REFERENCES `school_classes` (`Id`),
  ADD CONSTRAINT `selected_school` FOREIGN KEY (`Selected_School_Id`) REFERENCES `schools` (`Id`),
  ADD CONSTRAINT `user_id` FOREIGN KEY (`User_Id`) REFERENCES `employees` (`Id`);

--
-- Constraints for table `subject_teacher`
--
ALTER TABLE `subject_teacher`
  ADD CONSTRAINT `class_subject_fk` FOREIGN KEY (`Class_Subject_Id`) REFERENCES `class_subjects` (`Id`),
  ADD CONSTRAINT `teacher_id` FOREIGN KEY (`Teacher_Id`) REFERENCES `employees` (`Id`);
COMMIT;

/*!40101 SET CHARACTER_SET_CLIENT=@OLD_CHARACTER_SET_CLIENT */;
/*!40101 SET CHARACTER_SET_RESULTS=@OLD_CHARACTER_SET_RESULTS */;
/*!40101 SET COLLATION_CONNECTION=@OLD_COLLATION_CONNECTION */;
