-- phpMyAdmin SQL Dump
-- version 5.1.1
-- https://www.phpmyadmin.net/
--
-- Host: 127.0.0.1:3306
-- Generation Time: Jun 21, 2022 at 05:29 AM
-- Server version: 5.7.36
-- PHP Version: 7.4.26

SET SQL_MODE = "NO_AUTO_VALUE_ON_ZERO";
START TRANSACTION;
SET time_zone = "+00:00";


/*!40101 SET @OLD_CHARACTER_SET_CLIENT=@@CHARACTER_SET_CLIENT */;
/*!40101 SET @OLD_CHARACTER_SET_RESULTS=@@CHARACTER_SET_RESULTS */;
/*!40101 SET @OLD_COLLATION_CONNECTION=@@COLLATION_CONNECTION */;
/*!40101 SET NAMES utf8mb4 */;

--
-- Database: `chitor_db`
--

-- --------------------------------------------------------

--
-- Table structure for table `employee`
--

DROP TABLE IF EXISTS `employee`;
CREATE TABLE IF NOT EXISTS `employee` (
  `employee_id` int(11) NOT NULL AUTO_INCREMENT,
  `employee_pno` int(11) NOT NULL,
  `employee_name` varchar(50) NOT NULL,
  `employee_Fname` varchar(50) NOT NULL,
  `employee_designation` varchar(20) NOT NULL,
  `employee_mac` varchar(17) NOT NULL,
  `emmployee_mob` varchar(12) NOT NULL DEFAULT '03',
  PRIMARY KEY (`employee_id`)
) ENGINE=InnoDB DEFAULT CHARSET=latin1;

-- --------------------------------------------------------

--
-- Table structure for table `marks`
--

DROP TABLE IF EXISTS `marks`;
CREATE TABLE IF NOT EXISTS `marks` (
  `Serial_No` int(11) NOT NULL AUTO_INCREMENT,
  `Roll_No` int(11) NOT NULL,
  `English_Marks` int(11) NOT NULL DEFAULT '0',
  `Urdu_Marks` int(11) NOT NULL DEFAULT '0',
  `Maths_Marks` int(11) NOT NULL DEFAULT '0',
  `Science_Marks` int(11) NOT NULL DEFAULT '0',
  `Hpe_Marks` int(11) NOT NULL DEFAULT '0',
  `Nazira_Marks` int(11) NOT NULL DEFAULT '0',
  `History_Marks` int(11) NOT NULL DEFAULT '0',
  `Drawing_Marks` int(11) NOT NULL DEFAULT '0',
  `Islamyat_Marks` int(11) NOT NULL DEFAULT '0',
  `Computer_Marks` int(11) NOT NULL DEFAULT '0',
  `Arabic_Marks` int(11) NOT NULL DEFAULT '0',
  `Mutalia_Marks` int(11) NOT NULL DEFAULT '0',
  `Qirat_Marks` int(11) NOT NULL DEFAULT '0',
  PRIMARY KEY (`Serial_No`),
  UNIQUE KEY `forign` (`Roll_No`)
) ENGINE=InnoDB AUTO_INCREMENT=206 DEFAULT CHARSET=latin1;

--
-- Dumping data for table `marks`
--

INSERT INTO `marks` (`Serial_No`, `Roll_No`, `English_Marks`, `Urdu_Marks`, `Maths_Marks`, `Science_Marks`, `Hpe_Marks`, `Nazira_Marks`, `History_Marks`, `Drawing_Marks`, `Islamyat_Marks`, `Computer_Marks`, `Arabic_Marks`, `Mutalia_Marks`, `Qirat_Marks`) VALUES
(7, 2161, 0, 47, 0, 0, 0, 0, 0, 0, 0, 0, 96, 0, 0),
(8, 2162, 0, 14, 0, 0, 0, 0, 0, 0, 0, 0, 56, 0, 0),
(9, 2163, 0, 22, 0, 0, 0, 0, 0, 0, 0, 0, 65, 0, 0),
(10, 2164, 0, 21, 0, 0, 0, 0, 0, 0, 0, 0, 61, 0, 0),
(11, 2165, 0, 13, 0, 0, 0, 0, 0, 0, 0, 0, 26, 0, 0),
(12, 2166, 0, 33, 0, 0, 0, 0, 0, 0, 0, 0, 83, 0, 0),
(13, 2169, 0, 46, 0, 0, 0, 0, 0, 0, 0, 0, 69, 0, 0),
(14, 2168, 0, 49, 0, 0, 0, 0, 0, 0, 0, 0, 98, 0, 0),
(15, 21610, 0, 40, 0, 0, 0, 0, 0, 0, 0, 0, 93, 0, 0),
(16, 21611, 0, 28, 0, 0, 0, 0, 0, 0, 0, 0, 42, 0, 0),
(17, 21612, 0, 59, 0, 0, 0, 0, 0, 0, 0, 0, 98, 0, 0),
(18, 21613, 0, 28, 0, 0, 0, 0, 0, 0, 0, 0, 38, 0, 0),
(19, 21614, 0, 16, 0, 0, 0, 0, 0, 0, 0, 0, 35, 0, 0),
(20, 21615, 0, 60, 0, 0, 0, 0, 0, 0, 0, 0, 99, 0, 0),
(21, 21616, 0, 26, 0, 0, 0, 0, 0, 0, 0, 0, 51, 0, 0),
(22, 21617, 0, 4, 0, 0, 0, 0, 0, 0, 0, 0, 42, 0, 0),
(23, 21618, 0, 42, 0, 0, 0, 0, 0, 0, 0, 0, 70, 0, 0),
(24, 21619, 0, 4, 0, 0, 0, 0, 0, 0, 0, 0, 27, 0, 0),
(25, 21620, 0, 33, 0, 0, 0, 0, 0, 0, 0, 0, 71, 0, 0),
(26, 21621, 0, 64, 0, 0, 0, 0, 0, 0, 0, 0, 98, 0, 0),
(27, 21622, 0, 54, 0, 0, 0, 0, 0, 0, 0, 0, 93, 0, 0),
(28, 21623, 0, 26, 0, 0, 0, 0, 0, 0, 0, 0, 94, 0, 0),
(29, 21624, 0, 26, 0, 0, 0, 0, 0, 0, 0, 0, 98, 0, 0),
(30, 21625, 0, 48, 0, 0, 0, 0, 0, 0, 0, 0, 94, 0, 0),
(31, 21626, 0, 50, 0, 0, 0, 0, 0, 0, 0, 0, 98, 0, 0),
(32, 21627, 0, 62, 0, 0, 0, 0, 0, 0, 0, 0, 98, 0, 0),
(33, 21628, 0, 95, 0, 0, 0, 0, 0, 0, 0, 0, 98, 0, 0),
(34, 21629, 0, 58, 0, 0, 0, 0, 0, 0, 0, 0, 95, 0, 0),
(35, 21630, 0, 43, 0, 0, 0, 0, 0, 0, 0, 0, 86, 0, 0),
(36, 21631, 0, 66, 0, 0, 0, 0, 0, 0, 0, 0, 98, 0, 0),
(37, 21632, 0, 63, 0, 0, 0, 0, 0, 0, 0, 0, 71, 0, 0),
(38, 21633, 0, 37, 0, 0, 0, 0, 0, 0, 0, 0, 45, 0, 0),
(39, 21634, 0, 8, 0, 0, 0, 0, 0, 0, 0, 0, 13, 0, 0),
(40, 21635, 0, 35, 0, 0, 0, 0, 0, 0, 0, 0, 89, 0, 0),
(41, 21636, 0, 69, 0, 0, 0, 0, 0, 0, 0, 0, 98, 0, 0),
(42, 21637, 0, 9, 0, 0, 0, 0, 0, 0, 0, 0, 10, 0, 0),
(43, 21638, 0, 4, 0, 0, 0, 0, 0, 0, 0, 0, 15, 0, 0),
(44, 21639, 0, 10, 0, 0, 0, 0, 0, 0, 0, 0, 20, 0, 0),
(45, 21640, 0, 35, 0, 0, 0, 0, 0, 0, 0, 0, 20, 0, 0),
(46, 21642, 0, 0, 0, 0, 0, 0, 0, 0, 0, 0, 0, 0, 0),
(47, 21645, 0, 48, 0, 0, 0, 0, 0, 0, 0, 0, 90, 0, 0),
(48, 21646, 0, 9, 0, 0, 0, 0, 0, 0, 0, 0, 18, 0, 0),
(49, 21648, 0, 65, 0, 0, 0, 0, 0, 0, 0, 0, 98, 0, 0),
(50, 21649, 0, 53, 0, 0, 0, 0, 0, 0, 0, 0, 99, 0, 0),
(51, 21650, 0, 33, 0, 0, 0, 0, 0, 0, 0, 0, 82, 0, 0),
(52, 2181, 25, 0, 0, 0, 40, 0, 0, 0, 0, 0, 0, 0, 0),
(53, 2182, 8, 0, 0, 0, 33, 0, 0, 0, 0, 0, 0, 0, 0),
(54, 2183, 14, 0, 0, 0, 38, 0, 0, 0, 0, 0, 0, 0, 0),
(55, 2184, 33, 0, 0, 0, 33, 0, 0, 0, 0, 0, 0, 0, 0),
(56, 2187, 6, 0, 0, 0, 17, 0, 0, 0, 0, 0, 0, 0, 0),
(57, 2188, 47, 0, 0, 0, 62, 0, 0, 0, 0, 0, 0, 0, 0),
(58, 2189, 33, 0, 0, 0, 46, 0, 0, 0, 0, 0, 0, 0, 0),
(59, 21810, 49, 0, 0, 0, 58, 0, 0, 0, 0, 0, 0, 0, 0),
(60, 21811, 50, 0, 0, 0, 60, 0, 0, 0, 0, 0, 0, 0, 0),
(61, 21812, 42, 0, 0, 0, 33, 0, 0, 0, 0, 0, 0, 0, 0),
(62, 21813, 19, 0, 0, 0, 38, 0, 0, 0, 0, 0, 0, 0, 0),
(63, 21814, 16, 0, 0, 0, 13, 0, 0, 0, 0, 0, 0, 0, 0),
(64, 21815, 22, 0, 0, 0, 38, 0, 0, 0, 0, 0, 0, 0, 0),
(65, 21816, 52, 0, 0, 0, 33, 0, 0, 0, 0, 0, 0, 0, 0),
(66, 21817, 33, 0, 0, 0, 35, 0, 0, 0, 0, 0, 0, 0, 0),
(67, 21818, 23, 0, 0, 0, 21, 0, 0, 0, 0, 0, 0, 0, 0),
(68, 21819, 24, 0, 0, 0, 30, 0, 0, 0, 0, 0, 0, 0, 0),
(69, 21820, 39, 0, 0, 0, 53, 0, 0, 0, 0, 0, 0, 0, 0),
(70, 21821, 30, 0, 0, 0, 35, 0, 0, 0, 0, 0, 0, 0, 0),
(71, 21822, 22, 0, 0, 0, 15, 0, 0, 0, 0, 0, 0, 0, 0),
(72, 21823, 47, 0, 0, 0, 57, 0, 0, 0, 0, 0, 0, 0, 0),
(73, 21824, 26, 0, 0, 0, 33, 0, 0, 0, 0, 0, 0, 0, 0),
(74, 21825, 0, 0, 0, 0, 58, 0, 0, 0, 0, 0, 0, 0, 0),
(75, 21826, 0, 0, 0, 0, 38, 0, 0, 0, 0, 0, 0, 0, 0),
(76, 21827, 59, 0, 0, 0, 70, 0, 0, 0, 0, 0, 0, 0, 0),
(77, 21828, 23, 0, 0, 0, 33, 0, 0, 0, 0, 0, 0, 0, 0),
(78, 21829, 50, 0, 0, 0, 37, 0, 0, 0, 0, 0, 0, 0, 0),
(79, 21830, 15, 0, 0, 0, 20, 0, 0, 0, 0, 0, 0, 0, 0),
(80, 21831, 33, 0, 0, 0, 33, 0, 0, 0, 0, 0, 0, 0, 0),
(82, 21832, 28, 0, 0, 0, 18, 0, 0, 0, 0, 0, 0, 0, 0),
(83, 21833, 44, 0, 0, 0, 48, 0, 0, 0, 0, 0, 0, 0, 0),
(84, 21834, 33, 0, 0, 0, 28, 0, 0, 0, 0, 0, 0, 0, 0),
(85, 21835, 16, 0, 0, 0, 13, 0, 0, 0, 0, 0, 0, 0, 0),
(86, 21836, 37, 0, 0, 0, 45, 0, 0, 0, 0, 0, 0, 0, 0),
(87, 21837, 36, 0, 0, 0, 35, 0, 0, 0, 0, 0, 0, 0, 0),
(88, 21838, 3, 0, 0, 0, 10, 0, 0, 0, 0, 0, 0, 0, 0),
(89, 21839, 54, 0, 0, 0, 8, 0, 0, 0, 0, 0, 0, 0, 0),
(90, 21840, 0, 0, 0, 0, 47, 0, 0, 0, 0, 0, 0, 0, 0),
(91, 21841, 7, 0, 0, 0, 10, 0, 0, 0, 0, 0, 0, 0, 0),
(92, 21842, 0, 0, 0, 0, 8, 0, 0, 0, 0, 0, 0, 0, 0),
(93, 301, 9, 0, 0, 0, 0, 0, 0, 0, 0, 0, 0, 0, 0),
(94, 302, 22, 0, 0, 0, 0, 0, 0, 0, 0, 0, 0, 0, 0),
(95, 303, 12, 0, 0, 0, 0, 0, 0, 0, 0, 0, 0, 0, 0),
(96, 304, 12, 0, 0, 0, 0, 0, 0, 0, 0, 0, 0, 0, 0),
(97, 305, 20, 0, 0, 0, 0, 0, 0, 0, 0, 0, 0, 0, 0),
(98, 306, 46, 0, 0, 0, 0, 0, 0, 0, 0, 0, 0, 0, 0),
(99, 307, 18, 0, 0, 0, 0, 0, 0, 0, 0, 0, 0, 0, 0),
(100, 308, 22, 0, 0, 0, 0, 0, 0, 0, 0, 0, 0, 0, 0),
(101, 309, 14, 0, 0, 0, 0, 0, 0, 0, 0, 0, 0, 0, 0),
(102, 310, 35, 0, 0, 0, 0, 0, 0, 0, 0, 0, 0, 0, 0),
(103, 311, 23, 0, 0, 0, 0, 0, 0, 0, 0, 0, 0, 0, 0),
(104, 312, 20, 0, 0, 0, 0, 0, 0, 0, 0, 0, 0, 0, 0),
(105, 313, 33, 0, 0, 0, 0, 0, 0, 0, 0, 0, 0, 0, 0),
(106, 314, 13, 0, 0, 0, 0, 0, 0, 0, 0, 0, 0, 0, 0),
(107, 315, 14, 0, 0, 0, 0, 0, 0, 0, 0, 0, 0, 0, 0),
(108, 316, 25, 0, 0, 0, 0, 0, 0, 0, 0, 0, 0, 0, 0),
(109, 317, 12, 0, 0, 0, 0, 0, 0, 0, 0, 0, 0, 0, 0),
(110, 318, 14, 0, 0, 0, 0, 0, 0, 0, 0, 0, 0, 0, 0),
(111, 319, 15, 0, 0, 0, 0, 0, 0, 0, 0, 0, 0, 0, 0),
(112, 320, 17, 0, 0, 0, 0, 0, 0, 0, 0, 0, 0, 0, 0),
(113, 321, 22, 0, 0, 0, 0, 0, 0, 0, 0, 0, 0, 0, 0),
(114, 322, 22, 0, 0, 0, 0, 0, 0, 0, 0, 0, 0, 0, 0),
(115, 323, 10, 0, 0, 0, 0, 0, 0, 0, 0, 0, 0, 0, 0),
(116, 324, 10, 0, 0, 0, 0, 0, 0, 0, 0, 0, 0, 0, 0),
(117, 325, 4, 0, 0, 0, 0, 0, 0, 0, 0, 0, 0, 0, 0),
(118, 326, 20, 0, 0, 0, 0, 0, 0, 0, 0, 0, 0, 0, 0),
(119, 327, 0, 0, 0, 0, 0, 0, 0, 0, 0, 0, 0, 0, 0),
(120, 328, 8, 0, 0, 0, 0, 0, 0, 0, 0, 0, 0, 0, 0),
(121, 329, 4, 0, 0, 0, 0, 0, 0, 0, 0, 0, 0, 0, 0),
(122, 330, 4, 0, 0, 0, 0, 0, 0, 0, 0, 0, 0, 0, 0),
(123, 331, 12, 0, 0, 0, 0, 0, 0, 0, 0, 0, 0, 0, 0),
(124, 332, 6, 0, 0, 0, 0, 0, 0, 0, 0, 0, 0, 0, 0),
(125, 333, 14, 0, 0, 0, 0, 0, 0, 0, 0, 0, 0, 0, 0),
(126, 334, 17, 0, 0, 0, 0, 0, 0, 0, 0, 0, 0, 0, 0),
(127, 335, 8, 0, 0, 0, 0, 0, 0, 0, 0, 0, 0, 0, 0),
(128, 336, 13, 0, 0, 0, 0, 0, 0, 0, 0, 0, 0, 0, 0),
(129, 337, 24, 0, 0, 0, 0, 0, 0, 0, 0, 0, 0, 0, 0),
(130, 350, 18, 0, 0, 0, 0, 0, 0, 0, 0, 0, 0, 0, 0),
(131, 351, 8, 0, 0, 0, 0, 0, 0, 0, 0, 0, 0, 0, 0),
(132, 352, 53, 0, 0, 0, 0, 0, 0, 0, 0, 0, 0, 0, 0),
(133, 353, 17, 0, 0, 0, 0, 0, 0, 0, 0, 0, 0, 0, 0),
(134, 354, 12, 0, 0, 0, 0, 0, 0, 0, 0, 0, 0, 0, 0),
(135, 355, 10, 0, 0, 0, 0, 0, 0, 0, 0, 0, 0, 0, 0),
(136, 356, 11, 0, 0, 0, 0, 0, 0, 0, 0, 0, 0, 0, 0),
(137, 357, 22, 0, 0, 0, 0, 0, 0, 0, 0, 0, 0, 0, 0),
(138, 358, 20, 0, 0, 0, 0, 0, 0, 0, 0, 0, 0, 0, 0),
(139, 359, 35, 0, 0, 0, 0, 0, 0, 0, 0, 0, 0, 0, 0),
(140, 360, 48, 0, 0, 0, 0, 0, 0, 0, 0, 0, 0, 0, 0),
(141, 361, 63, 0, 0, 0, 0, 0, 0, 0, 0, 0, 0, 0, 0),
(142, 362, 25, 0, 0, 0, 0, 0, 0, 0, 0, 0, 0, 0, 0),
(143, 363, 56, 0, 0, 0, 0, 0, 0, 0, 0, 0, 0, 0, 0),
(144, 364, 13, 0, 0, 0, 0, 0, 0, 0, 0, 0, 0, 0, 0),
(145, 365, 5, 0, 0, 0, 0, 0, 0, 0, 0, 0, 0, 0, 0),
(146, 366, 33, 0, 0, 0, 0, 0, 0, 0, 0, 0, 0, 0, 0),
(147, 367, 16, 0, 0, 0, 0, 0, 0, 0, 0, 0, 0, 0, 0),
(148, 368, 21, 0, 0, 0, 0, 0, 0, 0, 0, 0, 0, 0, 0),
(149, 369, 25, 0, 0, 0, 0, 0, 0, 0, 0, 0, 0, 0, 0),
(150, 370, 14, 0, 0, 0, 0, 0, 0, 0, 0, 0, 0, 0, 0),
(151, 371, 33, 0, 0, 0, 0, 0, 0, 0, 0, 0, 0, 0, 0),
(152, 372, 33, 0, 0, 0, 0, 0, 0, 0, 0, 0, 0, 0, 0),
(153, 373, 34, 0, 0, 0, 0, 0, 0, 0, 0, 0, 0, 0, 0),
(154, 374, 44, 0, 0, 0, 0, 0, 0, 0, 0, 0, 0, 0, 0),
(155, 375, 44, 0, 0, 0, 0, 0, 0, 0, 0, 0, 0, 0, 0),
(156, 376, 24, 0, 0, 0, 0, 0, 0, 0, 0, 0, 0, 0, 0),
(157, 377, 10, 0, 0, 0, 0, 0, 0, 0, 0, 0, 0, 0, 0),
(158, 378, 33, 0, 0, 0, 0, 0, 0, 0, 0, 0, 0, 0, 0),
(159, 379, 26, 0, 0, 0, 0, 0, 0, 0, 0, 0, 0, 0, 0),
(160, 380, 36, 0, 0, 0, 0, 0, 0, 0, 0, 0, 0, 0, 0),
(161, 382, 18, 0, 0, 0, 0, 0, 0, 0, 0, 0, 0, 0, 0),
(162, 383, 12, 0, 0, 0, 0, 0, 0, 0, 0, 0, 0, 0, 0),
(163, 384, 33, 0, 0, 0, 0, 0, 0, 0, 0, 0, 0, 0, 0),
(164, 385, 33, 0, 0, 0, 0, 0, 0, 0, 0, 0, 0, 0, 0),
(165, 386, 26, 0, 0, 0, 0, 0, 0, 0, 0, 0, 0, 0, 0),
(166, 387, 17, 0, 0, 0, 0, 0, 0, 0, 0, 0, 0, 0, 0),
(167, 388, 10, 0, 0, 0, 0, 0, 0, 0, 0, 0, 0, 0, 0),
(168, 389, 11, 0, 0, 0, 0, 0, 0, 0, 0, 0, 0, 0, 0),
(169, 390, 12, 0, 0, 0, 0, 0, 0, 0, 0, 0, 0, 0, 0),
(170, 391, 24, 0, 0, 0, 0, 0, 0, 0, 0, 0, 0, 0, 0),
(171, 392, 38, 0, 0, 0, 0, 0, 0, 0, 0, 0, 0, 0, 0),
(172, 393, 85, 0, 0, 0, 0, 0, 0, 0, 0, 0, 0, 0, 0),
(173, 394, 22, 0, 0, 0, 0, 0, 0, 0, 0, 0, 0, 0, 0),
(175, 395, 33, 0, 0, 0, 0, 0, 0, 0, 0, 0, 0, 0, 0),
(176, 21711, 0, 0, 26, 0, 0, 0, 0, 0, 0, 0, 0, 0, 0),
(177, 21712, 0, 0, 33, 0, 0, 0, 0, 0, 0, 0, 0, 0, 0),
(178, 21713, 0, 0, 33, 0, 0, 0, 0, 0, 0, 0, 0, 0, 0),
(179, 21714, 0, 0, 54, 0, 0, 0, 0, 0, 0, 0, 0, 0, 0),
(180, 21715, 0, 0, 52, 0, 0, 0, 0, 0, 0, 0, 0, 0, 0),
(181, 21716, 0, 0, 50, 0, 0, 0, 0, 0, 0, 0, 0, 0, 0),
(182, 21717, 0, 0, 66, 0, 0, 0, 0, 0, 0, 0, 0, 0, 0),
(183, 21718, 0, 0, 42, 0, 0, 0, 0, 0, 0, 0, 0, 0, 0),
(185, 217110, 0, 0, 36, 0, 0, 0, 0, 0, 0, 0, 0, 0, 0),
(186, 217111, 0, 0, 55, 0, 0, 0, 0, 0, 0, 0, 0, 0, 0),
(187, 217112, 0, 0, 69, 0, 0, 0, 0, 0, 0, 0, 0, 0, 0),
(188, 217113, 0, 0, 52, 0, 0, 0, 0, 0, 0, 0, 0, 0, 0),
(189, 217114, 0, 0, 58, 0, 0, 0, 0, 0, 0, 0, 0, 0, 0),
(190, 217115, 0, 0, 54, 0, 0, 0, 0, 0, 0, 0, 0, 0, 0),
(191, 217116, 0, 0, 57, 0, 0, 0, 0, 0, 0, 0, 0, 0, 0),
(192, 217117, 0, 0, 53, 0, 0, 0, 0, 0, 0, 0, 0, 0, 0),
(193, 217118, 0, 0, 24, 0, 0, 0, 0, 0, 0, 0, 0, 0, 0),
(194, 217119, 0, 0, 20, 0, 0, 0, 0, 0, 0, 0, 0, 0, 0),
(195, 217120, 0, 0, 56, 0, 0, 0, 0, 0, 0, 0, 0, 0, 0),
(196, 217121, 0, 0, 49, 0, 0, 0, 0, 0, 0, 0, 0, 0, 0),
(197, 217122, 0, 0, 30, 0, 0, 0, 0, 0, 0, 0, 0, 0, 0),
(198, 217123, 0, 0, 25, 0, 0, 0, 0, 0, 0, 0, 0, 0, 0),
(199, 217124, 0, 0, 33, 0, 0, 0, 0, 0, 0, 0, 0, 0, 0),
(200, 217125, 0, 0, 33, 0, 0, 0, 0, 0, 0, 0, 0, 0, 0),
(201, 217126, 0, 0, 22, 0, 0, 0, 0, 0, 0, 0, 0, 0, 0),
(202, 217127, 0, 0, 14, 0, 0, 0, 0, 0, 0, 0, 0, 0, 0),
(203, 217128, 0, 0, 28, 0, 0, 0, 0, 0, 0, 0, 0, 0, 0),
(204, 217129, 0, 0, 27, 0, 0, 0, 0, 0, 0, 0, 0, 0, 0);

-- --------------------------------------------------------

--
-- Table structure for table `position`
--

DROP TABLE IF EXISTS `position`;
CREATE TABLE IF NOT EXISTS `position` (
  `Serial_No` int(11) NOT NULL AUTO_INCREMENT,
  `Roll_No` int(11) NOT NULL,
  `Total_Marks` int(11) NOT NULL,
  PRIMARY KEY (`Serial_No`),
  UNIQUE KEY `po` (`Roll_No`)
) ENGINE=InnoDB DEFAULT CHARSET=latin1;

-- --------------------------------------------------------

--
-- Table structure for table `setting`
--

DROP TABLE IF EXISTS `setting`;
CREATE TABLE IF NOT EXISTS `setting` (
  `User_Id` int(11) NOT NULL,
  `User_Name` varchar(250) NOT NULL,
  `Class_Show` varchar(250) NOT NULL,
  `Class_Roll_No` int(11) NOT NULL
) ENGINE=InnoDB DEFAULT CHARSET=latin1;

-- --------------------------------------------------------

--
-- Table structure for table `students_info`
--

DROP TABLE IF EXISTS `students_info`;
CREATE TABLE IF NOT EXISTS `students_info` (
  `Roll_No` int(11) NOT NULL,
  `Name` varchar(100) NOT NULL,
  `FName` varchar(100) NOT NULL,
  `Mobile` varchar(12) NOT NULL DEFAULT '03',
  `School` varchar(200) NOT NULL DEFAULT 'GHSS CHITOR',
  `Class` enum('5th','6th A','6th B','7th','8th A','8th B','8th','10th A','10th B','9th A','9th B','6th','7th A','7th B') NOT NULL,
  `Class_Position` varchar(20) DEFAULT NULL,
  `Year` year(4) NOT NULL,
  `Status` int(11) NOT NULL DEFAULT '1',
  PRIMARY KEY (`Roll_No`)
) ENGINE=InnoDB DEFAULT CHARSET=latin1;

--
-- Dumping data for table `students_info`
--

INSERT INTO `students_info` (`Roll_No`, `Name`, `FName`, `Mobile`, `School`, `Class`, `Class_Position`, `Year`, `Status`) VALUES
(301, 'Ihsanullah', 'Akhtar Munir', '03', 'GMS Marghazar', '8th', NULL, 2022, 1),
(302, 'Abdul Basit', 'Fazal Qayum', '03', 'GMS Marghazar', '8th', NULL, 2022, 1),
(303, 'Sajjad Ali', 'Abdul Sattar', '03', 'GMS Marghazar', '8th', NULL, 2022, 1),
(304, 'Nizamuddin', 'Jehan Alam', '03', 'GMS Marghazar', '8th', NULL, 2022, 1),
(305, 'Ziwar Shah', 'Ahmad Ayaz', '03', 'GMS Marghazar', '8th', NULL, 2022, 1),
(306, 'Abid Ali', 'Sher Alam', '03', 'GMS Marghazar', '8th', NULL, 2022, 1),
(307, 'Maaz Khan', 'Rashid', '03', 'GMS Marghazar', '8th', NULL, 2022, 1),
(308, 'Hanifullah', 'Ikramullah', '03', 'GMS Marghazar', '8th', NULL, 2022, 1),
(309, 'Abdul Hamid', 'Abdul Sattar', '03', 'GMS Marghazar', '8th', NULL, 2022, 1),
(310, 'Hussain Ali', 'Hayat Khan', '03', 'GMS Marghazar', '8th', NULL, 2022, 1),
(311, 'Junaid Khan', 'Javed Khan', '03', 'GMS Marghazar', '8th', NULL, 2022, 1),
(312, 'Azizur Rahman', 'Bakht Zada', '03', 'GMS Marghazar', '8th', NULL, 2022, 1),
(313, 'Imdad Ullah', 'Sher Malik', '03', 'GMS Marghazar', '8th', NULL, 2022, 1),
(314, 'Ubaidullah', 'Muhammad Farooq', '03', 'GMS Marghazar', '8th', NULL, 2022, 1),
(315, 'Naveed Ullah', 'Rahim Zada', '03', 'GMS Marghazar', '8th', NULL, 2022, 1),
(316, 'Adnan', 'Amir Zeb', '03', 'GMS Marghazar', '8th', NULL, 2022, 1),
(317, 'Muhammad Mehan', 'Rahmat Ali', '03', 'GMS Marghazar', '8th', NULL, 2022, 1),
(318, 'Fazal Wadood', 'Akhtar Alam', '03', 'GMS Marghazar', '8th', NULL, 2022, 1),
(319, 'Salman Khan', 'Muhammad Alam', '03', 'GMS Marghazar', '8th', NULL, 2022, 1),
(320, 'Abdullah', 'Bacha Khan', '03', 'GMS Marghazar', '8th', NULL, 2022, 1),
(321, 'Muhammad Ayaz', 'Taza Gul', '03', 'GMS Marghazar', '8th', NULL, 2022, 1),
(322, 'Ubaidullah', 'Afzal Khan', '03', 'GMS Marghazar', '8th', NULL, 2022, 1),
(323, 'Inamullah', 'Ibrahim', '03', 'GMS Marghazar', '8th', NULL, 2022, 1),
(324, 'Idress Khan', 'Khaista Ali', '03', 'GMS Marghazar', '8th', NULL, 2022, 1),
(325, 'Zahir Shah', 'Momin Khan', '03', 'GMS Marghazar', '8th', NULL, 2022, 1),
(326, 'Said Rahim', 'Gul Rashid', '03', 'GMS Marghazar', '8th', NULL, 2022, 1),
(327, 'Khanullah', 'Bakht Sherawan', '03', 'GMS Marghazar', '8th', NULL, 2022, 1),
(328, 'Saif Ullah', 'Muhammad Sakhi', '03', 'GMS Marghazar', '8th', NULL, 2022, 1),
(329, 'Izaz Ullah', 'Azizur Rahman', '03', 'GMS Marghazar', '8th', NULL, 2022, 1),
(330, 'Roohullah', 'Sabit Khan', '03', 'GMS Marghazar', '8th', NULL, 2022, 1),
(331, 'Izharullah', 'Habib un Nabi', '03', 'GMS Marghazar', '8th', NULL, 2022, 1),
(332, 'Saifullah', 'Azim Khan', '03', 'GMS Marghazar', '8th', NULL, 2022, 1),
(333, 'Sadam Khan', 'Barkat Ali', '03', 'GMS Marghazar', '8th', NULL, 2022, 1),
(334, 'Shafiullah', 'Fazal Rahman', '03', 'GMS Marghazar', '8th', NULL, 2022, 1),
(335, 'Habibullah', 'Wahid Zada', '03', 'GMS Marghazar', '8th', NULL, 2022, 1),
(336, 'Hassan Ali', 'Bakhti Gul', '03', 'GMS Marghazar', '8th', NULL, 2022, 1),
(337, 'Muhammad Ilyas', 'Sher Zaman', '03', 'GMS Marghazar', '8th', NULL, 2022, 1),
(350, 'Sahil Khan', 'Gul Zarin', '03', 'GMS Spal Bandai', '8th', NULL, 2022, 1),
(351, 'Muhammad Ahmad', 'Shah Wali Khan', '03', 'GMS Spal Bandai', '8th', NULL, 2022, 1),
(352, 'Muhammad Khan', 'Sabir Gul', '03', 'GMS Spal Bandai', '8th', NULL, 2022, 1),
(353, 'Akbar Said', 'Said Akbar', '03', 'GMS Spal Bandai', '8th', NULL, 2022, 1),
(354, 'Ismail', 'Sher Afzal Khan', '03', 'GMS Spal Bandai', '8th', NULL, 2022, 1),
(355, 'Fazal Wahid', 'Muhammad Karim', '03', 'GMS Spal Bandai', '8th', NULL, 2022, 1),
(356, 'Fazal Maghbood', 'Gul Rahman', '03', 'GMS Spal Bandai', '8th', NULL, 2022, 1),
(357, 'Shahid Khan', 'Khan Zada', '03', 'GMS Spal Bandai', '8th', NULL, 2022, 1),
(358, 'Muhammad Alam Khan', 'Rozi Khan', '03', 'GMS Spal Bandai', '8th', NULL, 2022, 1),
(359, 'Muhammad Ghani', 'Wazir Zada', '03', 'GMS Spal Bandai', '8th', NULL, 2022, 1),
(360, 'Muhammad Ilyas', 'Amir Nawaz', '03', 'GMS Spal Bandai', '8th', NULL, 2022, 1),
(361, 'Muhammad Sadiq', 'Sherin Zada', '03', 'GMS Spal Bandai', '8th', NULL, 2022, 1),
(362, 'Parvez Ali', 'Amir Rahman', '03', 'GMS Spal Bandai', '8th', NULL, 2022, 1),
(363, 'Imad Ali', 'Said Rawan', '03', 'GMS Spal Bandai', '8th', NULL, 2022, 1),
(364, 'Mahran Ali', 'Nazeer Akbar', '03', 'GMS Spal Bandai', '8th', NULL, 2022, 1),
(365, 'Sultan e Room', 'Amani Room', '03', 'GMS Spal Bandai', '8th', NULL, 2022, 1),
(366, 'Ali Sher', 'Alam Sher', '03', 'GMS Spal Bandai', '8th', NULL, 2022, 1),
(367, 'Salman Khan', 'Jannat Gul', '03', 'GMS Spal Bandai', '8th', NULL, 2022, 1),
(368, 'Amaan Ullah', 'Bacha Zada', '03', 'GMS Spal Bandai', '8th', NULL, 2022, 1),
(369, 'Hazrat Bilal', 'Sabir Gul', '03', 'GMS Spal Bandai', '8th', NULL, 2022, 1),
(370, 'Hamid Ullah', 'Ewaz Khan', '03', 'GMS Spal Bandai', '8th', NULL, 2022, 1),
(371, 'Muhammad Hassan', 'Bakht Farid Khan', '03', 'GMS Spal Bandai', '8th', NULL, 2022, 1),
(372, 'Ihsan Ullah', 'Rahmani Gul', '03', 'GMS Spal Bandai', '8th', NULL, 2022, 1),
(373, 'Saeed Khan', 'Ahmad Sultan', '03', 'GMS Spal Bandai', '8th', NULL, 2022, 1),
(374, 'Muhammad Mudasir', 'Rozi ', '03', 'GMS Spal Bandai', '8th', NULL, 2022, 1),
(375, 'Muhammad Ishaq', 'Yousaf Khan', '03', 'GMS Spal Bandai', '8th', NULL, 2022, 1),
(376, 'Habib Ullah', 'Azam Khan', '03', 'GMS Spal Bandai', '8th', NULL, 2022, 1),
(377, 'Sajjad Khan ', 'Gul Bashar', '03', 'GMS Spal Bandai', '8th', NULL, 2022, 1),
(378, 'Hanif Ullah', 'Khan Sabar', '03', 'GMS Spal Bandai', '8th', NULL, 2022, 1),
(379, 'Farhan Ali', 'Fazal Ali', '03', 'GMS Spal Bandai', '8th', NULL, 2022, 1),
(380, 'Hazrat Ali', 'Taj Rahman', '03', 'GMS Spal Bandai', '8th', NULL, 2022, 1),
(381, 'Sanaullah', 'Gulshan Zada', '03', 'GMS Spal Bandai', '8th', NULL, 2022, 1),
(382, 'Asmat Ali', 'Shams ur Rahman', '03', 'GMS Spal Bandai', '8th', NULL, 2022, 1),
(383, 'Rahim Ullah', 'Rozi Khan', '03', 'GMS Spal Bandai', '8th', NULL, 2022, 1),
(384, 'Rafiullah', 'Bakh Sher Rawan', '03', 'GMS Spal Bandai', '8th', NULL, 2022, 1),
(385, 'Usman Ali', 'Shah Wali Khan', '03', 'GMS Spal Bandai', '8th', NULL, 2022, 1),
(386, 'Bakht Alam', 'Khan Wazir', '03', 'GMS Spal Bandai', '8th', NULL, 2022, 1),
(387, 'Asmat Khan', 'Rahmat Khan', '03', 'GMS Spal Bandai', '8th', NULL, 2022, 1),
(388, 'Islam Khan', 'Afreen Khan', '03', 'GMS Spal Bandai', '8th', NULL, 2022, 1),
(389, 'Saeed Ullah', 'Muhammad Zaman', '03', 'GMS Spal Bandai', '8th', NULL, 2022, 1),
(390, 'Shawkat Ali', 'Siraj u din', '03', 'GMS Spal Bandai', '8th', NULL, 2022, 1),
(391, 'Khalil Ullah', 'Gul Khan', '03', 'GMS Spal Bandai', '8th', NULL, 2022, 1),
(392, 'Awais Khan', 'Sheraz', '03', 'GMS Spal Bandai', '8th', NULL, 2022, 1),
(393, 'Umar Hayat', 'Said Rahman', '03', 'GMS Spal Bandai', '8th', NULL, 2022, 1),
(394, 'Muhammad Musa', 'Bakht Hussain', '03', 'GMS Spal Bandai', '8th', NULL, 2022, 1),
(395, 'Musa', 'none', '03', 'GMS Spal Bandai', '8th', NULL, 2022, 1),
(2161, 'Shahid Khan', 'Said Jalil', '03', 'GHSS Chitor', '6th', NULL, 2021, 1),
(2162, 'Ibrar Khan', 'Amin Ur Rahman', '03', 'GHSS Chitor', '6th', NULL, 2021, 1),
(2163, 'Muhammad Sudais', 'Suliman', '03', 'GHSS Chitor', '6th', NULL, 2021, 1),
(2164, 'Kashif Khan', 'Painda Mand', '03', 'GHSS Chitor', '6th', NULL, 2021, 1),
(2165, 'Mujeeb ur Rahman', 'Gauhar Ali', '03', 'GHSS Chitor', '6th', NULL, 2021, 1),
(2166, 'Muhammad Amin', 'Haji Nawab', '03', 'GHSS Chitor', '6th', NULL, 2021, 1),
(2167, 'Adil Khan', 'Fazal Hadi', '03', 'GHSS Chitor', '6th', NULL, 2021, 0),
(2168, 'Umar Rahman', 'Jehanzeb', '03', 'GHSS Chitor', '6th', NULL, 2021, 1),
(2169, 'Muhammad Taib', 'Sher Ali Khan', '03', 'GHSS Chitor', '6th', NULL, 2021, 1),
(2181, 'Shah Faisal', 'Ibrahim', '0307-8523101', 'GHSS Chitor', '8th', NULL, 2021, 1),
(2182, 'Muhammad Imran', 'Khan Zada', '0343-9406706', 'GHSS Chitor', '8th', NULL, 2021, 1),
(2183, 'Wajid Ali', 'Haleem Zada', '0341-9073164', 'GHSS Chitor', '8th', NULL, 2021, 1),
(2184, 'Samiullah', 'Said Muhammad', '0341-9030360', 'GHSS Chitor', '8th', NULL, 2021, 1),
(2185, 'Abu Bakar', 'Irfan', '03', 'GHSS Chitor', '8th', NULL, 2021, 0),
(2186, 'Ali Said', 'Jehan Zeb', '0349-3551351', 'GHSS Chitor', '8th', NULL, 2021, 0),
(2187, 'Inamullah', 'Muhammad Jan', '0347-4766609', 'GHSS Chitor', '8th', NULL, 2021, 1),
(2188, 'Muhammad Shoaib', 'Qadar Gul', '03', 'GHSS Chitor', '8th', NULL, 2021, 1),
(2189, 'Ata Ur Rahman', 'Bakht Rahman', '0344-9636710', 'GHSS Chitor', '8th', NULL, 2021, 1),
(2951, 'Muhammad Asif', 'Habib Ur Rahman', '03', 'GPS Kokrai', '5th', NULL, 2022, 1),
(2952, 'Rahmat Khan', 'Gul Zarin', '03', 'GPS Kokrai', '5th', NULL, 2022, 1),
(2953, 'Ikram Ullah', 'Imran Khan', '03', 'GPS Kokrai', '5th', NULL, 2022, 1),
(2954, 'Jawad Khan', 'Umar Rahim', '03', 'GPS Kokrai', '5th', NULL, 2022, 1),
(2955, 'Minhaz Ali', 'Bakhti Gul', '03', 'GPS Kokrai', '5th', NULL, 2022, 1),
(2956, 'Muhammad Yasir', 'Sajid Ali', '03', 'GPS Kokrai', '5th', NULL, 2022, 1),
(2957, 'Zohaib Khan', 'Inayat Ur Rahman', '03', 'GPS Kokrai', '5th', NULL, 2022, 1),
(2958, 'Muhammad Arif', 'Nasib Zada', '03', 'GPS Kokrai', '5th', NULL, 2022, 1),
(2959, 'Maaz Khan', 'Ghani Rahman', '03', 'GPS Kokrai', '5th', NULL, 2022, 1),
(3422, 'Hazratullah', 'Umar Zahir', '03', 'GPS Chitor', '5th', NULL, 2022, 1),
(3505, 'Noorul Amin', 'Ahmad Ali', '03', 'GPS Chitor', '5th', NULL, 2022, 1),
(3510, 'Rahmatullah', 'Umar Rashid', '03', 'GPS Chitor', '5th', NULL, 2022, 1),
(3511, 'Sanaullah', 'Anwar Rashid', '03', 'GPS Chitor', '5th', NULL, 2022, 1),
(3514, 'Muhammad Riaz', 'Gul Zamin', '03', 'GPS Chitor', '5th', NULL, 2022, 1),
(3534, 'M Usman', 'Amir Dost Khan', '03', 'GPS Chitor', '5th', NULL, 2022, 1),
(3538, 'M  Muslim Khan', 'Sardar Ali', '03', 'GPS Chitor', '5th', NULL, 2022, 1),
(3545, 'Nisar Ahmad ', 'Itbar Gul', '03', 'GPS Chitor', '5th', NULL, 2022, 1),
(3551, 'Sudias Ahmad', 'Muhammad Nawab', '03', 'GPS Chitor', '5th', NULL, 2022, 1),
(3554, 'Eman Bibi', 'Bakhtawar Shah', '03', 'GPS Chitor', '5th', NULL, 2022, 1),
(3579, 'Fawzia Biib', 'Ayub Khan', '03', 'GPS Chitor', '5th', NULL, 2022, 1),
(3587, 'Salma', 'Mian Rustam', '03', 'GPS Chitor', '5th', NULL, 2022, 1),
(3606, 'M Salman', 'Jehan Zada', '03', 'GPS Chitor', '5th', NULL, 2022, 1),
(3611, 'Khudija ', 'Umar Said', '03', 'GPS Chitor', '5th', NULL, 2022, 1),
(3620, 'M Haroon', 'Sarfar Ali', '03', 'GPS Chitor', '5th', NULL, 2022, 1),
(3623, 'Yasar Ali', 'Umar Zarin', '03', 'GPS Chitor', '5th', NULL, 2022, 1),
(3624, 'M Mobin', 'Iqbal Zarin', '03', 'GPS Chitor', '5th', NULL, 2022, 1),
(3632, 'Hoor bIbi', 'Mian Jan zeb', '03', 'GPS Chitor', '5th', NULL, 2022, 1),
(3643, 'Maaz Ali', 'Bakht Subhan', '03', 'GPS Chitor', '5th', NULL, 2022, 1),
(3656, 'Kashif Rashid', 'Muhammad Ishaq', '03', 'GPS Chitor', '5th', NULL, 2022, 1),
(3669, 'Samiullah', 'Anwar Rashid', '03', 'GPS Chitor', '5th', NULL, 2022, 1),
(3719, 'M Fayaz', 'Bakhti Gul', '03', 'GPS Chitor', '5th', NULL, 2022, 1),
(3763, 'Aziz Khan', 'Sher Zaman', '03', 'GPS Chitor', '5th', NULL, 2022, 1),
(3905, 'Sapna Bibi', 'Rozi Gul', '03', 'GPS Chitor', '5th', NULL, 2022, 1),
(3906, 'M.Ibrar', 'Rozi Gul', '03', 'GPS Chitor', '5th', NULL, 2022, 1),
(3908, 'Aftab Alam', 'Muhammad Alam', '03', 'GPS Chitor', '5th', NULL, 2022, 1),
(3910, 'Alam Zeb Khan', 'Jehan Zeb', '03', 'GPS Chitor', '5th', NULL, 2022, 1),
(3911, 'Wasil Khan', 'Umar Muhammad', '03', 'GPS Chitor', '5th', NULL, 2022, 1),
(3912, 'Ahmad Khan', 'Bahadar Khan', '03', 'GPS Chitor', '5th', NULL, 2022, 1),
(3913, 'Kashif Rashid', 'Rashid iqbal', '03', 'GPS Chitor', '5th', NULL, 2022, 1),
(3915, 'Ahmad Hussain', 'Muhammad Zahirshah', '03', 'GPS Chitor', '5th', NULL, 2022, 1),
(3916, 'Wahidullah', 'Abdul Hanan', '03', 'GPS Chitor', '5th', NULL, 2022, 1),
(3917, 'Rafiullah', 'Anwar Ali', '03', 'GPS Chitor', '5th', NULL, 2022, 1),
(3961, 'Muhammad Umar', 'Sayyed Yousaf Shah', '03', 'GPS Chitor', '5th', NULL, 2022, 1),
(21610, 'Umar Wahid', 'Zahir  Shah', '03', 'GHSS Chitor', '6th', NULL, 2021, 1),
(21611, 'Muhammad Aziz Ur Rahman', 'Muhammad Younas', '0344-9662527', 'GHSS Chitor', '6th', NULL, 2021, 1),
(21612, 'Sikandar Hayat', 'Umar Hayat', '0342-8977489', 'GHSS Chitor', '6th', NULL, 2021, 1),
(21613, 'Waqas Ahmad', 'Gulab Sher', '03', 'GHSS Chitor', '6th', NULL, 2021, 1),
(21614, 'Arshad Ali', 'Umar Muhammad', '03', 'GHSS Chitor', '6th', NULL, 2021, 1),
(21615, 'Kifayat Ullah', 'Sardar Ali', '0342-8281171', 'GHSS Chitor', '6th', NULL, 2021, 1),
(21616, 'Amir Zeb', 'Amir Zareen', '03', 'GHSS Chitor', '6th', NULL, 2021, 1),
(21617, 'Muhammad Saleem', 'Abdul Wahab', '03', 'GHSS Chitor', '6th', NULL, 2021, 1),
(21618, 'Muhammad Sohail', 'Rafiullah Jan', '03', 'GHSS Chitor', '6th', NULL, 2021, 1),
(21619, 'Yahya Khan', 'Rahim Zada', '03', 'GHSS Chitor', '6th', NULL, 2021, 1),
(21620, 'Sher Ali', 'Hazrat Rahman', '03', 'GHSS Chitor', '6th', NULL, 2021, 1),
(21621, 'Luqman Khan', 'Lal Muhammad', '03', 'GHSS Chitor', '6th', NULL, 2021, 1),
(21622, 'Zain Ullah', 'Rahmat Ali', '03', 'GHSS Chitor', '6th', NULL, 2021, 1),
(21623, 'Ihsan Ullah', 'Umar Zada', '03', 'GHSS Chitor', '6th', NULL, 2021, 1),
(21624, 'Inam Ullah', 'Umar Zada', '03', 'GHSS Chitor', '6th', NULL, 2021, 1),
(21625, 'Abu Bakar', 'Haya Khan', '03', 'GHSS Chitor', '6th', NULL, 2021, 1),
(21626, 'Ihsan Ullah', 'Sayed Awlia Bacha', '0348-9104427', 'GHSS Chitor', '6th', NULL, 2021, 1),
(21627, 'Hazrat Ali', 'Akbar Khan', '0344-3183086', 'GHSS Chitor', '6th', NULL, 2021, 1),
(21628, 'Hazrat Hussain', 'Bakhti Rawan', '0346-9629774', 'GHSS Chitor', '6th', NULL, 2021, 1),
(21629, 'Muhammad Abu Bakar', 'Ashraf Ali', '03', 'GHSS Chitor', '6th', NULL, 2021, 1),
(21630, 'Najib Ullah', 'Azim Khan', '0348-5223121', 'GHSS Chitor', '6th', NULL, 2021, 1),
(21631, 'Shahzad Khan', 'Amir Noshad', '0340-9251575', 'GHSS Chitor', '6th', NULL, 2021, 1),
(21632, 'Asad Khan', 'Palash Khan', '0324-9828231', 'GHSS Chitor', '6th', NULL, 2021, 1),
(21633, 'Shakir Ullah', 'Jaan Zar', '0346-9994132', 'GHSS Chitor', '6th', NULL, 2021, 1),
(21634, 'Asmat Ali ', 'Akbar Ali', '0346-1954364', 'GHSS Chitor', '6th', NULL, 2021, 1),
(21635, 'Khanadan', 'Said Gulab', '0346-3398172', 'GHSS Chitor', '6th', NULL, 2021, 1),
(21636, 'Burhan Khan', 'Gul Wahid', '0347-0564402', 'GHSS Chitor', '6th', NULL, 2021, 1),
(21637, 'Sardar Hussain', 'Jamrooz', '0341-4329029', 'GHSS Chitor', '6th', NULL, 2021, 1),
(21638, 'Anwar Zeb', 'Umar Zeb', '03', 'GHSS Chitor', '6th', NULL, 2021, 1),
(21639, 'Fawad Ali', 'Bakhti Rawan', '0347-9117757', 'GHSS Chitor', '6th', NULL, 2021, 1),
(21640, 'Muhammad Abrar', 'Bakht Zada', '0349-9459060', 'GHSS Chitor', '6th', NULL, 2021, 1),
(21641, 'Muhammad Khan', 'Bado', '03', 'GHSS Chitor', '6th', NULL, 2021, 0),
(21642, 'Ihsan Ali', 'Muhammad Ishaq', '03', 'GHSS Chitor', '6th', NULL, 2021, 1),
(21643, 'Akhtar Muhammad', 'Yousaf Khan', '03', 'GHSS Chitor', '6th', NULL, 2021, 1),
(21644, 'Bahram Khan', 'Alam Khan', '0342-9863522', 'GHSS Chitor', '6th', NULL, 2021, 0),
(21645, 'Abid Ullah', 'Izat Gul', '0345-2366041', 'GHSS Chitor', '6th', NULL, 2021, 1),
(21646, 'Rahman Ali ', 'Liaqat Ali', '0341-9294787', 'GHSS Chitor', '6th', NULL, 2021, 1),
(21647, 'Jamal Said', 'Muhammad', '03', 'GHSS Chitor', '6th', NULL, 2021, 0),
(21648, 'Muhammad Riaz', 'Hukam Khan', '0340-9482933', 'GHSS Chitor', '6th', NULL, 2021, 1),
(21649, 'Muhammad Zakir Ullah', 'Habib Ullah', '0345-1575751', 'GHSS Chitor', '6th', NULL, 2021, 1),
(21650, 'Habib Ullah', 'Umar Gul', '0340-9012365', 'GHSS Chitor', '6th', NULL, 2021, 1),
(21711, 'Arshad Ali', 'Amjad Ali', '03', 'GHSS Chitor', '7th A', NULL, 2021, 1),
(21712, 'Muhammad Salman', 'Bakht Rawan', '03', 'GHSS Chitor', '7th A', NULL, 2021, 1),
(21713, 'Wajid Ali', 'Rozi Khan', '03', 'GHSS Chitor', '7th A', NULL, 2021, 1),
(21714, 'Sanaullah', 'Iqbal Zareen', '03', 'GHSS Chitor', '7th A', NULL, 2021, 1),
(21715, 'Sultan Ali', 'Bakht Rawan', '03', 'GHSS Chitor', '7th A', NULL, 2021, 1),
(21716, 'Haroon Khan', 'Fateh Khan', '03', 'GHSS Chitor', '7th A', NULL, 2021, 1),
(21717, 'Abu Bakar', 'Muhammad Ali', '03', 'GHSS Chitor', '7th A', NULL, 2021, 1),
(21718, 'Altaf Hussain', 'Shah Hussain', '03', 'GHSS Chitor', '7th A', NULL, 2021, 1),
(21719, 'Muhammad Kareem', 'Abdul Kareem', '03', 'GHSS Chitor', '7th A', NULL, 2021, 1),
(21721, 'Hazrat Bilal', 'Ibrahim', '03', 'GHSS Chitor', '7th B', NULL, 2021, 1),
(21722, 'Muhammad Said', 'Umar Said', '0341-1190062', 'GHSS Chitor', '7th B', NULL, 2021, 1),
(21723, 'Abdur Rahman', 'Bakht Baydar', '0341-5049936', 'GHSS Chitor', '7th B', NULL, 2021, 1),
(21724, 'Muhammad Shahid', 'Habib Ur Rahman', '0343-2240767', 'GHSS Chitor', '7th B', NULL, 2021, 1),
(21725, 'Shah Fayaz', 'Isa Khan', '03429286562', 'GHSS Chitor', '7th B', NULL, 2021, 1),
(21726, 'Irfan Ullah', 'Bahram Khan', '03', 'GHSS Chitor', '7th B', NULL, 2021, 1),
(21727, 'Muhammad Maaz', 'Muhammad Shah', '03', 'GHSS Chitor', '7th B', NULL, 2021, 1),
(21728, 'Muhammad Zahid', 'Muhammad Yaqoob', '03', 'GHSS Chitor', '7th B', NULL, 2021, 1),
(21729, 'Muhammad Shoaib', 'Khalid', '03', 'GHSS Chitor', '7th B', NULL, 2021, 1),
(21810, 'Jamil Khan', 'Bakht Fareed', '0344-5187324', 'GHSS Chitor', '8th', NULL, 2021, 1),
(21811, 'Ikram Ullah', 'Amir Noshad', '0346-9206687', 'GHSS Chitor', '8th', NULL, 2021, 1),
(21812, 'Ilyas Khan', 'Nawab Khan', '0347-9529785', 'GHSS Chitor', '8th', NULL, 2021, 1),
(21813, 'Abdullah', 'Abdul Zahir', '0347-4127119', 'GHSS Chitor', '8th', NULL, 2021, 1),
(21814, 'Rahmat Ali', 'Gul Zareen', '0348-1959293', 'GHSS Chitor', '8th', NULL, 2021, 1),
(21815, 'Hazrat Maaz', 'Fazal Ghani', '0333-9496904', 'GHSS Chitor', '8th', NULL, 2021, 1),
(21816, 'Muhammad Majid', 'Rahmat Ullah', '0346-1954329', 'GHSS Chitor', '8th', NULL, 2021, 1),
(21817, 'Hazrat Ali', 'Izat Muhammad', '0342-8978561', 'GHSS Chitor', '8th', NULL, 2021, 1),
(21818, 'Muhammad Ayaz', 'Bakhti Gul', '0342-1994726', 'GHSS Chitor', '8th', NULL, 2021, 1),
(21819, 'Hamza Hussain', 'Bakht Hussain', '0346-9431045', 'GHSS Chitor', '8th', NULL, 2021, 1),
(21820, 'Awais Jan', 'Rahmat Jan', '0313-2004284', 'GHSS Chitor', '8th', NULL, 2021, 1),
(21821, 'Ubaid Ullah', 'Afzal Shah', '0342-9724520', 'GHSS Chitor', '8th', NULL, 2021, 1),
(21822, 'Muhammad Abu Bakar Khan', 'Amir Haidar', '0342-9621894', 'GHSS Chitor', '8th', NULL, 2021, 1),
(21823, 'Sayed Muhammad Waqas', 'Taj Malook', '0334-3553351', 'GHSS Chitor', '8th', NULL, 2021, 1),
(21824, 'Aftab Ali', 'Shah Bali Khan', '0340-0934191', 'GHSS Chitor', '8th', NULL, 2021, 1),
(21825, 'Muhammad Yaseen', 'Bakhram Khan', '0323-9243734', 'GHSS Chitor', '8th', NULL, 2021, 1),
(21826, 'Izhar Khan', 'Ayub Khan', '0342-9605966', 'GHSS Chitor', '8th', NULL, 2021, 1),
(21827, 'Muhammad Rizwan', 'Aqal Zeb', '0342-9617419', 'GHSS Chitor', '8th', NULL, 2021, 1),
(21828, 'Imran Ali', 'Gul Far Ali', '0342-8687533', 'GHSS Chitor', '8th', NULL, 2021, 1),
(21829, 'Hussain Ali', 'Umar Gul', '0344-4040233', 'GHSS Chitor', '8th', NULL, 2021, 1),
(21830, 'Barkat Ali', 'Umar', '0349-3551351', 'GHSS Chitor', '8th', NULL, 2021, 1),
(21831, 'Imtiaz Khan', 'Bakht Nazir', '03', 'GHSS Chitor', '8th', NULL, 2021, 1),
(21832, 'Zohaib Khan', 'Bakht Nazir', '03', 'GHSS Chitor', '8th', NULL, 2021, 1),
(21833, 'Muhammad Hasnain', 'Muhammad Iqbal', '0342-9613652', 'GHSS Chitor', '8th', NULL, 2021, 1),
(21834, 'Abdur Rahman', 'Ali Rahman', '0346-9570142', 'GHSS Chitor', '8th', NULL, 2021, 1),
(21835, 'Inam Ullah', 'Amir Rahman', '0342-9089350', 'GHSS Chitor', '8th', NULL, 2021, 1),
(21836, 'Muhammad Sadiq', 'Aman Ullah', '0306-8021642', 'GHSS Chitor', '8th', NULL, 2021, 1),
(21837, 'Muhammad Hussain', 'Muhammad Towkal', '0342-3060152', 'GHSS Chitor', '8th', NULL, 2021, 1),
(21838, 'Muhammad Ibrahim', 'Amir Subhan', '0344-9858202', 'GHSS Chitor', '8th', NULL, 2021, 1),
(21839, 'Abu Bakar Sadiq', 'Shawkat Ali', '03', 'GHSS Chitor', '8th', NULL, 2021, 1),
(21840, 'Inam Ullah', 'Umar Rahman', '0342-9666729', 'GHSS Chitor', '8th', NULL, 2021, 1),
(21841, 'Irfan Ullah', 'Bahroz Khan', '0348-5713115', 'GHSS Chitor', '8th', NULL, 2021, 1),
(21842, 'Waqas Khan', 'Asmat Ali', '0345-0597614', 'GHSS Chitor', '8th', NULL, 2021, 1),
(29510, 'Rehan Shah', 'Muhammad Perwez', '03', 'GPS Kokrai', '5th', NULL, 2022, 1),
(29511, 'Usman Ali', 'Abdul Wahid', '03', 'GPS Kokrai', '5th', NULL, 2022, 1),
(29512, 'Waqar Khan', 'Amin Ur Rahman', '03', 'GPS Kokrai', '5th', NULL, 2022, 1),
(29513, 'Akhtar Hussain', 'Fazal Wahid', '03', 'GPS Kokrai', '5th', NULL, 2022, 1),
(29514, 'Roshan Ali', 'Noor Zada', '03', 'GPS Kokrai', '5th', NULL, 2022, 1),
(29515, 'Naveed Khan', 'Said Jalil', '03', 'GPS Kokrai', '5th', NULL, 2022, 1),
(29516, 'Arbaz Khan', 'Muhammad Khan', '03', 'GPS Kokrai', '5th', NULL, 2022, 1),
(29517, 'Aman Ali', 'Iqrar Ali', '03', 'GPS Kokrai', '5th', NULL, 2022, 1),
(29518, 'Muhammad Shoaib', 'Zafar Ali', '03', 'GPS Kokrai', '5th', NULL, 2022, 1),
(29519, 'Hazrat Ali', 'Muhammad Arif', '03', 'GPS Kokrai', '5th', NULL, 2022, 1),
(29520, 'Muhammad Waqas', 'Muhammad Ismail', '03', 'GPS Kokrai', '5th', NULL, 2022, 1),
(29521, 'Rafiullah', 'Behram Khan', '03', 'GPS Kokrai', '5th', NULL, 2022, 1),
(29522, 'Hadyat Ullah', 'Gul Rahman', '03', 'GPS Kokrai', '5th', NULL, 2022, 1),
(29523, 'Muhammad Islam', 'Shams u Tabriz', '03', 'GPS Kokrai', '5th', NULL, 2022, 1),
(29524, 'AMir Hamza', 'Amir Rahim', '03', 'GPS Kokrai', '5th', NULL, 2022, 1),
(29525, 'Asad Khan', 'Sarfaraz Khan', '03', 'GPS Kokrai', '5th', NULL, 2022, 1),
(29526, 'Tamannah Bibi', 'Ahmad Jan', '03', 'GPS Kokrai', '5th', NULL, 2022, 1),
(29527, 'Madeeha Bibi', 'Shamakay', '03', 'GPS Kokrai', '5th', NULL, 2022, 1),
(29528, 'Umama Rahman', 'Bakhte Rahman', '03', 'GPS Kokrai', '5th', NULL, 2022, 1),
(29529, 'Kainat Bibi', 'Khaista Gul', '03', 'GPS Kokrai', '5th', NULL, 2022, 1),
(29530, 'Jaweria Bibi', 'Jehan Zeb', '03', 'GPS Kokrai', '5th', NULL, 2022, 1),
(29531, 'Gulalai Bibi', 'Sarfaraz Khan', '03', 'GPS Kokrai', '5th', NULL, 2022, 1),
(29532, 'Anisha Bibi', 'Asil Zada', '03', 'GPS Kokrai', '5th', NULL, 2022, 1),
(29533, 'Amna Bibi', 'Rozi Khan', '03', 'GPS Kokrai', '5th', NULL, 2022, 1),
(29534, 'Sana bibi', 'Yaqub Khan', '03', 'GPS Kokrai', '5th', NULL, 2022, 1),
(210729, 'Asim Khan', 'Hayat Khan', '03', 'GHSS Chitor', '7th', NULL, 2021, 0),
(210730, 'Tawseef Khan', 'Hayat Khan', '03', 'GHSS Chitor', '7th', NULL, 2021, 0),
(217110, 'Adnan Khan', 'Aziz Khan', '03', 'GHSS Chitor', '7th A', NULL, 2021, 1),
(217111, 'Sadiq Ur Rahman', 'Fazal Rahman', '03', 'GHSS Chitor', '7th A', NULL, 2021, 1),
(217112, 'Muhsin Ali', 'Ibrahim', '03', 'GHSS Chitor', '7th A', NULL, 2021, 1),
(217113, 'Sanaullah', 'Shah Wazir', '03', 'GHSS Chitor', '7th A', NULL, 2021, 1),
(217114, 'Muhammad Sadeeq', 'Fazal Wahid', '03', 'GHSS Chitor', '7th A', NULL, 2021, 1),
(217115, 'Muhammad Ismail', 'Bakht Rawan', '03', 'GHSS Chitor', '7th A', NULL, 2021, 1),
(217116, 'Ihsan Ullah', 'Bakht Rawan', '03', 'GHSS Chitor', '7th A', NULL, 2021, 1),
(217117, 'Sardar Hussain', 'Iqbal Hussain', '03', 'GHSS Chitor', '7th A', NULL, 2021, 1),
(217118, 'Khalil Ur Rahman', 'Said Basheer', '03', 'GHSS Chitor', '7th A', NULL, 2021, 1),
(217119, 'Ihsan Ullah', 'Amir Gulab', '03', 'GHSS Chitor', '7th A', NULL, 2021, 1),
(217120, 'Muhammad Mehran', 'Rahmat Ullah', '03', 'GHSS Chitor', '7th A', NULL, 2021, 1),
(217121, 'Umar Khitab', 'Fazal Mowla', '03', 'GHSS Chitor', '7th A', NULL, 2021, 1),
(217122, 'Sher Bacha', 'Dost Muhammad Khan', '03', 'GHSS Chitor', '7th A', NULL, 2021, 1),
(217123, 'Shakil', 'Barkat Ali', '03', 'GHSS Chitor', '7th A', NULL, 2021, 1),
(217124, 'Abu Bakar', 'Amin Gul', '03', 'GHSS Chitor', '7th A', NULL, 2021, 1),
(217125, 'Hasnain Hameed', 'Hameed Ullah', '03', 'GHSS Chitor', '7th A', NULL, 2021, 1),
(217126, 'Farhan Ali', 'Aslam Khan', '03', 'GHSS Chitor', '7th A', NULL, 2021, 1),
(217127, 'Hazrat Ullah', 'Pardil Khan', '03', 'GHSS Chitor', '7th A', NULL, 2021, 1),
(217128, 'Shafiullah', 'Ali Rahman', '03', 'GHSS Chitor', '7th A', NULL, 2021, 1),
(217129, 'Usman Ghani', 'Said Ali', '03', 'GHSS Chitor', '7th A', NULL, 2021, 1),
(217210, 'Shoaib Akhtar', 'Khadim Shah', '03', 'GHSS Chitor', '7th B', NULL, 2021, 1),
(217211, 'Muhammad Shoaib', 'Umar Wahab', '03', 'GHSS Chitor', '7th B', NULL, 2021, 1),
(217212, 'Muhammad Talha', 'Bakht Namir', '03', 'GHSS Chitor', '7th B', NULL, 2021, 1),
(217213, 'Azizullah', 'Fazal Subhan', '03', 'GHSS Chitor', '7th B', NULL, 2021, 1),
(217214, 'Ahmad Hussain', 'Alamgir', '03', 'GHSS Chitor', '7th B', NULL, 2021, 1),
(217215, 'Nayab Hussain', 'Jehangir Mian', '03', 'GHSS Chitor', '7th B', NULL, 2021, 1),
(217216, 'Muhammad Hamza', 'Umar Zameen', '03', 'GHSS Chitor', '7th B', NULL, 2021, 1),
(217217, 'Rahman Ali', 'Asim Gul', '03', 'GHSS Chitor', '7th B', NULL, 2021, 1),
(217218, 'Mustafa Khan', 'Fazal Shah', '03', 'GHSS Chitor', '7th B', NULL, 2021, 1),
(217219, 'Nasar Ali', 'Aqal Zada', '03', 'GHSS Chitor', '7th B', NULL, 2021, 1),
(217220, 'LIaqat Ali', 'Wazir', '03', 'GHSS Chitor', '7th B', NULL, 2021, 1),
(217221, 'Islam Ul Haq', 'Aziz Ul Haq', '03', 'GHSS Chitor', '7th B', NULL, 2021, 1),
(217222, 'Muhammad Asghar Khan', 'Muhammad Kamal', '03', 'GHSS Chitor', '7th B', NULL, 2021, 1),
(217223, 'Sabir Shah', 'Habib Shah', '03', 'GHSS Chitor', '7th B', NULL, 2021, 1),
(217224, 'Hazrat Ali', 'Hazrat Rahman', '03', 'GHSS Chitor', '7th B', NULL, 2021, 1),
(217225, 'Muhammad Osama', 'Hussain Shah', '03', 'GHSS Chitor', '7th B', NULL, 2021, 1),
(217226, 'Zakir Ullah', 'Said Aleem Shah', '03', 'GHSS Chitor', '7th B', NULL, 2021, 1),
(217227, 'Usman Ali', 'Sher Zameen', '03', 'GHSS Chitor', '7th B', NULL, 2021, 1),
(217228, 'Muhammad Ismail', 'Muhammad Ishaq', '0342-9638859', 'GHSS Chitor', '7th B', NULL, 2021, 1),
(217229, 'Muhammad Maaz', 'Khan Bahadar', '03', 'GHSS Chitor', '7th B', NULL, 2021, 1),
(217230, 'Fawad Khan', 'Sherin Zada', '03', 'GHSS Chitor', '7th B', NULL, 2021, 1),
(217231, 'Muhammad Bilal', 'Shahzad', '0342-8144561', 'GHSS Chitor', '7th B', NULL, 2021, 1),
(217232, 'Anwar Khan', 'Rahamdad Khan', '0347-9531857', 'GHSS Chitor', '7th B', NULL, 2021, 1),
(217233, 'Muhammad Ayaz', 'Khan Bahadar', '03', 'GHSS Chitor', '7th B', NULL, 2021, 1),
(2109101, 'Zeeshan Khan', 'Gul Zada', '0334-9311856', 'GHSS Chitor', '9th A', NULL, 2021, 1),
(2109102, 'Hassan Khan', 'Sarzamin', '0333-9471047', 'GHSS Chitor', '9th A', NULL, 2021, 1),
(2109103, 'Irfan Ullah', 'Farid Jan', '0341-4419807', 'GHSS Chitor', '9th A', NULL, 2021, 1),
(2109104, 'Kamran Khan', 'Biladar', '0340-9010535', 'GHSS Chitor', '9th A', NULL, 2021, 1),
(2109105, 'Sanaullah', 'Muhammad Alam', '0340-9250986', 'GHSS Chitor', '9th A', NULL, 2021, 1),
(2109106, 'Abbas Khan', 'Said Muhammad Khan', '0346-9444197', 'GHSS Chitor', '9th A', NULL, 2021, 1),
(2109107, 'Muhammad Rokhan', 'Muhammad Ameen', '0346-9421094', 'GHSS Chitor', '9th A', NULL, 2021, 1),
(2109108, 'Najeeb Ullah', 'Dawlat Khan', '0342-5924520', 'GHSS Chitor', '9th A', NULL, 2021, 1),
(2109109, 'Jawad Ali', 'Naseeb Zada', '0342-5271376', 'GHSS Chitor', '9th A', NULL, 2021, 1),
(2109110, 'Maaz Khan', 'Sarzamin', '0345-9009869', 'GHSS Chitor', '9th A', NULL, 2021, 1),
(2109111, 'Israr Ali', 'Fazal Shah', '0340-9310362', 'GHSS Chitor', '9th A', NULL, 2021, 1),
(2109112, 'Shahid Ullah Bacha', 'Umar Badshah', '03', 'GHSS Chitor', '9th A', NULL, 2021, 1),
(2109113, 'Hassan Khan', 'Hussain Shah', '0340-0991049', 'GHSS Chitor', '9th A', NULL, 2021, 1),
(2109114, 'Fayaz Khan', 'Ayaz Khan', '0347-1777214', 'GHSS Chitor', '9th A', NULL, 2021, 1),
(2109115, 'Samiullah', 'Umar Zada', '0340-5854948', 'GHSS Chitor', '9th A', NULL, 2021, 1),
(2109116, 'Shahid Khan', 'Sherin Buhar', '0343-5882432', 'GHSS Chitor', '9th A', NULL, 2021, 1),
(2109117, 'Rahmat Ali', 'Umar Gul', '0323-9243734', 'GHSS Chitor', '9th A', NULL, 2021, 1),
(2109118, 'Muhammad Ibrahim', 'Amir Rahim', '0345-9307150', 'GHSS Chitor', '9th A', NULL, 2021, 1),
(2109119, 'Said Rahman', 'Jehan Zeb', '0341-9221083', 'GHSS Chitor', '9th A', NULL, 2021, 1),
(2109120, 'Mustafa Khan', 'Biladar', '0342-1188024', 'GHSS Chitor', '9th A', NULL, 2021, 1),
(2109121, 'Jawad Ali', 'Dawa Khan', '0345-9229834', 'GHSS Chitor', '9th A', NULL, 2021, 1),
(2109122, 'Hazrat Bilal', 'Hamid Gul', '0344-1982095', 'GHSS Chitor', '9th A', NULL, 2021, 1),
(2109123, 'Anwar Said', 'Itbar Gul', '03', 'GHSS Chitor', '9th A', NULL, 2021, 1),
(2109124, 'Muhammad Ismail', 'Aziz Ur Rahman', '0342-1935421', 'GHSS Chitor', '9th A', NULL, 2021, 1),
(2109125, 'Najeebullah', 'Lal Gul', '0348-9121364', 'GHSS Chitor', '9th A', NULL, 2021, 1),
(2109126, 'Anas Khan', 'Fazal Wahid', '0346-8985521', 'GHSS Chitor', '9th A', NULL, 2021, 1),
(2109127, 'Hamza Khan', 'Bakat Rahman', '0348-9306052', 'GHSS Chitor', '9th A', NULL, 2021, 1),
(2109128, 'Ibrahim Khan', 'Muhammad Said Khan', '0342-9142718', 'GHSS Chitor', '9th A', NULL, 2021, 1),
(2109129, 'Muhammad Maaz Khan', 'Shah Rasool Khan', '0342-9667720', 'GHSS Chitor', '9th A', NULL, 2021, 1),
(2109130, 'Muhammad Mustafa', 'Ali Rahman', '0341-9490344', 'GHSS Chitor', '9th A', NULL, 2021, 1),
(2109131, 'Samiullah', 'Bacha Khan', '0344-8217515', 'GHSS Chitor', '9th A', NULL, 2021, 1),
(2109132, 'Umar Rahman', 'Bakht Rahman', '0349-5608239', 'GHSS Chitor', '9th A', NULL, 2021, 1),
(2109133, 'Shafiullah', 'Shaikh', '0344-8217515', 'GHSS Chitor', '9th A', NULL, 2021, 1),
(2109134, 'Habib Ullah', 'Jehan Zar', '0346-9994132', 'GHSS Chitor', '9th A', NULL, 2021, 1),
(2109135, 'Asmat Ullah', 'Hazir Gul', '0346-9341275', 'GHSS Chitor', '9th A', NULL, 2021, 1),
(2109136, 'Muhammad Kamran', 'Amin Khan', '0346-9994123', 'GHSS Chitor', '9th A', NULL, 2021, 1),
(2109137, 'Rafiq Hassan', 'Nasar Ali', '0340-9012206', 'GHSS Chitor', '9th A', NULL, 2021, 1),
(2109138, 'Murtaza Khan', 'Khaista Rahman', '0346-3009330', 'GHSS Chitor', '9th A', NULL, 2021, 1),
(2109139, 'Alam Zeb', 'Said Rahman', '0343-6058919', 'GHSS Chitor', '9th A', NULL, 2021, 1),
(2109140, 'Rahman Ullah', 'Azim Khan', '03', 'GHSS Chitor', '9th A', NULL, 2021, 1),
(2109141, 'Aftab Alam', 'Fazal Subhan', '03', 'GHSS Chitor', '9th A', NULL, 2021, 1),
(2109142, 'Waheedullah', 'Rahamdad Khan', '03', 'GHSS Chitor', '9th A', NULL, 2021, 1),
(2109143, 'Muhammad Islam', 'Sargand', '03', 'GHSS Chitor', '9th A', NULL, 2021, 1),
(2109144, 'Tahir Khan', 'Bakht Zada', '03', 'GHSS Chitor', '9th A', NULL, 2021, 1),
(2109145, 'Rahmat Ullah', 'Alam Zeb', '0341-5684624', 'GHSS Chitor', '9th A', NULL, 2021, 1),
(2109146, 'Midrarullah', 'Rahmat Ali', '03', 'GHSS Chitor', '9th A', NULL, 2021, 1),
(2109147, 'Rooh Ullah', 'Pir Muhammad', '0343-9590272', 'GHSS Chitor', '9th A', NULL, 2021, 1),
(2109148, 'Anwar Shah', 'Muhammad Alam', '0344-5961509', 'GHSS Chitor', '9th A', NULL, 2021, 1),
(2109149, 'Hasnain Khan', 'Niaz Muhammad', '0340-2670455', 'GHSS Chitor', '9th A', NULL, 2021, 1),
(2109150, 'Jawad Ali', 'Habib Khan', '0344-9728164', 'GHSS Chitor', '9th A', NULL, 2021, 1),
(2109151, 'Irfan Ullah', 'Muhammad Ali', '0340-2110916', 'GHSS Chitor', '9th A', NULL, 2021, 1),
(2109152, 'Umar Raziq', 'Fazal Rahman', '0346-8273822', 'GHSS Chitor', '9th A', NULL, 2021, 1),
(2109153, 'Muhammad Zeeshan', 'Amir Zeb', '0341-0910384', 'GHSS Chitor', '9th A', NULL, 2021, 1),
(2109154, 'Attaullah', 'Mujahid', '0345-9459609', 'GHSS Chitor', '9th A', NULL, 2021, 1),
(2109155, 'Kashif Khan', 'Ahmad Zeb', '0348-5351147', 'GHSS Chitor', '9th A', NULL, 2021, 1),
(2109156, 'Muhammad Hussain', 'Shah Faisal', '0340-2670358', 'GHSS Chitor', '9th A', NULL, 2021, 1),
(2109157, 'Adnan Khan', 'Umar Sherin', '0342-2557768', 'GHSS Chitor', '9th A', NULL, 2021, 1),
(2109158, 'Asadullah Khan', 'Said Muhammad', '0345-9452714', 'GHSS Chitor', '9th A', NULL, 2021, 1),
(2109159, 'Muhammad Hazrat Bilal', 'Fazal Subhan', '03', 'GHSS Chitor', '9th A', NULL, 2021, 1),
(2109160, 'Irfan Ullah', 'Azim Khan', '0346-3380140', 'GHSS Chitor', '9th A', NULL, 2021, 1),
(2109161, 'Muhammad Uzaib', 'Bakht Zaman', '0343-2569460', 'GHSS Chitor', '9th A', NULL, 2021, 1),
(2109162, 'Alam Khan', 'Khalid', '0340-9554369', 'GHSS Chitor', '9th A', NULL, 2021, 1),
(2109163, 'Muhammad Yaseen', 'Mian Khaliq Jan', '0342-6328567', 'GHSS Chitor', '9th A', NULL, 2021, 1),
(2109164, 'Salman Khan', 'Taleimand', '0340-7425566', 'GHSS Chitor', '9th A', NULL, 2021, 1),
(2109165, 'Rahimullah', 'Gul Nausher', '0340-9011902', 'GHSS Chitor', '9th A', NULL, 2021, 1),
(2109166, 'Zahid Hussain', 'Fida Hussain', '0347-1098297', 'GHSS Chitor', '9th A', NULL, 2021, 1),
(2109167, 'Ikram Khan', 'Sher Afzal Khan', '0341-0252003', 'GHSS Chitor', '9th A', NULL, 2021, 1),
(2109168, 'Mushtaq Haidar', 'Shah Bahadar', '0340-2869217', 'GHSS Chitor', '9th A', NULL, 2021, 1),
(2109169, 'Rahmat Ali', 'AKhtar Ali', '0344-3551391', 'GHSS Chitor', '9th A', NULL, 2021, 1),
(2109170, 'Khalid Zada', 'Khaperai', '0346-4632400', 'GHSS Chitor', '9th A', NULL, 2021, 1),
(2109171, 'Muhammad Ibrahim', 'Muhammad Amal', '0348-4209249', 'GHSS Chitor', '9th A', NULL, 2021, 1),
(2109172, 'Hayat Khan', 'Muhabbat Khan', '0348-9466799', 'GHSS Chitor', '9th A', NULL, 2021, 1),
(2109173, 'Fazal Rashid ', 'Bakhtyar', '0344-2874944', 'GHSS Chitor', '9th A', NULL, 2021, 1),
(2109201, 'Muhammad Yaseen', 'Khan Bahadur', '0347-8957429', 'GHSS Chitor', '9th B', NULL, 2021, 1),
(2109202, 'Inamullah', 'Amir Afzal', '0341-8358398', 'GHSS Chitor', '9th B', NULL, 2021, 1),
(2109203, 'Mubeen Mian', 'Umar Jehan', '0348-8975560', 'GHSS Chitor', '9th B', NULL, 2021, 1),
(2109204, 'Mian Said Khalil Ullah', 'Karim Dad', '0321-9768048', 'GHSS Chitor', '9th B', NULL, 2021, 1),
(2109205, 'Rahmat Ali', 'Ezat Muhammad', '0342-8978561', 'GHSS Chitor', '9th B', NULL, 2021, 1),
(2109206, 'Zahidullah', 'Muhammad Nawab', '0346-9444184', 'GHSS Chitor', '9th B', NULL, 2021, 1),
(2109207, 'Muhammad Suliman', 'Umar Rashid', '0346-3879998', 'GHSS Chitor', '9th B', NULL, 2021, 1),
(2109208, 'Abdur Rahman', 'Habib Ur Rahman', '0340-9276791', 'GHSS Chitor', '9th B', NULL, 2021, 1),
(2109209, 'Abdullah', 'Bakht Rawan', '0348-8068958', 'GHSS Chitor', '9th B', NULL, 2021, 1),
(2109210, 'Zia Hussain', 'Alamgir', '0342-9567482', 'GHSS Chitor', '9th B', NULL, 2021, 1),
(2109211, 'Shafiullah', 'Khan Zarin', '0346-8910601', 'GHSS Chitor', '9th B', NULL, 2021, 1),
(2109212, 'Faisal Khan', 'Umar Muhammad', '0305-9618026', 'GHSS Chitor', '9th B', NULL, 2021, 1),
(2109213, 'Muhammad Abdullah', 'Bakht Zada', '0347-8803996', 'GHSS Chitor', '9th B', NULL, 2021, 1),
(2109214, 'Shah Fahad', 'Rahimullah', '0348-5319968', 'GHSS Chitor', '9th B', NULL, 2021, 1),
(2109215, 'Sultan Zarin', 'Gul Zarin', '0348-1959293', 'GHSS Chitor', '9th B', NULL, 2021, 1),
(2109216, 'Sajawat Khan', 'Muhammad Zada', '0348-3064423', 'GHSS Chitor', '9th B', NULL, 2021, 1),
(2109217, 'Abdur Rahman', 'Shah Wazir Khan', '0340-9735645', 'GHSS Chitor', '9th B', NULL, 2021, 1),
(2109218, 'Abdullah', 'Ayub Khan', '0340-9552216', 'GHSS Chitor', '9th B', NULL, 2021, 1),
(2109219, 'Ihtisham ul Haq', 'Wali Rahman', '0348-7427862', 'GHSS Chitor', '9th B', NULL, 2021, 1),
(2109220, 'Muhammad Mustafa', 'Rahim Dad', '0347-6254928', 'GHSS Chitor', '9th B', NULL, 2021, 1),
(2109221, 'Mohsin Haider', 'Rahman Haider', '0347-0192470', 'GHSS CHITOR', '9th B', NULL, 2021, 1),
(2109222, 'Husan Wahab', 'Fazal Hadi', '0342-0911700', 'GHSS Chitor', '9th B', NULL, 2021, 1),
(2109223, 'Najeeb Ullah', 'Raza Khan', '0340-6795749', 'GHSS Chitor', '9th B', NULL, 2021, 1),
(2109224, 'Riaz Ahmad', 'Bakht Sharif', '0348-9034861', 'GHSS Chitor', '9th B', NULL, 2021, 1),
(2109225, 'Sanaullah', 'Amir Nowshad', '0348-0514052', 'GHSS Chitor', '9th B', NULL, 2021, 1),
(2109226, 'Muhammad Mubeen', 'Fida Ali Khan', '0348-9121170', 'GHSS Chitor', '9th B', NULL, 2021, 1),
(2109227, 'Sadiq Zada', 'Nawab Zada', '0344-8053315', 'GHSS Chitor', '9th B', NULL, 2021, 1),
(2109228, 'Fazal Khan', 'Payo Khan', '0345-0598271', 'GHSS Chitor', '9th B', NULL, 2021, 1),
(2109229, 'Muhammad Faizan', 'Aftab Hussain', '0346-8004818', 'GHSS Chitor', '9th B', NULL, 2021, 1),
(2109230, 'Shafiq Khan', 'Ziarat Gul', '0347-5663938', 'GHSS Chitor', '9th B', NULL, 2021, 1),
(2109231, 'Hamidur Rahman', 'Taj Amin Khan', '0344-2543224', 'GHSS Chitor', '9th B', NULL, 2021, 1),
(2109232, 'Usman Ali', 'Khan Badshah', '0340-5853992', 'GHSS Chitor', '9th B', NULL, 2021, 1),
(2109233, 'Anwar Khan', 'Gul Khan', '0344-8187217', 'GHSS Chitor', '9th B', NULL, 2021, 1),
(2109234, 'Farooq Hassan', 'Zafar Ali', '0340-9012306', 'GHSS Chitor', '9th B', NULL, 2021, 1),
(2109235, 'Ziaullah Khan', 'Raid Ali KHan', '0342-3068243', 'GHSS Chitor', '9th B', NULL, 2021, 1),
(2109236, 'Imran Khan', 'Amir Afzal', '03', 'GHSS Chitor', '9th B', NULL, 2021, 1),
(2109237, 'Amir Alam Khan', 'Alam Sher', '0344-3560199', 'GHSS Chitor', '9th B', NULL, 2021, 1),
(2109238, 'Abdullah', 'Habib Gul', '0340-6506653', 'GHSS Chitor', '9th B', NULL, 2021, 1),
(2109239, 'Faisal Khan', 'Muhammad Khan', '0345-0947463', 'GHSS Chitor', '9th B', NULL, 2021, 1),
(2109240, 'Misal Khan', 'Sherin Zada', '0344-2884707', 'GHSS Chitor', '9th B', NULL, 2021, 1),
(2109241, 'Najeeb Ullah', 'Qasim Jan', '0344-3284908', 'GHSS Chitor', '9th B', NULL, 2021, 1),
(2109242, 'Abu Bakar Sadiq', 'Sher Baz Khan', '0347-9437868', 'GHSS Chitor', '9th B', NULL, 2021, 1),
(2109243, 'Afzal Inam', 'Bakht Afsar', '0344-2648087', 'GHSS Chitor', '9th B', NULL, 2021, 1),
(2109244, 'Inam Ullah', 'Bakht Zada', '0344-9606272', 'GHSS Chitor', '9th B', NULL, 2021, 1),
(2109245, 'Inamullah', 'Sher Muhammad', '0345-9515023', 'GHSS Chitor', '9th B', NULL, 2021, 1),
(2109246, 'Abdullah', 'Qayoom Khan', '03', 'GHSS Chitor', '9th B', NULL, 2021, 1),
(2109247, 'Yar Hussain', 'Sher Zada', '0341-3787629', 'GHSS Chitor', '9th B', NULL, 2021, 1),
(2109248, 'Abu Bakar Sadiq', 'Alam Gul', '0341-3787629', 'GHSS Chitor', '9th B', NULL, 2021, 1),
(2109249, 'Umar Hayat', 'Umar Wahid', '0341-8943348', 'GHSS Chitor', '9th B', NULL, 2021, 1),
(2109250, 'Ikramullah', 'Aqal Zada', '0345-4369153', 'GHSS Chitor', '9th B', NULL, 2021, 1),
(2109251, 'Ubaid Ullah', 'Hakim Khan', '0340-9486231', 'GHSS Chitor', '9th B', NULL, 2021, 1),
(2109252, 'Muhammad Sohail', 'Khurshid', '0321-9065266', 'GHSS Chitor', '9th B', NULL, 2021, 1),
(2109253, 'Gawhar Khan', 'Abdur Rauf', '0340-9486315', 'GHSS Chitor', '9th B', NULL, 2021, 1),
(2109254, 'Muhammad Noman', 'Bakht Amin', '0342-9835740', 'GHSS Chitor', '9th B', NULL, 2021, 1),
(2109255, 'Muhammad Adnan', 'Yousaf Khan', '0343-4854872', 'GHSS Chitor', '9th B', NULL, 2021, 1),
(2109256, 'Muhammad Muzamil ', 'Shamsher Ali', '0334-8993405', 'GHSS Chitor', '9th B', NULL, 2021, 1),
(2109257, 'Aleem ullah', 'Ismail', '0344-3777293', 'GHSS Chitor', '9th B', NULL, 2021, 1),
(2109258, 'Zeeshan Ali', 'Akhtar Ali', '0344-9665765', 'GHSS Chitor', '9th B', NULL, 2021, 1),
(2109259, 'Umar Rahim', 'Gul Rahsd', '0393522398', 'GHSS Chitor', '9th B', NULL, 2021, 1),
(2109260, 'Yasir Ullah', 'Mani Rahim', '0344-9823860', 'GHSS Chitor', '9th B', NULL, 2021, 1),
(2109261, 'Razaullah', 'Hazrat Sher', '0302-2486736', 'GHSS Chitor', '9th B', NULL, 2021, 1),
(2109262, 'Hamid Ullah', 'Umar Zeb', '0346-6490612', 'GHSS Chitor', '9th B', NULL, 2021, 1),
(2109263, 'Muhammad Waqas', 'Dawood Khan', '0345-0817371', 'GHSS Chitor', '9th B', NULL, 2021, 1),
(2109264, 'Nisar ALi', 'Alam Khan', '0348-9120977', 'GHSS Chitor', '9th B', NULL, 2021, 1),
(2109265, 'Akbar Ali', 'Anwar Ali', '0345-9191811', 'GHSS Chitor', '9th B', NULL, 2021, 1),
(2109266, 'Sar Said', 'Farooq', '0349-3522390', 'GHSS Chitor', '9th B', NULL, 2021, 1),
(2109267, 'Qasim Ullah', 'Samiullah', '0340-8866002', 'GHSS Chitor', '9th B', NULL, 2021, 1),
(2109268, 'Muhammad MObeen', 'Nadar Khan', '0340-9885009', 'GHSS Chitor', '9th B', NULL, 2021, 1),
(2109269, 'Hazrat Ullah', 'Akhtar Ali', '0345-9514905', 'GHSS Chitor', '9th B', NULL, 2021, 1),
(2109270, 'Anwar Ali', 'Qadar Gul', '0345-3209305', 'GHSS Chitor', '9th B', NULL, 2021, 1),
(2109271, 'Jehan Zeb Khan', 'Bahroz Khan', '0348-4645377', 'GHSS Chitor', '9th B', NULL, 2021, 1),
(2109272, 'AmIn Ullah', 'Said JaliAl', '0340-2670265', 'GHSS Chitor', '9th B', NULL, 2021, 1),
(2109273, 'Bakht AmIn', 'Ali Haidar', '0341-4245441', 'GHSS Chitor', '9th B', NULL, 2021, 1),
(2110101, 'Waseem Khan', 'Wahid Zaman', '0345-6094107', 'GHSS Chitor', '10th A', NULL, 2021, 1),
(2110102, 'Habib Ullah', ' Azim Khan\r\n', '0348-9409419', 'GHSS Chitor', '10th A', NULL, 2021, 1),
(2110103, 'Abid Ali', ' Ali Khan', '0342-9664718', 'GHSS Chitor', '10th A', NULL, 2021, 1),
(2110104, 'Muhammad Khan', 'Sher Muhammad Khan', '0345-9378028', 'GHSS Chitor', '10th A', NULL, 2021, 1),
(2110105, 'Ahmad Khan', 'Muhammad Rashad', '0342-9607049', 'GHSS Chitor', '10th A', NULL, 2021, 1),
(2110106, 'Ihsan Ullah', ' Umar Zaman', '0340-3299249', 'GHSS Chitor', '10th A', NULL, 2021, 1),
(2110107, 'Qaisar Khan', 'Amir Hamza', '0347-1739026', 'GHSS Chitor', '10th A', NULL, 2021, 1),
(2110108, 'Shoaib Khan', 'Gul Khan', '0342-0981443', 'GHSS Chitor', '10th A', NULL, 2021, 1),
(2110109, 'Ihsan Ullah', ' Khan Gul', '0343-0279785', 'GHSS Chitor', '10th A', NULL, 2021, 1),
(2110110, 'Hassan Khan', ' Asaf Khan \r\n', '0343-4025849', 'GHSS Chitor', '10th A', NULL, 2021, 1),
(2110111, 'Rahim Khan', ' Amir Dost Khan\r\n', '0313-0972390', 'GHSS Chitor', '10th A', NULL, 2021, 1),
(2110112, 'Ihsan Ali Khan', ' Amir Nawab', '0347-9124388', 'GHSS Chitor', '10th A', NULL, 2021, 1),
(2110113, 'Shehzad Khan', ' Said Rahim\r\n', '0340-5908866', 'GHSS Chitor', '10th A', NULL, 2021, 1),
(2110114, 'Ijaz Ahmad', ' Farid Khan\r\n', '0346-9550826', 'GHSS Chitor', '10th A', NULL, 2021, 1),
(2110115, 'Rahim Ullah', ' Taj Muhammad Khan\r\n', '0342-1188794', 'GHSS Chitor', '10th A', NULL, 2021, 1),
(2110116, 'Muhammad Ilyas', ' Rahmat Ali\r\n', '0341-2054439', 'GHSS Chitor', '10th A', NULL, 2021, 1),
(2110117, 'Latif Shah ', ' Imtiaz Khan\r\n', '0348-7435422', 'GHSS Chitor', '10th A', NULL, 2021, 1),
(2110118, 'Muhammad Zeb', ' Sherin Zada\r\n', '0343-9306915', 'GHSS Chitor', '10th A', NULL, 2021, 1),
(2110119, 'Muhammad Waqas', ' Aslam Khan\r\n', '0341-9090491', 'GHSS Chitor', '10th A', NULL, 2021, 1),
(2110120, 'Muhammad Hussain', ' Fazal Qayum\r\n', '0347-2615746', 'GHSS Chitor', '10th A', NULL, 2021, 1),
(2110121, 'Ikram Ullah', ' Zafar Ali\r\n', '0342-9648968', 'GHSS Chitor', '10th A', NULL, 2021, 1),
(2110122, 'Ihsan Ullah', ' Bahram Khan', '0349-7304235', 'GHSS Chitor', '10th A', NULL, 2021, 1),
(2110123, 'Attaullah Shah', ' Jamil Muhammad Khan\r\n', '0348-5353293', 'GHSS Chitor', '10th A', NULL, 2021, 1),
(2110124, 'Abdullah', ' Sherzada\r\n', '0348-9360766', 'GHSS Chitor', '10th A', NULL, 2021, 1),
(2110125, 'Rahid Khan', ' Bakht Farid Khan', '0344-5187324', 'GHSS Chitor', '10th A', NULL, 2021, 1),
(2110126, 'Muhammad Idress', ' Abdur Rahman\r\n', '0347-6731604', 'GHSS Chitor', '10th A', NULL, 2021, 1),
(2110127, 'Kashif Ahmad', ' Fazal Maula\r\n', '0346-5435796', 'GHSS Chitor', '10th A', NULL, 2021, 1),
(2110128, 'Muhammad Anees', 'Muhammad Younas', '0344-9662527', 'GHSS Chitor', '10th A', NULL, 2021, 1),
(2110129, 'Muhammad Rawan', 'Aqal Mand', '0341-1462194', 'GHSS Chitor', '10th A', NULL, 2021, 1),
(2110130, 'Nisar Ali', ' Asil Zada\r\n', '0344-9609337', 'GHSS Chitor', '10th A', NULL, 2021, 1),
(2110131, 'Abu Bakar', ' Amir Rahman\r\n', '0312-9284566', 'GHSS Chitor', '10th A', NULL, 2021, 1),
(2110132, 'Asad Ali', ' Mian Said Ghani\r\n', '0343-9069479', 'GHSS Chitor', '10th A', NULL, 2021, 1),
(2110133, 'Ainan Hussain', ' Muhammad Ali Shah\r\n', '0340-9477954', 'GHSS Chitor', '10th A', NULL, 2021, 1),
(2110134, 'Syed Mansoor Shah', ' Sayed Wali Shah\r\n', '0341-5357914', 'GHSS Chitor', '10th A', NULL, 2021, 1),
(2110135, 'Zahir Khan', ' Ayub Khan\r\n', '0342-9605966', 'GHSS Chitor', '10th A', NULL, 2021, 1),
(2110136, 'Seyab Hussain', ' Jehangir Mian\r\n', '0345-983645', 'GHSS Chitor', '10th A', NULL, 2021, 1),
(2110137, 'Hamza Bacha', ' Fazal Badshah\r\n', '0344-8961663', 'GHSS Chitor', '10th A', NULL, 2021, 1),
(2110138, 'Hamza Khan', ' Bahadar Khan', '0346-8866073', 'GHSS Chitor', '10th A', NULL, 2021, 1),
(2110139, 'Azmat Ali', ' Sher Rahman\r\n', '0346-7428814', 'GHSS Chitor', '10th A', NULL, 2021, 1),
(2110140, 'Tahir Zada', ' Mohin zada\r\n', '0340-9890773', 'GHSS Chitor', '10th A', NULL, 2021, 1),
(2110141, 'Ubaid Ullah', ' Bakhti gul\r\n', '0342-5398811', 'GHSS Chitor', '10th A', NULL, 2021, 1),
(2110142, 'Dawood Khan', ' Shahi Rahman\r\n', '0348-9612340', 'GHSS Chitor', '10th A', NULL, 2021, 1),
(2110143, 'Muhib Ul Haq', ' Aziz Ul Haq', '0346-1952693', 'GHSS Chitor', '10th A', NULL, 2021, 1),
(2110144, 'Fazal Mahboob', ' Fazal Rahman', '0341-8040588', 'GHSS Chitor', '10th A', NULL, 2021, 1),
(2110145, 'Muhammad Usama', ' Shah Faisal\r\n', '0349-9458798', 'GHSS Chitor', '10th A', NULL, 2021, 1),
(2110201, 'Muslim Khan', 'Sher Zaman', '03', 'GHSS Chitor', '10th B', NULL, 2021, 1),
(2110202, 'Sabair Shah', 'Momin', '03', 'GHSS Chitor', '10th B', NULL, 2021, 1),
(2110203, 'Ikram Khan', 'Fazal Raziq', '03', 'GHSS Chitor', '10th B', NULL, 2021, 1),
(2110204, 'Ihsan Ullah', 'Gul Ali', '03', 'GHSS Chitor', '10th B', NULL, 2021, 1),
(2110205, 'Muhammad Kaleem', 'Muhammad Salim', '03', 'GHSS Chitor', '10th B', NULL, 2021, 1),
(2110206, 'Sheraz Khan', 'Mishal Khan', '03', 'GHSS Chitor', '10th B', NULL, 2021, 1),
(2110207, 'Afsar Ali', 'Akbar Khan', '03', 'GHSS Chitor', '10th B', NULL, 2021, 1),
(2110208, 'Saeed Ullah', 'Raham dad Khan', '03', 'GHSS Chitor', '10th B', NULL, 2021, 1),
(2110209, 'Muhammad Salim', 'Muhammad Karim', '03', 'GHSS Chitor', '10th B', NULL, 2021, 1),
(2110210, 'Inamullah', 'Muhammad Ali Shah', '03', 'GHSS Chitor', '10th B', NULL, 2021, 1),
(2110211, 'Umar Rahman', 'Fazal Rahman', '03', 'GHSS Chitor', '10th B', NULL, 2021, 1),
(2110212, 'Niaz Alam', 'Muhammad Iqbal', '03', 'GHSS Chitor', '10th B', NULL, 2021, 1),
(2110213, 'Rahim Ullah', 'Umar Qayum', '03', 'GHSS Chitor', '10th B', NULL, 2021, 1),
(2110214, 'Abu Bakar Khan', 'Wazir Zada', '03', 'GHSS Chitor', '10th B', NULL, 2021, 1),
(2110215, 'Muhammad Yaseen', 'Amir Khan', '03', 'GHSS Chitor', '10th B', NULL, 2021, 1),
(2110216, 'Salman Khan', 'Shahzad', '03', 'GHSS Chitor', '10th B', NULL, 2021, 1),
(2110217, 'Muhammad Abbas', 'Fazal Rabi', '03', 'GHSS Chitor', '10th B', NULL, 2021, 1),
(2110218, 'Muhammad Sadiq', 'Khan Zada', '03', 'GHSS Chitor', '10th B', NULL, 2021, 1),
(2110219, 'Muhammad Ismail', 'Anwar Zaman', '03', 'GHSS Chitor', '10th B', NULL, 2021, 1),
(2110220, 'Salman Ali', 'Afzal Khan', '03', 'GHSS Chitor', '10th B', NULL, 2021, 1),
(2110221, 'Muhammad Abu Bakar', 'Fazal Rahman', '03', 'GHSS Chitor', '10th B', NULL, 2021, 1),
(2110222, 'Syed Mian Bacha', 'Mian Karim Dad', '03', 'GHSS Chitor', '10th B', NULL, 2021, 1),
(2110223, 'Najeeb Ullah', 'Muhammad Zada', '03', 'GHSS Chitor', '10th B', NULL, 2021, 1),
(2110224, 'Abdullah', 'Naimat Gul', '03', 'GHSS Chitor', '10th B', NULL, 2021, 1),
(2110225, 'Luqman Khan', 'Taj Muhammad Khan', '03', 'GHSS Chitor', '10th B', NULL, 2021, 1),
(2110226, 'Ubaid Ullah', 'Umar Rahman', '03', 'GHSS Chitor', '10th B', NULL, 2021, 1),
(2110227, 'Ihsan Ullah', 'Akbar Khan', '03', 'GHSS Chitor', '10th B', NULL, 2021, 1),
(2110228, 'Mudasir Khan', 'Bahadar Sher Khan', '03', 'GHSS Chitor', '10th B', NULL, 2021, 1),
(2110229, 'Haseen Zada', 'Khan Zada', '03', 'GHSS Chitor', '10th B', NULL, 2021, 1),
(2110230, 'Usman Ali', 'Itbar Khan', '03', 'GHSS Chitor', '10th B', NULL, 2021, 1),
(2110231, 'Rohil Amin', 'Muhammad Akbar', '03', 'GHSS Chitor', '10th B', NULL, 2021, 1),
(2110232, 'Maaz Ahmad', 'Jehan Mulk', '03', 'GHSS Chitor', '10th B', NULL, 2021, 1),
(2110233, 'Tahir Khan', 'Javid', '03', 'GHSS Chitor', '10th B', NULL, 2021, 1),
(2110234, 'Mohsin Badsha', 'Muhammad Rahman', '03', 'GHSS Chitor', '10th B', NULL, 2021, 1),
(2110235, 'Syed Noor Ahmad Shah', 'Syed Wali Shah', '03', 'GHSS Chitor', '10th B', NULL, 2021, 1),
(2110236, 'Muhammad Anees Khan', 'Aqal Zeb', '03', 'GHSS Chitor', '10th B', NULL, 2021, 1),
(2110237, 'Hamza Khan', 'Palash Khan', '03', 'GHSS Chitor', '10th B', NULL, 2021, 1),
(2110238, 'Muhammad Ishaq Bacha', 'Sabj Ali Khan', '03', 'GHSS Chitor', '10th B', NULL, 2021, 1),
(2110239, 'Razaq Haider', 'Amir Haider', '03', 'GHSS Chitor', '10th B', NULL, 2021, 1),
(2110240, 'Yasir Ullah', 'Sultan', '03', 'GHSS Chitor', '10th B', NULL, 2021, 1),
(2110241, 'Wali Khan', 'Khan', '03', 'GHSS Chitor', '10th B', NULL, 2021, 1),
(2110242, 'Niaz Muhammad', 'Yousaf Khan', '03', 'GHSS Chitor', '10th B', NULL, 2021, 1),
(2110243, 'Azizullah', 'Wazir', '03', 'GHSS Chitor', '10th B', NULL, 2021, 1),
(2110244, 'Abdullah', 'Fazal Akbar', '03', 'GHSS Chitor', '10th B', NULL, 2021, 1),
(2110245, 'Roman Ali', 'Muhammad Bacha', '03', 'GHSS Chitor', '10th B', NULL, 2021, 1),
(2110246, 'Aqal Khan', 'Afzal Khan', '03', 'GHSS Chitor', '10th B', NULL, 2021, 1),
(2110247, 'Muhammad Abrar', 'Muzafar Khan', '03', 'GHSS Chitor', '10th B', NULL, 2021, 1),
(2110248, 'Kamil Khan', 'Alam Khan', '03', 'GHSS Chitor', '10th B', NULL, 2021, 1),
(2110249, 'Azaz Hussain', 'Bakht Hussain', '03', 'GHSS Chitor', '10th B', NULL, 2021, 1),
(2110250, 'Asad Ullah', 'Sherin Buhar', '03', 'GHSS Chitor', '10th B', NULL, 2021, 1),
(2110251, 'Razi Khan', 'Dost Muhammad Khan', '03', 'GHSS Chitor', '10th B', NULL, 2021, 1),
(2110252, 'Sajjad Ali', 'Amin Khan', '03', 'GHSS Chitor', '10th B', NULL, 2021, 1);

-- --------------------------------------------------------

--
-- Table structure for table `subjects`
--

DROP TABLE IF EXISTS `subjects`;
CREATE TABLE IF NOT EXISTS `subjects` (
  `subject_id` int(11) NOT NULL AUTO_INCREMENT,
  `subject_name` varchar(30) NOT NULL,
  `subject_status` tinyint(4) NOT NULL,
  PRIMARY KEY (`subject_id`)
) ENGINE=MyISAM AUTO_INCREMENT=16 DEFAULT CHARSET=latin1;

--
-- Dumping data for table `subjects`
--

INSERT INTO `subjects` (`subject_id`, `subject_name`, `subject_status`) VALUES
(1, 'English', 1),
(2, 'Urdu', 1),
(3, 'Maths', 1),
(4, 'Computer Science', 1),
(5, 'Islamyat', 1),
(8, 'Science', 1),
(6, 'History / Geography', 1),
(9, 'Qirat', 1),
(10, 'Arabi', 1),
(11, 'Drawing', 1),
(7, 'HPE', 1),
(13, 'Pashto', 0),
(14, 'Nazira', 1),
(12, 'Mutalia Quran', 1);

--
-- Constraints for dumped tables
--

--
-- Constraints for table `marks`
--
ALTER TABLE `marks`
  ADD CONSTRAINT `forkey` FOREIGN KEY (`Roll_No`) REFERENCES `students_info` (`Roll_No`);
COMMIT;

/*!40101 SET CHARACTER_SET_CLIENT=@OLD_CHARACTER_SET_CLIENT */;
/*!40101 SET CHARACTER_SET_RESULTS=@OLD_CHARACTER_SET_RESULTS */;
/*!40101 SET COLLATION_CONNECTION=@OLD_COLLATION_CONNECTION */;
